T,v,vw,a,o,c,h,l,t,n,m,x,g,op,z,av,s,e,otc
,2,2942.06,0,2942.05,2942.07,2942.07,2942.05,1740096000000,2,,0,,0,0,0,0,0,false
,3,2941.6333,0,2941.6,2941.88,2941.88,2941.42,1740096060000,3,,0,,0,0,0,0,0,false
,2,2941.345,0,2941.42,2941.27,2941.42,2941.27,1740096120000,2,,0,,0,0,0,0,0,false
,3,2941.2333,0,2941.88,2940.86,2941.88,2940.86,1740096180000,3,,0,,0,0,0,0,0,false
,3,2940.9567,0,2940.96,2940.86,2941.05,2940.86,1740096240000,3,,0,,0,0,0,0,0,false
,2,2940.99,0,2940.92,2941.06,2941.06,2940.92,1740096300000,2,,0,,0,0,0,0,0,false
,3,2941.3133,0,2941.11,2941.91,2941.91,2940.92,1740096360000,3,,0,,0,0,0,0,0,false
,2,2942.01,0,2941.94,2942.08,2942.08,2941.94,1740096420000,2,,0,,0,0,0,0,0,false
,3,2941.9667,0,2941.12,2942.34,2942.44,2941.12,1740096480000,3,,0,,0,0,0,0,0,false
,3,2942.1933,0,2942.07,2942.6,2942.6,2941.91,1740096540000,3,,0,,0,0,0,0,0,false
,2,2941.935,0,2941.89,2941.98,2941.98,2941.89,1740096600000,2,,0,,0,0,0,0,0,false
,3,2941.6533,0,2941.47,2941.6,2941.89,2941.47,1740096660000,3,,0,,0,0,0,0,0,false
,2,2941.715,0,2941.69,2941.74,2941.74,2941.69,1740096720000,2,,0,,0,0,0,0,0,false
,3,2941.5633,0,2941.6,2941.55,2941.6,2941.54,1740096780000,3,,0,,0,0,0,0,0,false
,3,2941.7867,0,2941.84,2941.55,2941.97,2941.55,1740096840000,3,,0,,0,0,0,0,0,false
,2,2941.6,0,2941.75,2941.45,2941.75,2941.45,1740096900000,2,,0,,0,0,0,0,0,false
,3,2941.47,0,2941.25,2941.41,2941.75,2941.25,1740096960000,3,,0,,0,0,0,0,0,false
,2,2941.365,0,2941.44,2941.29,2941.44,2941.29,1740097020000,2,,0,,0,0,0,0,0,false
,3,2941.2133,0,2941.41,2941.13,2941.41,2941.1,1740097080000,3,,0,,0,0,0,0,0,false
,3,2941.1867,0,2941.12,2941.13,2941.31,2941.12,1740097140000,3,,0,,0,0,0,0,0,false
,2,2941.45,0,2941.46,2941.44,2941.46,2941.44,1740097200000,2,,0,,0,0,0,0,0,false
,3,2941.29,0,2941.31,2941.1,2941.46,2941.1,1740097260000,3,,0,,0,0,0,0,0,false
,2,2940.935,0,2940.99,2940.88,2940.99,2940.88,1740097320000,2,,0,,0,0,0,0,0,false
,3,2940.4,0,2941.1,2939.8,2941.1,2939.8,1740097380000,3,,0,,0,0,0,0,0,false
,4,2939.82,0,2940.07,2940.23,2940.23,2938.9,1740097440000,4,,0,,0,0,0,0,0,false
,2,2939.66,0,2939.86,2939.46,2939.86,2939.46,1740097500000,2,,0,,0,0,0,0,0,false
,3,2939.0633,0,2938.86,2938.47,2939.86,2938.47,1740097560000,3,,0,,0,0,0,0,0,false
,2,2938.22,0,2938.35,2938.09,2938.35,2938.09,1740097620000,2,,0,,0,0,0,0,0,false
,3,2937.4533,0,2937,2937.01,2938.35,2937,1740097680000,3,,0,,0,0,0,0,0,false
,3,2937.7267,0,2937.58,2937.26,2938.34,2937.26,1740097740000,3,,0,,0,0,0,0,0,false
,2,2938.065,0,2937.98,2938.15,2938.15,2937.98,1740097800000,2,,0,,0,0,0,0,0,false
,3,2938.7567,0,2939.3,2938.99,2939.3,2937.98,1740097860000,3,,0,,0,0,0,0,0,false
,2,2939.435,0,2939.35,2939.52,2939.52,2939.35,1740097920000,2,,0,,0,0,0,0,0,false
,4,2939.1575,0,2939.45,2939.55,2939.55,2938.2,1740097980000,4,,0,,0,0,0,0,0,false
,3,2939.18,0,2939.02,2939.55,2939.55,2938.97,1740098040000,3,,0,,0,0,0,0,0,false
,2,2938.58,0,2938.63,2938.53,2938.63,2938.53,1740098100000,2,,0,,0,0,0,0,0,false
,3,2938.49,0,2938.28,2938.56,2938.63,2938.28,1740098160000,3,,0,,0,0,0,0,0,false
,2,2938.565,0,2938.62,2938.51,2938.62,2938.51,1740098220000,2,,0,,0,0,0,0,0,false
,3,2938.34,0,2938.18,2938.22,2938.62,2938.18,1740098280000,3,,0,,0,0,0,0,0,false
,3,2938.69,0,2938.36,2938.22,2939.49,2938.22,1740098340000,3,,0,,0,0,0,0,0,false
,2,2939.295,0,2939.56,2939.03,2939.56,2939.03,1740098400000,2,,0,,0,0,0,0,0,false
,3,2939.0233,0,2939.04,2939.33,2939.33,2938.7,1740098460000,3,,0,,0,0,0,0,0,false
,2,2939.075,0,2939.01,2939.14,2939.14,2939.01,1740098520000,2,,0,,0,0,0,0,0,false
,3,2939.0667,0,2938.95,2939.24,2939.24,2938.95,1740098580000,3,,0,,0,0,0,0,0,false
,3,2939.33,0,2939.3,2939.24,2939.45,2939.24,1740098640000,3,,0,,0,0,0,0,0,false
,2,2939.38,0,2939.25,2939.51,2939.51,2939.25,1740098700000,2,,0,,0,0,0,0,0,false
,3,2939.43,0,2939.79,2939.25,2939.79,2939.25,1740098760000,3,,0,,0,0,0,0,0,false
,2,2939.345,0,2939.3,2939.39,2939.39,2939.3,1740098820000,2,,0,,0,0,0,0,0,false
,3,2939.4067,0,2939.39,2939.53,2939.53,2939.3,1740098880000,3,,0,,0,0,0,0,0,false
,3,2939.6233,0,2939.62,2939.53,2939.72,2939.53,1740098940000,3,,0,,0,0,0,0,0,false
,2,2939.755,0,2939.83,2939.68,2939.83,2939.68,1740099000000,2,,0,,0,0,0,0,0,false
,3,2939.91,0,2940.03,2939.87,2940.03,2939.83,1740099060000,3,,0,,0,0,0,0,0,false
,2,2939.51,0,2939.66,2939.36,2939.66,2939.36,1740099120000,2,,0,,0,0,0,0,0,false
,4,2939.365,0,2938.3,2939.89,2939.89,2938.3,1740099180000,4,,0,,0,0,0,0,0,false
,3,2939.7233,0,2939.68,2939.89,2939.89,2939.6,1740099240000,3,,0,,0,0,0,0,0,false
,2,2939.37,0,2939.4,2939.34,2939.4,2939.34,1740099300000,2,,0,,0,0,0,0,0,false
,3,2939.5633,0,2939.63,2939.66,2939.66,2939.4,1740099360000,3,,0,,0,0,0,0,0,false
,2,2939.98,0,2939.94,2940.02,2940.02,2939.94,1740099420000,2,,0,,0,0,0,0,0,false
,3,2939.8,0,2939.72,2939.74,2939.94,2939.72,1740099480000,3,,0,,0,0,0,0,0,false
,3,2939.8633,0,2940.09,2939.74,2940.09,2939.74,1740099540000,3,,0,,0,0,0,0,0,false
,2,2941.665,0,2941.47,2941.86,2941.86,2941.47,1740099600000,2,,0,,0,0,0,0,0,false
,3,2941.2833,0,2941.69,2942.1,2942.1,2940.06,1740099660000,3,,0,,0,0,0,0,0,false
,2,2942.555,0,2943.02,2942.09,2943.02,2942.09,1740099720000,2,,0,,0,0,0,0,0,false
,3,2941.9633,0,2942.13,2943.35,2943.35,2940.41,1740099780000,3,,0,,0,0,0,0,0,false
,3,2943.34,0,2944,2942.17,2944,2942.17,1740099840000,3,,0,,0,0,0,0,0,false
,2,2943.575,0,2943.2,2943.95,2943.95,2943.2,1740099900000,2,,0,,0,0,0,0,0,false
,3,2944.02,0,2943.85,2945.01,2945.01,2943.2,1740099960000,3,,0,,0,0,0,0,0,false
,2,2944.415,0,2944.26,2944.57,2944.57,2944.26,1740100020000,2,,0,,0,0,0,0,0,false
,3,2944.4267,0,2944.66,2944.36,2944.66,2944.26,1740100080000,3,,0,,0,0,0,0,0,false
,3,2945.1833,0,2945.45,2944.36,2945.74,2944.36,1740100140000,3,,0,,0,0,0,0,0,false
,2,2945.615,0,2945.63,2945.6,2945.63,2945.6,1740100200000,2,,0,,0,0,0,0,0,false
,3,2945.3,0,2945.99,2945.6,2945.99,2944.31,1740100260000,3,,0,,0,0,0,0,0,false
,2,2945.73,0,2945.65,2945.81,2945.81,2945.65,1740100320000,2,,0,,0,0,0,0,0,false
,3,2945.99,0,2946.23,2946.09,2946.23,2945.65,1740100380000,3,,0,,0,0,0,0,0,false
,2,2945.815,0,2945.6,2946.03,2946.03,2945.6,1740100440000,2,,0,,0,0,0,0,0,false
,3,2946.0833,0,2946.09,2945.94,2946.22,2945.94,1740100500000,3,,0,,0,0,0,0,0,false
,3,2946.3167,0,2946.19,2946.54,2946.54,2946.19,1740100560000,3,,0,,0,0,0,0,0,false
,2,2947.03,0,2946.71,2947.35,2947.35,2946.71,1740100620000,2,,0,,0,0,0,0,0,false
,3,2947.2833,0,2947.42,2948.21,2948.21,2946.22,1740100680000,3,,0,,0,0,0,0,0,false
,2,2948.56,0,2948.55,2948.57,2948.57,2948.55,1740100740000,2,,0,,0,0,0,0,0,false
,3,2948.54,0,2947.68,2949,2949,2947.68,1740100800000,3,,0,,0,0,0,0,0,false
,3,2947.9033,0,2947.98,2948.42,2948.42,2947.31,1740100860000,3,,0,,0,0,0,0,0,false
,2,2947.83,0,2947.79,2947.87,2947.87,2947.79,1740100920000,2,,0,,0,0,0,0,0,false
,2,2947.985,0,2948.2,2947.77,2948.2,2947.77,1740100980000,2,,0,,0,0,0,0,0,false
,2,2947.385,0,2947.43,2947.34,2947.43,2947.34,1740101040000,2,,0,,0,0,0,0,0,false
,3,2947.3967,0,2948.19,2946.42,2948.19,2946.42,1740101100000,3,,0,,0,0,0,0,0,false
,3,2946.5233,0,2946.04,2947.58,2947.58,2945.95,1740101160000,3,,0,,0,0,0,0,0,false
,2,2945.585,0,2945.57,2945.6,2945.6,2945.57,1740101220000,2,,0,,0,0,0,0,0,false
,3,2945.3233,0,2944.97,2945.43,2945.57,2944.97,1740101280000,3,,0,,0,0,0,0,0,false
,3,2944.7367,0,2943.8,2945.32,2945.32,2943.8,1740101340000,3,,0,,0,0,0,0,0,false
,3,2945.3467,0,2945.43,2945.25,2945.43,2945.25,1740101400000,3,,0,,0,0,0,0,0,false
,3,2945.32,0,2945.25,2945.46,2945.46,2945.25,1740101460000,3,,0,,0,0,0,0,0,false
,2,2945.1,0,2945.08,2945.12,2945.12,2945.08,1740101520000,2,,0,,0,0,0,0,0,false
,4,2945.12,0,2945.7,2945.24,2945.7,2944.4,1740101580000,4,,0,,0,0,0,0,0,false
,2,2945.265,0,2945.15,2945.38,2945.38,2945.15,1740101640000,2,,0,,0,0,0,0,0,false
,3,2945.2533,0,2945.24,2945.33,2945.33,2945.19,1740101700000,3,,0,,0,0,0,0,0,false
,3,2944.8,0,2944.7,2945.33,2945.33,2944.37,1740101760000,3,,0,,0,0,0,0,0,false
,2,2944.545,0,2944.91,2944.18,2944.91,2944.18,1740101820000,2,,0,,0,0,0,0,0,false
,3,2944.3067,0,2944.08,2944.08,2944.76,2944.08,1740101880000,3,,0,,0,0,0,0,0,false
,2,2941.765,0,2942.23,2941.3,2942.23,2941.3,1740101940000,2,,0,,0,0,0,0,0,false
,3,2941.8567,0,2944.08,2939.46,2944.08,2939.46,1740102000000,3,,0,,0,0,0,0,0,false
,4,2940.21,0,2940.36,2942.02,2942.02,2939.1,1740102060000,4,,0,,0,0,0,0,0,false
,2,2939.8,0,2939.87,2939.73,2939.87,2939.73,1740102120000,2,,0,,0,0,0,0,0,false
,3,2937.9267,0,2937.34,2936.57,2939.87,2936.57,1740102180000,3,,0,,0,0,0,0,0,false
,2,2936.155,0,2935.97,2936.34,2936.34,2935.97,1740102240000,2,,0,,0,0,0,0,0,false
,2,2936.165,0,2936.21,2936.12,2936.21,2936.12,1740102300000,2,,0,,0,0,0,0,0,false
,3,2935.17,0,2934.88,2936.12,2936.12,2934.51,1740102360000,3,,0,,0,0,0,0,0,false
,3,2932.55,0,2932.77,2933.08,2933.08,2931.8,1740102420000,3,,0,,0,0,0,0,0,false
,3,2932.2533,0,2932.44,2931.77,2932.55,2931.77,1740102480000,3,,0,,0,0,0,0,0,false
,2,2932.445,0,2932.7,2932.19,2932.7,2932.19,1740102540000,2,,0,,0,0,0,0,0,false
,3,2930.4533,0,2932.43,2929.09,2932.43,2929.09,1740102600000,3,,0,,0,0,0,0,0,false
,3,2928.9933,0,2928.39,2930.56,2930.56,2928.03,1740102660000,3,,0,,0,0,0,0,0,false
,2,2927.365,0,2927.01,2927.72,2927.72,2927.01,1740102720000,2,,0,,0,0,0,0,0,false
,3,2928.1567,0,2928.12,2929.26,2929.26,2927.09,1740102780000,3,,0,,0,0,0,0,0,false
,2,2930.72,0,2931.06,2930.38,2931.06,2930.38,1740102840000,2,,0,,0,0,0,0,0,false
,3,2930.06,0,2928.13,2930.5,2931.55,2928.13,1740102900000,3,,0,,0,0,0,0,0,false
,4,2930.215,0,2930.64,2930.5,2930.64,2929.3,1740102960000,4,,0,,0,0,0,0,0,false
,2,2929.61,0,2929.96,2929.26,2929.96,2929.26,1740103020000,2,,0,,0,0,0,0,0,false
,3,2928.2533,0,2927.31,2927.41,2930.04,2927.31,1740103080000,3,,0,,0,0,0,0,0,false
,2,2928.165,0,2927.76,2928.57,2928.57,2927.76,1740103140000,2,,0,,0,0,0,0,0,false
,3,2927.2433,0,2927.41,2927.01,2927.41,2927.01,1740103200000,3,,0,,0,0,0,0,0,false
,3,2927.2767,0,2927.15,2927.01,2927.67,2927.01,1740103260000,3,,0,,0,0,0,0,0,false
,2,2928.22,0,2927.48,2928.96,2928.96,2927.48,1740103320000,2,,0,,0,0,0,0,0,false
,3,2928.6167,0,2928.66,2929.95,2929.95,2927.24,1740103380000,3,,0,,0,0,0,0,0,false
,2,2930.355,0,2929.76,2930.95,2930.95,2929.76,1740103440000,2,,0,,0,0,0,0,0,false
,2,2931.3,0,2930.89,2931.71,2931.71,2930.89,1740103500000,2,,0,,0,0,0,0,0,false
,2,2933.995,0,2932.56,2935.43,2935.43,2932.56,1740103560000,2,,0,,0,0,0,0,0,false
,2,2936.205,0,2936.91,2935.5,2936.91,2935.5,1740103620000,2,,0,,0,0,0,0,0,false
,3,2935.1933,0,2936.28,2936.09,2936.28,2933.21,1740103680000,3,,0,,0,0,0,0,0,false
,2,2936.285,0,2936.18,2936.39,2936.39,2936.18,1740103740000,2,,0,,0,0,0,0,0,false
,3,2935.96,0,2936.09,2935.46,2936.33,2935.46,1740103800000,3,,0,,0,0,0,0,0,false
,3,2935.7267,0,2935.74,2936.32,2936.32,2935.12,1740103860000,3,,0,,0,0,0,0,0,false
,2,2936.07,0,2936.04,2936.1,2936.1,2936.04,1740103920000,2,,0,,0,0,0,0,0,false
,3,2936.61,0,2936.45,2937.57,2937.57,2935.81,1740103980000,3,,0,,0,0,0,0,0,false
,2,2938.21,0,2938.2,2938.22,2938.22,2938.2,1740104040000,2,,0,,0,0,0,0,0,false
,3,2937.4633,0,2936.46,2937.74,2938.19,2936.46,1740104100000,3,,0,,0,0,0,0,0,false
,3,2937.7667,0,2937.66,2937.42,2938.22,2937.42,1740104160000,3,,0,,0,0,0,0,0,false
,2,2938.96,0,2938.7,2939.22,2939.22,2938.7,1740104220000,2,,0,,0,0,0,0,0,false
,3,2938.7833,0,2939.12,2938.97,2939.12,2938.26,1740104280000,3,,0,,0,0,0,0,0,false
,2,2939.69,0,2939.59,2939.79,2939.79,2939.59,1740104340000,2,,0,,0,0,0,0,0,false
,3,2939.3333,0,2938.97,2939.28,2939.75,2938.97,1740104400000,3,,0,,0,0,0,0,0,false
,3,2939.2267,0,2939.24,2939.74,2939.74,2938.7,1740104460000,3,,0,,0,0,0,0,0,false
,2,2938.46,0,2938.46,2938.46,2938.46,2938.46,1740104520000,2,,0,,0,0,0,0,0,false
,3,2938.8667,0,2939.29,2938.85,2939.29,2938.46,1740104580000,3,,0,,0,0,0,0,0,false
,2,2939.18,0,2938.92,2939.44,2939.44,2938.92,1740104640000,2,,0,,0,0,0,0,0,false
,3,2939.1167,0,2938.85,2939.53,2939.53,2938.85,1740104700000,3,,0,,0,0,0,0,0,false
,3,2939.2533,0,2939.28,2939.42,2939.42,2939.06,1740104760000,3,,0,,0,0,0,0,0,false
,2,2939.285,0,2939.14,2939.43,2939.43,2939.14,1740104820000,2,,0,,0,0,0,0,0,false
,3,2939.37,0,2939.32,2939.65,2939.65,2939.14,1740104880000,3,,0,,0,0,0,0,0,false
,2,2938.59,0,2939.12,2938.06,2939.12,2938.06,1740104940000,2,,0,,0,0,0,0,0,false
,3,2938.52,0,2937.74,2938.49,2939.33,2937.74,1740105000000,3,,0,,0,0,0,0,0,false
,3,2938.7133,0,2938.34,2938.49,2939.31,2938.34,1740105060000,3,,0,,0,0,0,0,0,false
,2,2939.455,0,2939.43,2939.48,2939.48,2939.43,1740105120000,2,,0,,0,0,0,0,0,false
,3,2939.38,0,2939.76,2940.01,2940.01,2938.37,1740105180000,3,,0,,0,0,0,0,0,false
,2,2940.315,0,2940.27,2940.36,2940.36,2940.27,1740105240000,2,,0,,0,0,0,0,0,false
,2,2940.325,0,2940.62,2940.03,2940.62,2940.03,1740105300000,2,,0,,0,0,0,0,0,false
,3,2939.8267,0,2939.6,2940.48,2940.48,2939.4,1740105360000,3,,0,,0,0,0,0,0,false
,2,2939.72,0,2939.77,2939.67,2939.77,2939.67,1740105420000,2,,0,,0,0,0,0,0,false
,3,2939.73,0,2939.38,2940.04,2940.04,2939.38,1740105480000,3,,0,,0,0,0,0,0,false
,2,2939.755,0,2939.91,2939.6,2939.91,2939.6,1740105540000,2,,0,,0,0,0,0,0,false
,3,2939.87,0,2940.02,2940.16,2940.16,2939.43,1740105600000,3,,0,,0,0,0,0,0,false
,3,2939.9567,0,2939.86,2940.16,2940.16,2939.85,1740105660000,3,,0,,0,0,0,0,0,false
,2,2939.24,0,2939.08,2939.4,2939.4,2939.08,1740105720000,2,,0,,0,0,0,0,0,false
,3,2938.92,0,2938.74,2938.49,2939.53,2938.49,1740105780000,3,,0,,0,0,0,0,0,false
,2,2939.42,0,2939.5,2939.34,2939.5,2939.34,1740105840000,2,,0,,0,0,0,0,0,false
,3,2939.48,0,2939.72,2939.89,2939.89,2938.83,1740105900000,3,,0,,0,0,0,0,0,false
,3,2940.08,0,2940.27,2939.89,2940.27,2939.89,1740105960000,3,,0,,0,0,0,0,0,false
,2,2940.095,0,2939.99,2940.2,2940.2,2939.99,1740106020000,2,,0,,0,0,0,0,0,false
,3,2940.0967,0,2940.12,2940.18,2940.18,2939.99,1740106080000,3,,0,,0,0,0,0,0,false
,2,2940.08,0,2940.04,2940.12,2940.12,2940.04,1740106140000,2,,0,,0,0,0,0,0,false
,3,2940.1767,0,2940.3,2940.19,2940.3,2940.04,1740106200000,3,,0,,0,0,0,0,0,false
,3,2940.1867,0,2940.22,2940.19,2940.22,2940.15,1740106260000,3,,0,,0,0,0,0,0,false
,2,2940.42,0,2940.43,2940.41,2940.43,2940.41,1740106320000,2,,0,,0,0,0,0,0,false
,3,2940.1533,0,2940.45,2939.58,2940.45,2939.58,1740106380000,3,,0,,0,0,0,0,0,false
,2,2939.75,0,2939.57,2939.93,2939.93,2939.57,1740106440000,2,,0,,0,0,0,0,0,false
,3,2939.6867,0,2939.56,2939.7,2939.8,2939.56,1740106500000,3,,0,,0,0,0,0,0,false
,3,2939.6833,0,2939.91,2939.7,2939.91,2939.44,1740106560000,3,,0,,0,0,0,0,0,false
,2,2939.945,0,2940.15,2939.74,2940.15,2939.74,1740106620000,2,,0,,0,0,0,0,0,false
,3,2939.7467,0,2939.79,2939.53,2939.92,2939.53,1740106680000,3,,0,,0,0,0,0,0,false
,2,2939.36,0,2939.55,2939.17,2939.55,2939.17,1740106740000,2,,0,,0,0,0,0,0,false
,3,2939.2667,0,2939.13,2939.12,2939.55,2939.12,1740106800000,3,,0,,0,0,0,0,0,false
,2,2939.295,0,2939.48,2939.11,2939.48,2939.11,1740106860000,2,,0,,0,0,0,0,0,false
,3,2938.8133,0,2939.12,2938.07,2939.25,2938.07,1740106920000,3,,0,,0,0,0,0,0,false
,3,2938.6567,0,2937.96,2938.76,2939.25,2937.96,1740106980000,3,,0,,0,0,0,0,0,false
,2,2938.2,0,2938.41,2937.99,2938.41,2937.99,1740107040000,2,,0,,0,0,0,0,0,false
,3,2936.3367,0,2936.21,2934.38,2938.42,2934.38,1740107100000,3,,0,,0,0,0,0,0,false
,2,2935.23,0,2934.86,2935.6,2935.6,2934.86,1740107160000,2,,0,,0,0,0,0,0,false
,3,2935.0667,0,2936.06,2934.18,2936.06,2934.18,1740107220000,3,,0,,0,0,0,0,0,false
,3,2934.1867,0,2934.24,2933.66,2934.66,2933.66,1740107280000,3,,0,,0,0,0,0,0,false
,2,2933.4,0,2932.98,2933.82,2933.82,2932.98,1740107340000,2,,0,,0,0,0,0,0,false
,3,2932.8067,0,2933.38,2932.35,2933.38,2932.35,1740107400000,3,,0,,0,0,0,0,0,false
,2,2932.715,0,2932.28,2933.15,2933.15,2932.28,1740107460000,2,,0,,0,0,0,0,0,false
,3,2931.7333,0,2932.35,2931.04,2932.35,2931.04,1740107520000,3,,0,,0,0,0,0,0,false
,3,2931.1467,0,2930.85,2930.91,2931.68,2930.85,1740107580000,3,,0,,0,0,0,0,0,false
,2,2931.97,0,2931.81,2932.13,2932.13,2931.81,1740107640000,2,,0,,0,0,0,0,0,false
,3,2932.3333,0,2932.59,2933.06,2933.06,2931.35,1740107700000,3,,0,,0,0,0,0,0,false
,2,2933.315,0,2933.19,2933.44,2933.44,2933.19,1740107760000,2,,0,,0,0,0,0,0,false
,2,2932.175,0,2932.23,2932.12,2932.23,2932.12,1740107820000,2,,0,,0,0,0,0,0,false
,3,2931.8367,0,2931.46,2931.82,2932.23,2931.46,1740107880000,3,,0,,0,0,0,0,0,false
,2,2931.62,0,2931.4,2931.84,2931.84,2931.4,1740107940000,2,,0,,0,0,0,0,0,false
,3,2931.7767,0,2932.09,2931.84,2932.09,2931.4,1740108000000,3,,0,,0,0,0,0,0,false
,2,2932.155,0,2932.3,2932.01,2932.3,2932.01,1740108060000,2,,0,,0,0,0,0,0,false
,3,2931.92,0,2931.84,2931.49,2932.43,2931.49,1740108120000,3,,0,,0,0,0,0,0,false
,3,2931.5667,0,2931.49,2930.88,2932.33,2930.88,1740108180000,3,,0,,0,0,0,0,0,false
,2,2930.965,0,2930.91,2931.02,2931.02,2930.91,1740108240000,2,,0,,0,0,0,0,0,false
,3,2929.4533,0,2929.36,2928.09,2930.91,2928.09,1740108300000,3,,0,,0,0,0,0,0,false
,2,2928.86,0,2928.75,2928.97,2928.97,2928.75,1740108360000,2,,0,,0,0,0,0,0,false
,3,2928.5567,0,2930.19,2927.14,2930.19,2927.14,1740108420000,3,,0,,0,0,0,0,0,false
,3,2928.06,0,2927.52,2928.03,2928.63,2927.52,1740108480000,3,,0,,0,0,0,0,0,false
,2,2928.58,0,2928.64,2928.52,2928.64,2928.52,1740108540000,2,,0,,0,0,0,0,0,false
,3,2928.6833,0,2928.82,2929.54,2929.54,2927.69,1740108600000,3,,0,,0,0,0,0,0,false
,2,2929.25,0,2929.36,2929.14,2929.36,2929.14,1740108660000,2,,0,,0,0,0,0,0,false
,3,2931.4167,0,2928.64,2932.99,2932.99,2928.64,1740108720000,3,,0,,0,0,0,0,0,false
,3,2931.5433,0,2932.42,2929.78,2932.43,2929.78,1740108780000,3,,0,,0,0,0,0,0,false
,2,2932.36,0,2932.3,2932.42,2932.42,2932.3,1740108840000,2,,0,,0,0,0,0,0,false
,3,2931.1733,0,2930.67,2930.55,2932.3,2930.55,1740108900000,3,,0,,0,0,0,0,0,false
,2,2930.56,0,2930.57,2930.55,2930.57,2930.55,1740108960000,2,,0,,0,0,0,0,0,false
,3,2930.9133,0,2930.87,2931.03,2931.03,2930.84,1740109020000,3,,0,,0,0,0,0,0,false
,3,2931.7867,0,2931.95,2931.03,2932.38,2931.03,1740109080000,3,,0,,0,0,0,0,0,false
,2,2933.15,0,2933.12,2933.18,2933.18,2933.12,1740109140000,2,,0,,0,0,0,0,0,false
,3,2933.1167,0,2933.03,2933.6,2933.6,2932.72,1740109200000,3,,0,,0,0,0,0,0,false
,2,2933.445,0,2933.93,2932.96,2933.93,2932.96,1740109260000,2,,0,,0,0,0,0,0,false
,2,2933.125,0,2933,2933.25,2933.25,2933,1740109320000,2,,0,,0,0,0,0,0,false
,3,2932.5333,0,2932.4,2933.25,2933.25,2931.95,1740109380000,3,,0,,0,0,0,0,0,false
,2,2932.235,0,2932.28,2932.19,2932.28,2932.19,1740109440000,2,,0,,0,0,0,0,0,false
,3,2931.4667,0,2931.81,2930.98,2931.81,2930.98,1740109500000,3,,0,,0,0,0,0,0,false
,2,2931.145,0,2931.01,2931.28,2931.28,2931.01,1740109560000,2,,0,,0,0,0,0,0,false
,3,2931.56,0,2931.8,2931.25,2931.8,2931.25,1740109620000,3,,0,,0,0,0,0,0,false
,3,2931.4867,0,2931.48,2931.19,2931.79,2931.19,1740109680000,3,,0,,0,0,0,0,0,false
,2,2931.665,0,2931.7,2931.63,2931.7,2931.63,1740109740000,2,,0,,0,0,0,0,0,false
,3,2930.9867,0,2930.29,2930.97,2931.7,2930.29,1740109800000,3,,0,,0,0,0,0,0,false
,2,2930.58,0,2930.5,2930.66,2930.66,2930.5,1740109860000,2,,0,,0,0,0,0,0,false
,3,2930.9967,0,2930.97,2931.29,2931.29,2930.73,1740109920000,3,,0,,0,0,0,0,0,false
,3,2931.4267,0,2931.48,2930.74,2932.06,2930.74,1740109980000,3,,0,,0,0,0,0,0,false
,2,2932.045,0,2932.37,2931.72,2932.37,2931.72,1740110040000,2,,0,,0,0,0,0,0,false
,3,2932.1533,0,2932.14,2932.25,2932.25,2932.07,1740110100000,3,,0,,0,0,0,0,0,false
,2,2931.95,0,2932.44,2931.46,2932.44,2931.46,1740110160000,2,,0,,0,0,0,0,0,false
,3,2931.3567,0,2932.04,2930.76,2932.04,2930.76,1740110220000,3,,0,,0,0,0,0,0,false
,3,2930.91,0,2930.94,2930.76,2931.03,2930.76,1740110280000,3,,0,,0,0,0,0,0,false
,2,2930.885,0,2930.78,2930.99,2930.99,2930.78,1740110340000,2,,0,,0,0,0,0,0,false
,3,2930.8133,0,2930.88,2930.78,2930.88,2930.78,1740110400000,3,,0,,0,0,0,0,0,false
,2,2930.57,0,2930.49,2930.65,2930.65,2930.49,1740110460000,2,,0,,0,0,0,0,0,false
,3,2930.7333,0,2930.78,2930.78,2930.78,2930.64,1740110520000,3,,0,,0,0,0,0,0,false
,3,2931.1467,0,2931.28,2930.78,2931.38,2930.78,1740110580000,3,,0,,0,0,0,0,0,false
,2,2931.41,0,2931.75,2931.07,2931.75,2931.07,1740110640000,2,,0,,0,0,0,0,0,false
,3,2931.2167,0,2931.09,2931.17,2931.39,2931.09,1740110700000,3,,0,,0,0,0,0,0,false
,2,2931.395,0,2931.49,2931.3,2931.49,2931.3,1740110760000,2,,0,,0,0,0,0,0,false
,4,2930.4275,0,2931.17,2930.55,2931.17,2929.4,1740110820000,4,,0,,0,0,0,0,0,false
,3,2930.73,0,2930.86,2930.65,2930.86,2930.65,1740110880000,3,,0,,0,0,0,0,0,false
,2,2930.61,0,2930.42,2930.8,2930.8,2930.42,1740110940000,2,,0,,0,0,0,0,0,false
,3,2930.6633,0,2930.92,2930.65,2930.92,2930.42,1740111000000,3,,0,,0,0,0,0,0,false
,2,2931.245,0,2930.99,2931.5,2931.5,2930.99,1740111060000,2,,0,,0,0,0,0,0,false
,3,2931.3033,0,2930.65,2931.88,2931.88,2930.65,1740111120000,3,,0,,0,0,0,0,0,false
,3,2931.42,0,2931.86,2931.53,2931.86,2930.87,1740111180000,3,,0,,0,0,0,0,0,false
,2,2930.785,0,2930.8,2930.77,2930.8,2930.77,1740111240000,2,,0,,0,0,0,0,0,false
,3,2930.8467,0,2930.93,2930.81,2930.93,2930.8,1740111300000,3,,0,,0,0,0,0,0,false
,2,2930.78,0,2930.94,2930.62,2930.94,2930.62,1740111360000,2,,0,,0,0,0,0,0,false
,3,2930.71,0,2930.81,2930.84,2930.84,2930.48,1740111420000,3,,0,,0,0,0,0,0,false
,3,2930.87,0,2930.99,2930.68,2930.99,2930.68,1740111480000,3,,0,,0,0,0,0,0,false
,2,2931.13,0,2931.27,2930.99,2931.27,2930.99,1740111540000,2,,0,,0,0,0,0,0,false
,3,2930.7567,0,2930.49,2930.51,2931.27,2930.49,1740111600000,3,,0,,0,0,0,0,0,false
,2,2930.315,0,2930.3,2930.33,2930.33,2930.3,1740111660000,2,,0,,0,0,0,0,0,false
,3,2930.4333,0,2930.51,2930.34,2930.51,2930.34,1740111720000,3,,0,,0,0,0,0,0,false
,3,2930.2133,0,2930.07,2930.34,2930.34,2930.07,1740111780000,3,,0,,0,0,0,0,0,false
,2,2930.485,0,2930.5,2930.47,2930.5,2930.47,1740111840000,2,,0,,0,0,0,0,0,false
,3,2930.27,0,2930.35,2929.96,2930.5,2929.96,1740111900000,3,,0,,0,0,0,0,0,false
,2,2930.885,0,2931.02,2930.75,2931.02,2930.75,1740111960000,2,,0,,0,0,0,0,0,false
,3,2930.54,0,2930.34,2930.55,2930.73,2930.34,1740112020000,3,,0,,0,0,0,0,0,false
,3,2930.5533,0,2930.61,2930.55,2930.61,2930.5,1740112080000,3,,0,,0,0,0,0,0,false
,2,2930.63,0,2930.59,2930.67,2930.67,2930.59,1740112140000,2,,0,,0,0,0,0,0,false
,3,2930.9033,0,2930.74,2931.38,2931.38,2930.59,1740112200000,3,,0,,0,0,0,0,0,false
,2,2931.565,0,2931.36,2931.77,2931.77,2931.36,1740112260000,2,,0,,0,0,0,0,0,false
,3,2931.1767,0,2930.75,2931.26,2931.52,2930.75,1740112320000,3,,0,,0,0,0,0,0,false
,3,2931.43,0,2931.54,2931.26,2931.54,2931.26,1740112380000,3,,0,,0,0,0,0,0,false
,2,2931.595,0,2931.68,2931.51,2931.68,2931.51,1740112440000,2,,0,,0,0,0,0,0,false
,3,2931.6867,0,2931.73,2931.65,2931.73,2931.65,1740112500000,3,,0,,0,0,0,0,0,false
,2,2931.405,0,2931.6,2931.21,2931.6,2931.21,1740112560000,2,,0,,0,0,0,0,0,false
,3,2931.0467,0,2930.87,2930.67,2931.6,2930.67,1740112620000,3,,0,,0,0,0,0,0,false
,3,2930.48,0,2930.41,2930.67,2930.67,2930.36,1740112680000,3,,0,,0,0,0,0,0,false
,2,2930.39,0,2930.38,2930.4,2930.4,2930.38,1740112740000,2,,0,,0,0,0,0,0,false
,3,2930.3667,0,2930.4,2930.32,2930.4,2930.32,1740112800000,3,,0,,0,0,0,0,0,false
,2,2930.155,0,2930.24,2930.07,2930.24,2930.07,1740112860000,2,,0,,0,0,0,0,0,false
,3,2930.2167,0,2930.21,2930.2,2930.24,2930.2,1740112920000,3,,0,,0,0,0,0,0,false
,3,2930.24,0,2930.31,2930.2,2930.31,2930.2,1740112980000,3,,0,,0,0,0,0,0,false
,2,2930.31,0,2930.49,2930.13,2930.49,2930.13,1740113040000,2,,0,,0,0,0,0,0,false
,3,2930.2867,0,2930.11,2930.26,2930.49,2930.11,1740113100000,3,,0,,0,0,0,0,0,false
,2,2929.3,0,2929.21,2929.39,2929.39,2929.21,1740113160000,2,,0,,0,0,0,0,0,false
,3,2929.4,0,2929.19,2929.07,2929.94,2929.07,1740113220000,3,,0,,0,0,0,0,0,false
,2,2928.435,0,2928.7,2928.17,2928.7,2928.17,1740113280000,2,,0,,0,0,0,0,0,false
,3,2927.7167,0,2929.07,2927.08,2929.07,2927,1740113340000,3,,0,,0,0,0,0,0,false
,3,2927.1067,0,2926.88,2927.14,2927.3,2926.88,1740113400000,3,,0,,0,0,0,0,0,false
,2,2926.77,0,2926.9,2926.64,2926.9,2926.64,1740113460000,2,,0,,0,0,0,0,0,false
,2,2927.28,0,2926.97,2927.59,2927.59,2926.97,1740113520000,2,,0,,0,0,0,0,0,false
,2,2927.855,0,2927.75,2927.96,2927.96,2927.75,1740113580000,2,,0,,0,0,0,0,0,false
,3,2928.33,0,2927.27,2928.91,2928.91,2927.27,1740113640000,3,,0,,0,0,0,0,0,false
,3,2929.0033,0,2929.42,2928.99,2929.42,2928.6,1740113700000,3,,0,,0,0,0,0,0,false
,2,2928.77,0,2928.82,2928.72,2928.82,2928.72,1740113760000,2,,0,,0,0,0,0,0,false
,2,2928.39,0,2928.36,2928.42,2928.42,2928.36,1740113820000,2,,0,,0,0,0,0,0,false
,2,2927.765,0,2927.65,2927.88,2927.88,2927.65,1740113880000,2,,0,,0,0,0,0,0,false
,3,2928.3333,0,2928.42,2928.28,2928.42,2928.28,1740113940000,3,,0,,0,0,0,0,0,false
,3,2928.0733,0,2927.9,2928.08,2928.24,2927.9,1740114000000,3,,0,,0,0,0,0,0,false
,2,2928.13,0,2928,2928.26,2928.26,2928,1740114060000,2,,0,,0,0,0,0,0,false
,3,2928.1933,0,2928.08,2928.5,2928.5,2928,1740114120000,3,,0,,0,0,0,0,0,false
,2,2928.285,0,2928.51,2928.06,2928.51,2928.06,1740114180000,2,,0,,0,0,0,0,0,false
,3,2927.83,0,2928.09,2927.85,2928.09,2927.55,1740114240000,3,,0,,0,0,0,0,0,false
,3,2928.0567,0,2928.18,2928.27,2928.27,2927.72,1740114300000,3,,0,,0,0,0,0,0,false
,2,2927.875,0,2928.05,2927.7,2928.05,2927.7,1740114360000,2,,0,,0,0,0,0,0,false
,3,2927.41,0,2927.42,2926.76,2928.05,2926.76,1740114420000,3,,0,,0,0,0,0,0,false
,2,2926.58,0,2926.42,2926.74,2926.74,2926.42,1740114480000,2,,0,,0,0,0,0,0,false
,3,2927.1767,0,2927.41,2927.14,2927.41,2926.98,1740114540000,3,,0,,0,0,0,0,0,false
,3,2927.2533,0,2927.3,2927.48,2927.48,2926.98,1740114600000,3,,0,,0,0,0,0,0,false
,2,2927.075,0,2927.59,2926.56,2927.59,2926.56,1740114660000,2,,0,,0,0,0,0,0,false
,3,2926.49,0,2926.51,2925.37,2927.59,2925.37,1740114720000,3,,0,,0,0,0,0,0,false
,2,2925.535,0,2925.47,2925.6,2925.6,2925.47,1740114780000,2,,0,,0,0,0,0,0,false
,3,2926.8,0,2926.57,2926.65,2927.18,2926.57,1740114840000,3,,0,,0,0,0,0,0,false
,3,2927.0433,0,2927.6,2927.33,2927.6,2926.2,1740114900000,3,,0,,0,0,0,0,0,false
,2,2927.02,0,2927.01,2927.03,2927.03,2927.01,1740114960000,2,,0,,0,0,0,0,0,false
,3,2926.5233,0,2926.52,2926.04,2927.01,2926.04,1740115020000,3,,0,,0,0,0,0,0,false
,2,2926.97,0,2926.87,2927.07,2927.07,2926.87,1740115080000,2,,0,,0,0,0,0,0,false
,3,2926.8067,0,2926.2,2927.15,2927.15,2926.2,1740115140000,3,,0,,0,0,0,0,0,false
,3,2926.9567,0,2926.98,2926.82,2927.07,2926.82,1740115200000,3,,0,,0,0,0,0,0,false
,2,2926.965,0,2927.05,2926.88,2927.05,2926.88,1740115260000,2,,0,,0,0,0,0,0,false
,3,2927.01,0,2927.02,2926.96,2927.05,2926.96,1740115320000,3,,0,,0,0,0,0,0,false
,2,2926.545,0,2926.44,2926.65,2926.65,2926.44,1740115380000,2,,0,,0,0,0,0,0,false
,3,2926.9767,0,2926.96,2927.08,2927.08,2926.89,1740115440000,3,,0,,0,0,0,0,0,false
,3,2926.63,0,2926.62,2926.38,2926.89,2926.38,1740115500000,3,,0,,0,0,0,0,0,false
,2,2926.78,0,2927.07,2926.49,2927.07,2926.49,1740115560000,2,,0,,0,0,0,0,0,false
,3,2926.4933,0,2926.35,2926.62,2926.62,2926.35,1740115620000,3,,0,,0,0,0,0,0,false
,2,2927.77,0,2927.49,2928.05,2928.05,2927.49,1740115680000,2,,0,,0,0,0,0,0,false
,3,2927.1967,0,2926.62,2927.25,2927.72,2926.62,1740115740000,3,,0,,0,0,0,0,0,false
,3,2926.9167,0,2926.5,2927.47,2927.47,2926.5,1740115800000,3,,0,,0,0,0,0,0,false
,2,2925.935,0,2926.33,2925.54,2926.33,2925.54,1740115860000,2,,0,,0,0,0,0,0,false
,3,2926.0333,0,2925.52,2926.25,2926.33,2925.52,1740115920000,3,,0,,0,0,0,0,0,false
,2,2924.94,0,2924.56,2925.32,2925.32,2924.56,1740115980000,2,,0,,0,0,0,0,0,false
,4,2927.0775,0,2925.53,2928.78,2928.78,2925.53,1740116040000,4,,0,,0,0,0,0,0,false
,2,2927.32,0,2927.19,2927.45,2927.45,2927.19,1740116100000,2,,0,,0,0,0,0,0,false
,2,2927.635,0,2927.64,2927.63,2927.64,2927.63,1740116160000,2,,0,,0,0,0,0,0,false
,3,2927.32,0,2927.64,2928.01,2928.01,2926.31,1740116220000,3,,0,,0,0,0,0,0,false
,2,2928.78,0,2928.56,2929,2929,2928.56,1740116280000,2,,0,,0,0,0,0,0,false
,3,2928.9367,0,2927.98,2929.91,2929.91,2927.98,1740116340000,3,,0,,0,0,0,0,0,false
,3,2929.4467,0,2929.76,2929.7,2929.76,2928.88,1740116400000,3,,0,,0,0,0,0,0,false
,2,2929.62,0,2929.43,2929.81,2929.81,2929.43,1740116460000,2,,0,,0,0,0,0,0,false
,3,2929.9633,0,2929.95,2930.51,2930.51,2929.43,1740116520000,3,,0,,0,0,0,0,0,false
,2,2930.37,0,2930.13,2930.61,2930.61,2930.13,1740116580000,2,,0,,0,0,0,0,0,false
,3,2929.9933,0,2929.96,2930.2,2930.2,2929.82,1740116640000,3,,0,,0,0,0,0,0,false
,3,2930.37,0,2930.81,2930.2,2930.81,2930.1,1740116700000,3,,0,,0,0,0,0,0,false
,2,2930.035,0,2929.94,2930.13,2930.13,2929.94,1740116760000,2,,0,,0,0,0,0,0,false
,3,2930.8067,0,2930.82,2932.29,2932.29,2929.31,1740116820000,3,,0,,0,0,0,0,0,false
,2,2933.37,0,2933.13,2933.61,2933.61,2933.13,1740116880000,2,,0,,0,0,0,0,0,false
,2,2932.535,0,2932.66,2932.41,2932.66,2932.41,1740116940000,2,,0,,0,0,0,0,0,false
,3,2931.92,0,2932.1,2932.41,2932.41,2931.25,1740117000000,3,,0,,0,0,0,0,0,false
,2,2931.62,0,2931.69,2931.55,2931.69,2931.55,1740117060000,2,,0,,0,0,0,0,0,false
,3,2931.4167,0,2931.29,2931.27,2931.69,2931.27,1740117120000,3,,0,,0,0,0,0,0,false
,2,2931.23,0,2931.2,2931.26,2931.26,2931.2,1740117180000,2,,0,,0,0,0,0,0,false
,3,2930.68,0,2931.27,2930.37,2931.27,2930.37,1740117240000,3,,0,,0,0,0,0,0,false
,3,2930.6633,0,2930.55,2930.61,2930.83,2930.55,1740117300000,3,,0,,0,0,0,0,0,false
,2,2931.41,0,2931.18,2931.64,2931.64,2931.18,1740117360000,2,,0,,0,0,0,0,0,false
,3,2931.3633,0,2931.5,2931.44,2931.5,2931.15,1740117420000,3,,0,,0,0,0,0,0,false
,2,2931.26,0,2931.38,2931.14,2931.38,2931.14,1740117480000,2,,0,,0,0,0,0,0,false
,3,2930.8367,0,2931.44,2930.3,2931.44,2930.3,1740117540000,3,,0,,0,0,0,0,0,false
,3,2930.18,0,2929.88,2930.49,2930.49,2929.88,1740117600000,3,,0,,0,0,0,0,0,false
,2,2930.635,0,2930.82,2930.45,2930.82,2930.45,1740117660000,2,,0,,0,0,0,0,0,false
,3,2929.77,0,2929.69,2929.13,2930.49,2929.13,1740117720000,3,,0,,0,0,0,0,0,false
,2,2927.69,0,2927.66,2927.72,2927.72,2927.66,1740117780000,2,,0,,0,0,0,0,0,false
,3,2928.0167,0,2929.74,2927.01,2929.74,2927.01,1740117840000,3,,0,,0,0,0,0,0,false
,3,2926.5767,0,2925.96,2927.01,2927.01,2925.96,1740117900000,3,,0,,0,0,0,0,0,false
,2,2925.725,0,2925.85,2925.6,2925.85,2925.6,1740117960000,2,,0,,0,0,0,0,0,false
,3,2926.1833,0,2926.37,2926.36,2926.37,2925.82,1740118020000,3,,0,,0,0,0,0,0,false
,2,2927.535,0,2927.9,2927.17,2927.9,2927.17,1740118080000,2,,0,,0,0,0,0,0,false
,3,2927.2,0,2926.36,2927.91,2927.91,2926.36,1740118140000,3,,0,,0,0,0,0,0,false
,3,2928.2067,0,2928.24,2927.32,2929.06,2927.32,1740118200000,3,,0,,0,0,0,0,0,false
,2,2929.47,0,2929.67,2929.27,2929.67,2929.27,1740118260000,2,,0,,0,0,0,0,0,false
,3,2929.2967,0,2928.89,2929.33,2929.67,2928.89,1740118320000,3,,0,,0,0,0,0,0,false
,2,2929.05,0,2928.76,2929.34,2929.34,2928.76,1740118380000,2,,0,,0,0,0,0,0,false
,3,2928.91,0,2928.9,2928.92,2928.92,2928.9,1740118440000,3,,0,,0,0,0,0,0,false
,3,2928.48,0,2928.89,2928.92,2928.92,2927.63,1740118500000,3,,0,,0,0,0,0,0,false
,2,2927.445,0,2926.88,2928.01,2928.01,2926.88,1740118560000,2,,0,,0,0,0,0,0,false
,3,2927.8,0,2928.28,2927.3,2928.28,2927.3,1740118620000,3,,0,,0,0,0,0,0,false
,2,2927.365,0,2927.21,2927.52,2927.52,2927.21,1740118680000,2,,0,,0,0,0,0,0,false
,3,2927.7033,0,2927.82,2927.81,2927.82,2927.48,1740118740000,3,,0,,0,0,0,0,0,false
,3,2928.0967,0,2928.06,2927.81,2928.42,2927.81,1740118800000,3,,0,,0,0,0,0,0,false
,2,2927.95,0,2927.96,2927.94,2927.96,2927.94,1740118860000,2,,0,,0,0,0,0,0,false
,3,2928.05,0,2928.32,2927.87,2928.32,2927.87,1740118920000,3,,0,,0,0,0,0,0,false
,2,2927.61,0,2927.5,2927.72,2927.72,2927.5,1740118980000,2,,0,,0,0,0,0,0,false
,3,2927.85,0,2927.91,2927.88,2927.91,2927.76,1740119040000,3,,0,,0,0,0,0,0,false
,3,2927.7833,0,2927.82,2927.88,2927.88,2927.65,1740119100000,3,,0,,0,0,0,0,0,false
,2,2927.75,0,2927.73,2927.77,2927.77,2927.73,1740119160000,2,,0,,0,0,0,0,0,false
,3,2927.8033,0,2928.14,2927.54,2928.14,2927.54,1740119220000,3,,0,,0,0,0,0,0,false
,2,2927.575,0,2927.58,2927.57,2927.58,2927.57,1740119280000,2,,0,,0,0,0,0,0,false
,3,2927.9,0,2927.74,2928.13,2928.13,2927.74,1740119340000,3,,0,,0,0,0,0,0,false
,3,2929.6,0,2929.86,2928.13,2930.81,2928.13,1740119400000,3,,0,,0,0,0,0,0,false
,2,2930.835,0,2930.89,2930.78,2930.89,2930.78,1740119460000,2,,0,,0,0,0,0,0,false
,3,2929.7467,0,2930.04,2930.49,2930.49,2928.71,1740119520000,3,,0,,0,0,0,0,0,false
,2,2930.42,0,2930.33,2930.51,2930.51,2930.33,1740119580000,2,,0,,0,0,0,0,0,false
,3,2930.1567,0,2929.61,2930.67,2930.67,2929.61,1740119640000,3,,0,,0,0,0,0,0,false
,2,2930.01,0,2930.24,2929.78,2930.24,2929.78,1740119700000,2,,0,,0,0,0,0,0,false
,3,2930.2867,0,2930.67,2930.11,2930.67,2930.08,1740119760000,3,,0,,0,0,0,0,0,false
,3,2930.14,0,2930.18,2930.16,2930.18,2930.08,1740119820000,3,,0,,0,0,0,0,0,false
,2,2930.075,0,2929.89,2930.26,2930.26,2929.89,1740119880000,2,,0,,0,0,0,0,0,false
,4,2929.68,0,2929.9,2930.23,2930.23,2928.7,1740119940000,4,,0,,0,0,0,0,0,false
,2,2930.915,0,2930.74,2931.09,2931.09,2930.74,1740120000000,2,,0,,0,0,0,0,0,false
,3,2930.44,0,2929.91,2930.53,2930.88,2929.91,1740120060000,3,,0,,0,0,0,0,0,false
,3,2930.5833,0,2930.72,2930.57,2930.72,2930.46,1740120120000,3,,0,,0,0,0,0,0,false
,2,2930.545,0,2930.65,2930.44,2930.65,2930.44,1740120180000,2,,0,,0,0,0,0,0,false
,3,2929.88,0,2929.64,2929.35,2930.65,2929.35,1740120240000,3,,0,,0,0,0,0,0,false
,2,2929.6,0,2929.6,2929.6,2929.6,2929.6,1740120300000,2,,0,,0,0,0,0,0,false
,3,2929.58,0,2929.79,2929.42,2929.79,2929.42,1740120360000,3,,0,,0,0,0,0,0,false
,3,2929.63,0,2929.68,2929.68,2929.68,2929.53,1740120420000,3,,0,,0,0,0,0,0,false
,2,2929.15,0,2929.32,2928.98,2929.32,2928.98,1740120480000,2,,0,,0,0,0,0,0,false
,3,2929.4267,0,2929.62,2929.3,2929.62,2929.3,1740120540000,3,,0,,0,0,0,0,0,false
,2,2929.775,0,2929.44,2930.11,2930.11,2929.44,1740120600000,2,,0,,0,0,0,0,0,false
,3,2929.8867,0,2929.3,2930.2,2930.2,2929.3,1740120660000,3,,0,,0,0,0,0,0,false
,3,2930.24,0,2930.28,2930.62,2930.62,2929.82,1740120720000,3,,0,,0,0,0,0,0,false
,2,2930.715,0,2930.95,2930.48,2930.95,2930.48,1740120780000,2,,0,,0,0,0,0,0,false
,3,2930.5733,0,2930.21,2930.56,2930.95,2930.21,1740120840000,3,,0,,0,0,0,0,0,false
,2,2929.805,0,2929.91,2929.7,2929.91,2929.7,1740120900000,2,,0,,0,0,0,0,0,false
,3,2929.95,0,2930.56,2929.64,2930.56,2929.64,1740120960000,3,,0,,0,0,0,0,0,false
,3,2929.4067,0,2929.43,2929.14,2929.65,2929.14,1740121020000,3,,0,,0,0,0,0,0,false
,2,2928.91,0,2928.87,2928.95,2928.95,2928.87,1740121080000,2,,0,,0,0,0,0,0,false
,3,2929.0767,0,2929.2,2929.16,2929.2,2928.87,1740121140000,3,,0,,0,0,0,0,0,false
,2,2929.185,0,2929.19,2929.18,2929.19,2929.18,1740121200000,2,,0,,0,0,0,0,0,false
,3,2929.54,0,2929.16,2929.82,2929.82,2929.16,1740121260000,3,,0,,0,0,0,0,0,false
,3,2929.6833,0,2929.88,2929.69,2929.88,2929.48,1740121320000,3,,0,,0,0,0,0,0,false
,2,2930.49,0,2930.37,2930.61,2930.61,2930.37,1740121380000,2,,0,,0,0,0,0,0,false
,3,2930.78,0,2931.04,2931.17,2931.17,2930.13,1740121440000,3,,0,,0,0,0,0,0,false
,2,2931.54,0,2931.45,2931.63,2931.63,2931.45,1740121500000,2,,0,,0,0,0,0,0,false
,3,2931.2667,0,2931.17,2931.35,2931.35,2931.17,1740121560000,3,,0,,0,0,0,0,0,false
,3,2931.4133,0,2931.37,2931.59,2931.59,2931.28,1740121620000,3,,0,,0,0,0,0,0,false
,2,2932.04,0,2932.19,2931.89,2932.19,2931.89,1740121680000,2,,0,,0,0,0,0,0,false
,3,2931.9533,0,2931.75,2932.22,2932.22,2931.75,1740121740000,3,,0,,0,0,0,0,0,false
,2,2931.875,0,2931.86,2931.89,2931.89,2931.86,1740121800000,2,,0,,0,0,0,0,0,false
,3,2932.2333,0,2931.76,2932.6,2932.6,2931.76,1740121860000,3,,0,,0,0,0,0,0,false
,3,2932.3767,0,2932.61,2932.31,2932.61,2932.21,1740121920000,3,,0,,0,0,0,0,0,false
,2,2932.315,0,2932.46,2932.17,2932.46,2932.17,1740121980000,2,,0,,0,0,0,0,0,false
,3,2932.0967,0,2932.28,2931.55,2932.46,2931.55,1740122040000,3,,0,,0,0,0,0,0,false
,2,2931.775,0,2931.74,2931.81,2931.81,2931.74,1740122100000,2,,0,,0,0,0,0,0,false
,3,2932.1467,0,2932.27,2932.05,2932.27,2932.05,1740122160000,3,,0,,0,0,0,0,0,false
,3,2932.29,0,2932.53,2932.23,2932.53,2932.11,1740122220000,3,,0,,0,0,0,0,0,false
,2,2932.055,0,2932.25,2931.86,2932.25,2931.86,1740122280000,2,,0,,0,0,0,0,0,false
,3,2932.0767,0,2931.86,2932.12,2932.25,2931.86,1740122340000,3,,0,,0,0,0,0,0,false
,2,2931.73,0,2931.82,2931.64,2931.82,2931.64,1740122400000,2,,0,,0,0,0,0,0,false
,3,2931.8867,0,2932.12,2931.93,2932.12,2931.61,1740122460000,3,,0,,0,0,0,0,0,false
,3,2931.54,0,2931.67,2931.34,2931.67,2931.34,1740122520000,3,,0,,0,0,0,0,0,false
,2,2931.545,0,2931.44,2931.65,2931.65,2931.44,1740122580000,2,,0,,0,0,0,0,0,false
,3,2931.3433,0,2931.14,2931.45,2931.45,2931.14,1740122640000,3,,0,,0,0,0,0,0,false
,2,2931.605,0,2931.67,2931.54,2931.67,2931.54,1740122700000,2,,0,,0,0,0,0,0,false
,3,2931.45,0,2931.45,2931.34,2931.56,2931.34,1740122760000,3,,0,,0,0,0,0,0,false
,3,2931.3967,0,2931.51,2931.12,2931.56,2931.12,1740122820000,3,,0,,0,0,0,0,0,false
,2,2931.265,0,2931.17,2931.36,2931.36,2931.17,1740122880000,2,,0,,0,0,0,0,0,false
,3,2931.0567,0,2930.96,2931.04,2931.17,2930.96,1740122940000,3,,0,,0,0,0,0,0,false
,2,2930.465,0,2930.52,2930.41,2930.52,2930.41,1740123000000,2,,0,,0,0,0,0,0,false
,3,2930.74,0,2931.04,2930.65,2931.04,2930.53,1740123060000,3,,0,,0,0,0,0,0,false
,3,2930.7267,0,2930.66,2930.99,2930.99,2930.53,1740123120000,3,,0,,0,0,0,0,0,false
,2,2930.585,0,2930.71,2930.46,2930.71,2930.46,1740123180000,2,,0,,0,0,0,0,0,false
,3,2931.0733,0,2931.17,2931.36,2931.36,2930.69,1740123240000,3,,0,,0,0,0,0,0,false
,2,2931.395,0,2931.41,2931.38,2931.41,2931.38,1740123300000,2,,0,,0,0,0,0,0,false
,3,2931.1567,0,2930.8,2931.34,2931.34,2930.8,1740123360000,3,,0,,0,0,0,0,0,false
,3,2930.88,0,2930.66,2930.65,2931.33,2930.65,1740123420000,3,,0,,0,0,0,0,0,false
,2,2930.98,0,2930.93,2931.03,2931.03,2930.93,1740123480000,2,,0,,0,0,0,0,0,false
,3,2931.0833,0,2931.13,2931.19,2931.19,2930.93,1740123540000,3,,0,,0,0,0,0,0,false
,2,2931.16,0,2931.18,2931.14,2931.18,2931.14,1740123600000,2,,0,,0,0,0,0,0,false
,3,2931.29,0,2931.19,2931.42,2931.42,2931.19,1740123660000,3,,0,,0,0,0,0,0,false
,3,2931.2733,0,2931.11,2931.42,2931.42,2931.11,1740123720000,3,,0,,0,0,0,0,0,false
,2,2931.395,0,2931.27,2931.52,2931.52,2931.27,1740123780000,2,,0,,0,0,0,0,0,false
,3,2931.0967,0,2931.19,2930.83,2931.27,2930.83,1740123840000,3,,0,,0,0,0,0,0,false
,2,2931.09,0,2930.92,2931.26,2931.26,2930.92,1740123900000,2,,0,,0,0,0,0,0,false
,3,2930.9067,0,2930.87,2930.88,2930.97,2930.87,1740123960000,3,,0,,0,0,0,0,0,false
,3,2930.88,0,2930.61,2930.88,2931.15,2930.61,1740124020000,3,,0,,0,0,0,0,0,false
,2,2931.41,0,2931.15,2931.67,2931.67,2931.15,1740124080000,2,,0,,0,0,0,0,0,false
,3,2931.1467,0,2931.46,2931.32,2931.46,2930.66,1740124140000,3,,0,,0,0,0,0,0,false
,2,2932.12,0,2932.08,2932.16,2932.16,2932.08,1740124200000,2,,0,,0,0,0,0,0,false
,3,2931.8,0,2931.32,2931.87,2932.21,2931.32,1740124260000,3,,0,,0,0,0,0,0,false
,3,2931.8233,0,2931.48,2932.38,2932.38,2931.48,1740124320000,3,,0,,0,0,0,0,0,false
,2,2931.735,0,2931.94,2931.53,2931.94,2931.53,1740124380000,2,,0,,0,0,0,0,0,false
,3,2931.87,0,2931.86,2931.81,2931.94,2931.81,1740124440000,3,,0,,0,0,0,0,0,false
,2,2931.24,0,2931.31,2931.17,2931.31,2931.17,1740124500000,2,,0,,0,0,0,0,0,false
,3,2931.04,0,2931.81,2930.65,2931.81,2930.65,1740124560000,3,,0,,0,0,0,0,0,false
,3,2930.5733,0,2930.27,2930.65,2930.8,2930.27,1740124620000,3,,0,,0,0,0,0,0,false
,2,2929.68,0,2930.01,2929.35,2930.01,2929.35,1740124680000,2,,0,,0,0,0,0,0,false
,3,2929.6433,0,2929.05,2929.87,2930.01,2929.05,1740124740000,3,,0,,0,0,0,0,0,false
,2,2930.76,0,2931.2,2930.32,2931.2,2930.32,1740124800000,2,,0,,0,0,0,0,0,false
,3,2929.4533,0,2929.06,2929.31,2929.99,2929.06,1740124860000,3,,0,,0,0,0,0,0,false
,3,2929.43,0,2929.16,2929.98,2929.98,2929.15,1740124920000,3,,0,,0,0,0,0,0,false
,2,2928.475,0,2928.56,2928.39,2928.56,2928.39,1740124980000,2,,0,,0,0,0,0,0,false
,3,2928.3767,0,2928.49,2928.11,2928.53,2928.11,1740125040000,3,,0,,0,0,0,0,0,false
,2,2926.76,0,2927.01,2926.51,2927.01,2926.51,1740125100000,2,,0,,0,0,0,0,0,false
,3,2927.2833,0,2928.48,2927.1,2928.48,2926.27,1740125160000,3,,0,,0,0,0,0,0,false
,3,2926.04,0,2926.44,2926.28,2926.44,2925.4,1740125220000,3,,0,,0,0,0,0,0,false
,2,2925.21,0,2925.31,2925.11,2925.31,2925.11,1740125280000,2,,0,,0,0,0,0,0,false
,3,2925.1,0,2925.01,2924.98,2925.31,2924.98,1740125340000,3,,0,,0,0,0,0,0,false
,2,2925.305,0,2925.09,2925.52,2925.52,2925.09,1740125400000,2,,0,,0,0,0,0,0,false
,3,2925.2567,0,2924.98,2925.22,2925.57,2924.98,1740125460000,3,,0,,0,0,0,0,0,false
,3,2924.75,0,2924.84,2925.22,2925.22,2924.19,1740125520000,3,,0,,0,0,0,0,0,false
,2,2924.06,0,2924.17,2923.95,2924.17,2923.95,1740125580000,2,,0,,0,0,0,0,0,false
,3,2924.01,0,2924.07,2923.79,2924.17,2923.79,1740125640000,3,,0,,0,0,0,0,0,false
,2,2923.795,0,2923.73,2923.86,2923.86,2923.73,1740125700000,2,,0,,0,0,0,0,0,false
,3,2923.8333,0,2923.79,2923.87,2923.87,2923.79,1740125760000,3,,0,,0,0,0,0,0,false
,3,2923.07,0,2923.16,2923.87,2923.87,2922.18,1740125820000,3,,0,,0,0,0,0,0,false
,2,2921.71,0,2921.81,2921.61,2921.81,2921.61,1740125880000,2,,0,,0,0,0,0,0,false
,3,2922.0233,0,2921.52,2922.15,2922.4,2921.52,1740125940000,3,,0,,0,0,0,0,0,false
,2,2921.335,0,2921.76,2920.91,2921.76,2920.91,1740126000000,2,,0,,0,0,0,0,0,false
,3,2919.6667,0,2921.53,2917.83,2921.53,2917.83,1740126060000,3,,0,,0,0,0,0,0,false
,2,2919.745,0,2918.78,2920.71,2920.71,2918.78,1740126120000,2,,0,,0,0,0,0,0,false
,3,2920.34,0,2919.56,2920.71,2920.75,2919.56,1740126180000,3,,0,,0,0,0,0,0,false
,3,2920.3133,0,2920.81,2920.06,2920.81,2920.06,1740126240000,3,,0,,0,0,0,0,0,false
,2,2920.695,0,2920.57,2920.82,2920.82,2920.57,1740126300000,2,,0,,0,0,0,0,0,false
,3,2920.3733,0,2920.06,2920.36,2920.7,2920.06,1740126360000,3,,0,,0,0,0,0,0,false
,2,2918.8,0,2918.97,2918.63,2918.97,2918.63,1740126420000,2,,0,,0,0,0,0,0,false
,3,2919.7333,0,2920.36,2919.55,2920.36,2919.29,1740126480000,3,,0,,0,0,0,0,0,false
,3,2919.2333,0,2919.25,2919.16,2919.29,2919.16,1740126540000,3,,0,,0,0,0,0,0,false
,2,2919.3,0,2919.47,2919.13,2919.47,2919.13,1740126600000,2,,0,,0,0,0,0,0,false
,3,2919.2333,0,2919.16,2919.71,2919.71,2918.83,1740126660000,3,,0,,0,0,0,0,0,false
,2,2919.905,0,2919.96,2919.85,2919.96,2919.85,1740126720000,2,,0,,0,0,0,0,0,false
,3,2919.76,0,2918.84,2920.23,2920.23,2918.84,1740126780000,3,,0,,0,0,0,0,0,false
,3,2920.58,0,2920.74,2921.35,2921.35,2919.65,1740126840000,3,,0,,0,0,0,0,0,false
,2,2921.585,0,2921.7,2921.47,2921.7,2921.47,1740126900000,2,,0,,0,0,0,0,0,false
,3,2921.53,0,2920.75,2921.88,2921.96,2920.75,1740126960000,3,,0,,0,0,0,0,0,false
,2,2921.85,0,2922,2921.7,2922,2921.7,1740127020000,2,,0,,0,0,0,0,0,false
,3,2921.9567,0,2921.88,2922.23,2922.23,2921.76,1740127080000,3,,0,,0,0,0,0,0,false
,3,2922.1767,0,2922.45,2922.32,2922.45,2921.76,1740127140000,3,,0,,0,0,0,0,0,false
,2,2921.84,0,2921.7,2921.98,2921.98,2921.7,1740127200000,2,,0,,0,0,0,0,0,false
,2,2922.06,0,2922.1,2922.02,2922.1,2922.02,1740127260000,2,,0,,0,0,0,0,0,false
,2,2922.705,0,2922.37,2923.04,2923.04,2922.37,1740127320000,2,,0,,0,0,0,0,0,false
,3,2922.4567,0,2922.02,2922.75,2922.75,2922.02,1740127380000,3,,0,,0,0,0,0,0,false
,3,2922.5133,0,2922.82,2922.12,2922.82,2922.12,1740127440000,3,,0,,0,0,0,0,0,false
,2,2921.785,0,2921.19,2922.38,2922.38,2921.19,1740127500000,2,,0,,0,0,0,0,0,false
,3,2922.3933,0,2922.53,2922.48,2922.53,2922.17,1740127560000,3,,0,,0,0,0,0,0,false
,2,2922.59,0,2922.25,2922.93,2922.93,2922.25,1740127620000,2,,0,,0,0,0,0,0,false
,3,2922.5,0,2922.48,2922.44,2922.58,2922.44,1740127680000,3,,0,,0,0,0,0,0,false
,3,2922.73,0,2922.88,2923.03,2923.03,2922.28,1740127740000,3,,0,,0,0,0,0,0,false
,2,2923.275,0,2923.31,2923.24,2923.31,2923.24,1740127800000,2,,0,,0,0,0,0,0,false
,3,2924.0533,0,2924.16,2924.69,2924.69,2923.31,1740127860000,3,,0,,0,0,0,0,0,false
,2,2924.3,0,2924.46,2924.14,2924.46,2924.14,1740127920000,2,,0,,0,0,0,0,0,false
,3,2923.2,0,2923.87,2922.56,2923.87,2922.56,1740127980000,3,,0,,0,0,0,0,0,false
,3,2923.4233,0,2923.19,2923.19,2923.89,2923.19,1740128040000,3,,0,,0,0,0,0,0,false
,2,2922.84,0,2922.65,2923.03,2923.03,2922.65,1740128100000,2,,0,,0,0,0,0,0,false
,3,2923.0567,0,2922.97,2923.39,2923.39,2922.81,1740128160000,3,,0,,0,0,0,0,0,false
,2,2923.34,0,2923.4,2923.28,2923.4,2923.28,1740128220000,2,,0,,0,0,0,0,0,false
,3,2923.3833,0,2922.98,2923.76,2923.76,2922.98,1740128280000,3,,0,,0,0,0,0,0,false
,3,2923.42,0,2923.56,2923.29,2923.56,2923.29,1740128340000,3,,0,,0,0,0,0,0,false
,2,2925,0,2924.54,2925.46,2925.46,2924.54,1740128400000,2,,0,,0,0,0,0,0,false
,3,2925.3633,0,2925.99,2926.45,2926.45,2923.65,1740128460000,3,,0,,0,0,0,0,0,false
,2,2925.695,0,2925.96,2925.43,2925.96,2925.43,1740128520000,2,,0,,0,0,0,0,0,false
,2,2925.305,0,2925.43,2925.18,2925.43,2925.18,1740128580000,2,,0,,0,0,0,0,0,false
,3,2925.37,0,2925.5,2925.7,2925.7,2924.91,1740128640000,3,,0,,0,0,0,0,0,false
,2,2926.085,0,2926.03,2926.14,2926.14,2926.03,1740128700000,2,,0,,0,0,0,0,0,false
,3,2926.2833,0,2926.08,2926.75,2926.75,2926.02,1740128760000,3,,0,,0,0,0,0,0,false
,2,2925.725,0,2926.2,2925.25,2926.2,2925.25,1740128820000,2,,0,,0,0,0,0,0,false
,3,2925.75,0,2926.09,2925.36,2926.09,2925.36,1740128880000,3,,0,,0,0,0,0,0,false
,3,2925.93,0,2926.36,2925.53,2926.36,2925.53,1740128940000,3,,0,,0,0,0,0,0,false
,2,2925.925,0,2926.13,2925.72,2926.13,2925.72,1740129000000,2,,0,,0,0,0,0,0,false
,3,2925.8567,0,2925.72,2925.72,2926.13,2925.72,1740129060000,3,,0,,0,0,0,0,0,false
,2,2925.31,0,2925.16,2925.46,2925.46,2925.16,1740129120000,2,,0,,0,0,0,0,0,false
,3,2925.2867,0,2925.72,2924.76,2925.72,2924.76,1740129180000,3,,0,,0,0,0,0,0,false
,3,2924.8967,0,2924.76,2924.55,2925.38,2924.55,1740129240000,3,,0,,0,0,0,0,0,false
,2,2925.155,0,2924.92,2925.39,2925.39,2924.92,1740129300000,2,,0,,0,0,0,0,0,false
,3,2924.9867,0,2925.22,2924.83,2925.22,2924.83,1740129360000,3,,0,,0,0,0,0,0,false
,2,2924.675,0,2924.74,2924.61,2924.74,2924.61,1740129420000,2,,0,,0,0,0,0,0,false
,3,2924.7833,0,2924.83,2924.62,2924.9,2924.62,1740129480000,3,,0,,0,0,0,0,0,false
,3,2924.34,0,2924.03,2924.09,2924.9,2924.03,1740129540000,3,,0,,0,0,0,0,0,false
,2,2924.535,0,2924.28,2924.79,2924.79,2924.28,1740129600000,2,,0,,0,0,0,0,0,false
,3,2924.4633,0,2924.59,2924.52,2924.59,2924.28,1740129660000,3,,0,,0,0,0,0,0,false
,2,2924.28,0,2924.29,2924.27,2924.29,2924.27,1740129720000,2,,0,,0,0,0,0,0,false
,3,2924.8033,0,2924.52,2924.7,2925.19,2924.52,1740129780000,3,,0,,0,0,0,0,0,false
,3,2924.6567,0,2924.7,2924.7,2924.7,2924.57,1740129840000,3,,0,,0,0,0,0,0,false
,2,2924.52,0,2924.58,2924.46,2924.58,2924.46,1740129900000,2,,0,,0,0,0,0,0,false
,3,2924.5267,0,2924.58,2924.42,2924.58,2924.42,1740129960000,3,,0,,0,0,0,0,0,false
,2,2924.73,0,2924.67,2924.79,2924.79,2924.67,1740130020000,2,,0,,0,0,0,0,0,false
,3,2924.8567,0,2924.42,2925.28,2925.28,2924.42,1740130080000,3,,0,,0,0,0,0,0,false
,3,2925.22,0,2925.31,2925.48,2925.48,2924.87,1740130140000,3,,0,,0,0,0,0,0,false
,2,2925.96,0,2925.94,2925.98,2925.98,2925.94,1740130200000,2,,0,,0,0,0,0,0,false
,4,2925.465,0,2924.5,2926.21,2926.21,2924.5,1740130260000,4,,0,,0,0,0,0,0,false
,2,2926.435,0,2926.32,2926.55,2926.55,2926.32,1740130320000,2,,0,,0,0,0,0,0,false
,3,2927.0267,0,2925.73,2927.72,2927.72,2925.73,1740130380000,3,,0,,0,0,0,0,0,false
,2,2927.19,0,2927.27,2927.11,2927.27,2927.11,1740130440000,2,,0,,0,0,0,0,0,false
,2,2927.69,0,2927.51,2927.87,2927.87,2927.51,1740130500000,2,,0,,0,0,0,0,0,false
,3,2927.38,0,2927.19,2927.44,2927.51,2927.19,1740130560000,3,,0,,0,0,0,0,0,false
,2,2928.335,0,2928.75,2927.92,2928.75,2927.92,1740130620000,2,,0,,0,0,0,0,0,false
,3,2927.65,0,2927.44,2927.72,2927.79,2927.44,1740130680000,3,,0,,0,0,0,0,0,false
,3,2927.5033,0,2927.58,2927.14,2927.79,2927.14,1740130740000,3,,0,,0,0,0,0,0,false
,2,2927.575,0,2927.36,2927.79,2927.79,2927.36,1740130800000,2,,0,,0,0,0,0,0,false
,3,2927.5433,0,2927.73,2927.54,2927.73,2927.36,1740130860000,3,,0,,0,0,0,0,0,false
,2,2927.035,0,2927.08,2926.99,2927.08,2926.99,1740130920000,2,,0,,0,0,0,0,0,false
,3,2927.0167,0,2927.54,2926.92,2927.54,2926.59,1740130980000,3,,0,,0,0,0,0,0,false
,3,2926.9767,0,2927.09,2926.92,2927.09,2926.92,1740131040000,3,,0,,0,0,0,0,0,false
,2,2926.855,0,2926.72,2926.99,2926.99,2926.72,1740131100000,2,,0,,0,0,0,0,0,false
,3,2926.7833,0,2926.81,2926.82,2926.82,2926.72,1740131160000,3,,0,,0,0,0,0,0,false
,2,2927.65,0,2927.62,2927.68,2927.68,2927.62,1740131220000,2,,0,,0,0,0,0,0,false
,3,2927.5967,0,2926.82,2928.07,2928.07,2926.82,1740131280000,3,,0,,0,0,0,0,0,false
,3,2928.0467,0,2927.81,2928.14,2928.19,2927.81,1740131340000,3,,0,,0,0,0,0,0,false
,2,2928.435,0,2928.16,2928.71,2928.71,2928.16,1740131400000,2,,0,,0,0,0,0,0,false
,3,2928.34,0,2928.41,2928.45,2928.45,2928.16,1740131460000,3,,0,,0,0,0,0,0,false
,2,2929.045,0,2928.77,2929.32,2929.32,2928.77,1740131520000,2,,0,,0,0,0,0,0,false
,3,2928.41,0,2928.45,2928.39,2928.45,2928.39,1740131580000,3,,0,,0,0,0,0,0,false
,4,2928.63,0,2928.76,2928.39,2928.76,2928.39,1740131640000,4,,0,,0,0,0,0,0,false
,2,2928.9,0,2928.87,2928.93,2928.93,2928.87,1740131700000,2,,0,,0,0,0,0,0,false
,3,2929.08,0,2929.12,2929.25,2929.25,2928.87,1740131760000,3,,0,,0,0,0,0,0,false
,2,2929.01,0,2929.08,2928.94,2929.08,2928.94,1740131820000,2,,0,,0,0,0,0,0,false
,3,2929.09,0,2929.25,2928.96,2929.25,2928.96,1740131880000,3,,0,,0,0,0,0,0,false
,3,2929.1033,0,2929.09,2928.96,2929.26,2928.96,1740131940000,3,,0,,0,0,0,0,0,false
,2,2929.565,0,2929.25,2929.88,2929.88,2929.25,1740132000000,2,,0,,0,0,0,0,0,false
,3,2929.9733,0,2930.21,2930.46,2930.46,2929.25,1740132060000,3,,0,,0,0,0,0,0,false
,2,2930.275,0,2930.38,2930.17,2930.38,2930.17,1740132120000,2,,0,,0,0,0,0,0,false
,3,2929.9833,0,2929.65,2930,2930.3,2929.65,1740132180000,3,,0,,0,0,0,0,0,false
,3,2930.12,0,2930.26,2930,2930.26,2930,1740132240000,3,,0,,0,0,0,0,0,false
,2,2930.11,0,2930.15,2930.07,2930.15,2930.07,1740132300000,2,,0,,0,0,0,0,0,false
,3,2929.9367,0,2930.1,2929.56,2930.15,2929.56,1740132360000,3,,0,,0,0,0,0,0,false
,2,2929.26,0,2929.41,2929.11,2929.41,2929.11,1740132420000,2,,0,,0,0,0,0,0,false
,3,2929.74,0,2930.09,2929.47,2930.09,2929.47,1740132480000,3,,0,,0,0,0,0,0,false
,2,2929.955,0,2929.81,2930.1,2930.1,2929.81,1740132540000,2,,0,,0,0,0,0,0,false
,3,2930.0833,0,2929.47,2930.4,2930.4,2929.47,1740132600000,3,,0,,0,0,0,0,0,false
,3,2929.74,0,2929.58,2929.26,2930.38,2929.26,1740132660000,3,,0,,0,0,0,0,0,false
,2,2929.9,0,2929.83,2929.97,2929.97,2929.83,1740132720000,2,,0,,0,0,0,0,0,false
,3,2930.0467,0,2929.75,2930.46,2930.46,2929.75,1740132780000,3,,0,,0,0,0,0,0,false
,2,2930.48,0,2930.44,2930.52,2930.52,2930.44,1740132840000,2,,0,,0,0,0,0,0,false
,3,2930.19,0,2929.94,2930.17,2930.46,2929.94,1740132900000,3,,0,,0,0,0,0,0,false
,3,2930.4167,0,2930.37,2930.42,2930.46,2930.37,1740132960000,3,,0,,0,0,0,0,0,false
,2,2930.375,0,2930.41,2930.34,2930.41,2930.34,1740133020000,2,,0,,0,0,0,0,0,false
,3,2930.4433,0,2930.42,2930.43,2930.48,2930.42,1740133080000,3,,0,,0,0,0,0,0,false
,2,2930.395,0,2930.35,2930.44,2930.44,2930.35,1740133140000,2,,0,,0,0,0,0,0,false
,3,2930.5033,0,2930.43,2930.48,2930.6,2930.43,1740133200000,3,,0,,0,0,0,0,0,false
,3,2930.6267,0,2930.67,2930.61,2930.67,2930.6,1740133260000,3,,0,,0,0,0,0,0,false
,2,2930.305,0,2930.28,2930.33,2930.33,2930.28,1740133320000,2,,0,,0,0,0,0,0,false
,3,2930.4433,0,2930.61,2930.39,2930.61,2930.33,1740133380000,3,,0,,0,0,0,0,0,false
,2,2930.425,0,2930.57,2930.28,2930.57,2930.28,1740133440000,2,,0,,0,0,0,0,0,false
,3,2930.3833,0,2930.39,2930.44,2930.44,2930.32,1740133500000,3,,0,,0,0,0,0,0,false
,3,2930.3833,0,2930.42,2930.41,2930.42,2930.32,1740133560000,3,,0,,0,0,0,0,0,false
,2,2930.315,0,2930.27,2930.36,2930.36,2930.27,1740133620000,2,,0,,0,0,0,0,0,false
,3,2930.0067,0,2930.41,2929.64,2930.41,2929.64,1740133680000,3,,0,,0,0,0,0,0,false
,2,2929.39,0,2929.15,2929.63,2929.63,2929.15,1740133740000,2,,0,,0,0,0,0,0,false
,4,2929.18,0,2929.71,2929.35,2929.71,2928.2,1740133800000,4,,0,,0,0,0,0,0,false
,3,2929.3967,0,2929.55,2929.4,2929.55,2929.24,1740133860000,3,,0,,0,0,0,0,0,false
,2,2929.355,0,2929.36,2929.35,2929.36,2929.35,1740133920000,2,,0,,0,0,0,0,0,false
,3,2929.63,0,2929.4,2929.88,2929.88,2929.4,1740133980000,3,,0,,0,0,0,0,0,false
,2,2929.685,0,2929.71,2929.66,2929.71,2929.66,1740134040000,2,,0,,0,0,0,0,0,false
,3,2929.64,0,2929.88,2929.33,2929.88,2929.33,1740134100000,3,,0,,0,0,0,0,0,false
,3,2929.4867,0,2929.35,2929.4,2929.71,2929.35,1740134160000,3,,0,,0,0,0,0,0,false
,2,2929.205,0,2929.24,2929.17,2929.24,2929.17,1740134220000,2,,0,,0,0,0,0,0,false
,3,2929.5267,0,2929.4,2929.55,2929.63,2929.4,1740134280000,3,,0,,0,0,0,0,0,false
,2,2929.835,0,2929.75,2929.92,2929.92,2929.75,1740134340000,2,,0,,0,0,0,0,0,false
,3,2929.8367,0,2929.55,2930,2930,2929.55,1740134400000,3,,0,,0,0,0,0,0,false
,3,2930.0733,0,2930.12,2930.14,2930.14,2929.96,1740134460000,3,,0,,0,0,0,0,0,false
,2,2929.78,0,2929.95,2929.61,2929.95,2929.61,1740134520000,2,,0,,0,0,0,0,0,false
,3,2929.9533,0,2929.64,2930.08,2930.14,2929.64,1740134580000,3,,0,,0,0,0,0,0,false
,2,2930.205,0,2930.26,2930.15,2930.26,2930.15,1740134640000,2,,0,,0,0,0,0,0,false
,3,2929.8333,0,2929.65,2929.76,2930.09,2929.65,1740134700000,3,,0,,0,0,0,0,0,false
,3,2930.0667,0,2929.97,2930.03,2930.2,2929.97,1740134760000,3,,0,,0,0,0,0,0,false
,2,2930.035,0,2930.17,2929.9,2930.17,2929.9,1740134820000,2,,0,,0,0,0,0,0,false
,3,2930.0733,0,2930.11,2929.94,2930.17,2929.94,1740134880000,3,,0,,0,0,0,0,0,false
,2,2930.06,0,2929.98,2930.14,2930.14,2929.98,1740134940000,2,,0,,0,0,0,0,0,false
,3,2929.9967,0,2929.94,2929.99,2930.06,2929.94,1740135000000,3,,0,,0,0,0,0,0,false
,3,2930.1133,0,2930.01,2930.27,2930.27,2930.01,1740135060000,3,,0,,0,0,0,0,0,false
,2,2930.385,0,2930.32,2930.45,2930.45,2930.32,1740135120000,2,,0,,0,0,0,0,0,false
,3,2930.35,0,2930.51,2930.22,2930.51,2930.22,1740135180000,3,,0,,0,0,0,0,0,false
,2,2930.385,0,2930.37,2930.4,2930.4,2930.37,1740135240000,2,,0,,0,0,0,0,0,false
,3,2930.53,0,2930.22,2930.91,2930.91,2930.22,1740135300000,3,,0,,0,0,0,0,0,false
,3,2930.62,0,2930.63,2930.77,2930.77,2930.46,1740135360000,3,,0,,0,0,0,0,0,false
,2,2930.235,0,2930.39,2930.08,2930.39,2930.08,1740135420000,2,,0,,0,0,0,0,0,false
,3,2930.37,0,2930.3,2930.38,2930.43,2930.3,1740135480000,3,,0,,0,0,0,0,0,false
,2,2930.59,0,2930.76,2930.42,2930.76,2930.42,1740135540000,2,,0,,0,0,0,0,0,false
,3,2930.4167,0,2930.38,2930.19,2930.68,2930.19,1740135600000,3,,0,,0,0,0,0,0,false
,3,2930.6533,0,2930.62,2930.66,2930.68,2930.62,1740135660000,3,,0,,0,0,0,0,0,false
,2,2930.595,0,2930.53,2930.66,2930.66,2930.53,1740135720000,2,,0,,0,0,0,0,0,false
,3,2930.72,0,2930.87,2930.76,2930.87,2930.53,1740135780000,3,,0,,0,0,0,0,0,false
,2,2930.195,0,2930.21,2930.18,2930.21,2930.18,1740135840000,2,,0,,0,0,0,0,0,false
,3,2930.3067,0,2930.76,2930.01,2930.76,2930.01,1740135900000,3,,0,,0,0,0,0,0,false
,3,2930.0267,0,2929.91,2930.02,2930.15,2929.91,1740135960000,3,,0,,0,0,0,0,0,false
,2,2930.395,0,2930.2,2930.59,2930.59,2930.2,1740136020000,2,,0,,0,0,0,0,0,false
,3,2930.56,0,2930.65,2930.83,2930.83,2930.2,1740136080000,3,,0,,0,0,0,0,0,false
,2,2931.785,0,2931.54,2932.03,2932.03,2931.54,1740136140000,2,,0,,0,0,0,0,0,false
,3,2931.7167,0,2930.6,2932.05,2932.5,2930.6,1740136200000,3,,0,,0,0,0,0,0,false
,2,2932.6,0,2932.61,2932.59,2932.61,2932.59,1740136260000,2,,0,,0,0,0,0,0,false
,2,2932.91,0,2932.72,2933.1,2933.1,2932.72,1740136320000,2,,0,,0,0,0,0,0,false
,3,2932.9367,0,2932.94,2933.15,2933.15,2932.72,1740136380000,3,,0,,0,0,0,0,0,false
,2,2933.865,0,2933.77,2933.96,2933.96,2933.77,1740136440000,2,,0,,0,0,0,0,0,false
,3,2933.7733,0,2933.15,2933.92,2934.25,2933.15,1740136500000,3,,0,,0,0,0,0,0,false
,3,2933.58,0,2933.45,2933.04,2934.25,2933.04,1740136560000,3,,0,,0,0,0,0,0,false
,2,2932.805,0,2932.95,2932.66,2932.95,2932.66,1740136620000,2,,0,,0,0,0,0,0,false
,3,2932.4267,0,2932.15,2932.18,2932.95,2932.15,1740136680000,3,,0,,0,0,0,0,0,false
,2,2932.955,0,2933.04,2932.87,2933.04,2932.87,1740136740000,2,,0,,0,0,0,0,0,false
,3,2932.77,0,2932.18,2933.01,2933.12,2932.18,1740136800000,3,,0,,0,0,0,0,0,false
,3,2932.8633,0,2932.79,2932.68,2933.12,2932.68,1740136860000,3,,0,,0,0,0,0,0,false
,2,2933.35,0,2933.36,2933.34,2933.36,2933.34,1740136920000,2,,0,,0,0,0,0,0,false
,3,2933.12,0,2933.12,2933.26,2933.26,2932.98,1740136980000,3,,0,,0,0,0,0,0,false
,2,2933.945,0,2933.77,2934.12,2934.12,2933.77,1740137040000,2,,0,,0,0,0,0,0,false
,3,2933.79,0,2933.26,2934.07,2934.07,2933.26,1740137100000,3,,0,,0,0,0,0,0,false
,3,2934.2633,0,2934.37,2934.31,2934.37,2934.11,1740137160000,3,,0,,0,0,0,0,0,false
,2,2935.235,0,2934.97,2935.5,2935.5,2934.97,1740137220000,2,,0,,0,0,0,0,0,false
,3,2935.1767,0,2935.45,2935.41,2935.45,2934.67,1740137280000,3,,0,,0,0,0,0,0,false
,2,2935.815,0,2935.82,2935.81,2935.82,2935.81,1740137340000,2,,0,,0,0,0,0,0,false
,3,2935.6033,0,2935.41,2935.69,2935.71,2935.41,1740137400000,3,,0,,0,0,0,0,0,false
,2,2935.335,0,2935.32,2935.35,2935.35,2935.32,1740137460000,2,,0,,0,0,0,0,0,false
,2,2934.435,0,2935.01,2933.86,2935.01,2933.86,1740137520000,2,,0,,0,0,0,0,0,false
,3,2933.6833,0,2933.63,2932.41,2935.01,2932.41,1740137580000,3,,0,,0,0,0,0,0,false
,2,2932.32,0,2932.44,2932.2,2932.44,2932.2,1740137640000,2,,0,,0,0,0,0,0,false
,3,2931.9867,0,2933.01,2931.16,2933.01,2931.16,1740137700000,3,,0,,0,0,0,0,0,false
,3,2931.36,0,2931.5,2930.84,2931.74,2930.84,1740137760000,3,,0,,0,0,0,0,0,false
,2,2931.515,0,2931.5,2931.53,2931.53,2931.5,1740137820000,2,,0,,0,0,0,0,0,false
,3,2931.75,0,2931.62,2932.35,2932.35,2931.28,1740137880000,3,,0,,0,0,0,0,0,false
,2,2932.58,0,2932.47,2932.69,2932.69,2932.47,1740137940000,2,,0,,0,0,0,0,0,false
,3,2932.41,0,2931.63,2932.71,2932.89,2931.63,1740138000000,3,,0,,0,0,0,0,0,false
,3,2932.8633,0,2933.01,2932.62,2933.01,2932.62,1740138060000,3,,0,,0,0,0,0,0,false
,2,2932.825,0,2932.84,2932.81,2932.84,2932.81,1740138120000,2,,0,,0,0,0,0,0,false
,3,2932.7167,0,2932.83,2932.48,2932.84,2932.48,1740138180000,3,,0,,0,0,0,0,0,false
,2,2931.715,0,2931.65,2931.78,2931.78,2931.65,1740138240000,2,,0,,0,0,0,0,0,false
,3,2931.64,0,2932.82,2931.01,2932.82,2931.01,1740138300000,3,,0,,0,0,0,0,0,false
,3,2931.15,0,2931.29,2930.95,2931.29,2930.95,1740138360000,3,,0,,0,0,0,0,0,false
,2,2931.42,0,2931.71,2931.13,2931.71,2931.13,1740138420000,2,,0,,0,0,0,0,0,false
,3,2931.5633,0,2931.49,2931.49,2931.71,2931.49,1740138480000,3,,0,,0,0,0,0,0,false
,2,2931.62,0,2931.48,2931.76,2931.76,2931.48,1740138540000,2,,0,,0,0,0,0,0,false
,3,2931.2333,0,2931.49,2931.19,2931.49,2931.02,1740138600000,3,,0,,0,0,0,0,0,false
,3,2931.08,0,2930.92,2931.19,2931.19,2930.92,1740138660000,3,,0,,0,0,0,0,0,false
,2,2930.67,0,2930.63,2930.71,2930.71,2930.63,1740138720000,2,,0,,0,0,0,0,0,false
,3,2930.7767,0,2930.71,2930.81,2930.81,2930.71,1740138780000,3,,0,,0,0,0,0,0,false
,2,2930.41,0,2930.51,2930.31,2930.51,2930.31,1740138840000,2,,0,,0,0,0,0,0,false
,3,2930.1767,0,2930.81,2929.81,2930.81,2929.81,1740138900000,3,,0,,0,0,0,0,0,false
,2,2929.77,0,2930.19,2929.35,2930.19,2929.35,1740138960000,2,,0,,0,0,0,0,0,false
,3,2929.0733,0,2929.81,2928.26,2929.81,2928.26,1740139020000,3,,0,,0,0,0,0,0,false
,3,2928.4367,0,2927.99,2928.17,2929.15,2927.99,1740139080000,3,,0,,0,0,0,0,0,false
,2,2928.18,0,2928.05,2928.31,2928.31,2928.05,1740139140000,2,,0,,0,0,0,0,0,false
,2,2928.57,0,2928.85,2928.29,2928.85,2928.29,1740139200000,2,,0,,0,0,0,0,0,false
,2,2928.1,0,2928.52,2927.68,2928.52,2927.68,1740139260000,2,,0,,0,0,0,0,0,false
,3,2928.1667,0,2928.28,2928.31,2928.31,2927.91,1740139320000,3,,0,,0,0,0,0,0,false
,3,2928.3133,0,2928.62,2928.91,2928.91,2927.41,1740139380000,3,,0,,0,0,0,0,0,false
,2,2928.19,0,2927.95,2928.43,2928.43,2927.95,1740139440000,2,,0,,0,0,0,0,0,false
,3,2928.33,0,2928.91,2927.88,2928.91,2927.88,1740139500000,3,,0,,0,0,0,0,0,false
,2,2927.785,0,2927.83,2927.74,2927.83,2927.74,1740139560000,2,,0,,0,0,0,0,0,false
,3,2928.3033,0,2927.88,2928.47,2928.56,2927.88,1740139620000,3,,0,,0,0,0,0,0,false
,3,2928.6867,0,2928.78,2929.18,2929.18,2928.1,1740139680000,3,,0,,0,0,0,0,0,false
,2,2929.715,0,2929.86,2929.57,2929.86,2929.57,1740139740000,2,,0,,0,0,0,0,0,false
,2,2930.61,0,2930.34,2930.88,2930.88,2930.34,1740139800000,2,,0,,0,0,0,0,0,false
,2,2930.945,0,2931.05,2930.84,2931.05,2930.84,1740139860000,2,,0,,0,0,0,0,0,false
,2,2930.605,0,2930.71,2930.5,2930.71,2930.5,1740139920000,2,,0,,0,0,0,0,0,false
,3,2930.89,0,2931.13,2930.83,2931.13,2930.71,1740139980000,3,,0,,0,0,0,0,0,false
,2,2931.025,0,2931.04,2931.01,2931.04,2931.01,1740140040000,2,,0,,0,0,0,0,0,false
,3,2931.3467,0,2930.83,2931.71,2931.71,2930.83,1740140100000,3,,0,,0,0,0,0,0,false
,2,2932.025,0,2931.77,2932.28,2932.28,2931.77,1740140160000,2,,0,,0,0,0,0,0,false
,3,2932.2433,0,2931.64,2932.55,2932.55,2931.64,1740140220000,3,,0,,0,0,0,0,0,false
,2,2932.735,0,2932.53,2932.94,2932.94,2932.53,1740140280000,2,,0,,0,0,0,0,0,false
,2,2932.965,0,2932.7,2933.23,2933.23,2932.7,1740140340000,2,,0,,0,0,0,0,0,false
,3,2932.78,0,2932.54,2933.05,2933.05,2932.54,1740140400000,3,,0,,0,0,0,0,0,false
,2,2933.7,0,2933.51,2933.89,2933.89,2933.51,1740140460000,2,,0,,0,0,0,0,0,false
,3,2933.5567,0,2933.05,2933.52,2934.1,2933.05,1740140520000,3,,0,,0,0,0,0,0,false
,3,2933.4567,0,2933.14,2933.13,2934.1,2933.13,1740140580000,3,,0,,0,0,0,0,0,false
,2,2933.235,0,2933.61,2932.86,2933.61,2932.86,1740140640000,2,,0,,0,0,0,0,0,false
,4,2932.6,0,2933.13,2932.82,2933.13,2931.6,1740140700000,4,,0,,0,0,0,0,0,false
,2,2933.29,0,2933.33,2933.25,2933.33,2933.25,1740140760000,2,,0,,0,0,0,0,0,false
,3,2933.2033,0,2932.82,2933.25,2933.54,2932.82,1740140820000,3,,0,,0,0,0,0,0,false
,3,2933.0967,0,2932.98,2932.77,2933.54,2932.77,1740140880000,3,,0,,0,0,0,0,0,false
,3,2932.6133,0,2932.96,2933.18,2933.18,2931.7,1740140940000,3,,0,,0,0,0,0,0,false
,3,2933.1433,0,2932.77,2933.3,2933.36,2932.77,1740141000000,3,,0,,0,0,0,0,0,false
,2,2934.17,0,2934.14,2934.2,2934.2,2934.14,1740141060000,2,,0,,0,0,0,0,0,false
,3,2933.8867,0,2933.3,2933.96,2934.4,2933.3,1740141120000,3,,0,,0,0,0,0,0,false
,3,2934.3367,0,2934.51,2934.49,2934.51,2934.01,1740141180000,3,,0,,0,0,0,0,0,false
,2,2934.525,0,2934.46,2934.59,2934.59,2934.46,1740141240000,2,,0,,0,0,0,0,0,false
,3,2934.6433,0,2934.49,2934.59,2934.85,2934.49,1740141300000,3,,0,,0,0,0,0,0,false
,2,2934.21,0,2934.31,2934.11,2934.31,2934.11,1740141360000,2,,0,,0,0,0,0,0,false
,3,2933.97,0,2934.59,2933.78,2934.59,2933.54,1740141420000,3,,0,,0,0,0,0,0,false
,3,2934.06,0,2934.06,2934.33,2934.33,2933.79,1740141480000,3,,0,,0,0,0,0,0,false
,2,2934.135,0,2934.03,2934.24,2934.24,2934.03,1740141540000,2,,0,,0,0,0,0,0,false
,3,2934.08,0,2934.33,2933.55,2934.36,2933.55,1740141600000,3,,0,,0,0,0,0,0,false
,2,2933.955,0,2933.64,2934.27,2934.27,2933.64,1740141660000,2,,0,,0,0,0,0,0,false
,3,2934.6,0,2934.35,2934.55,2934.9,2934.35,1740141720000,3,,0,,0,0,0,0,0,false
,3,2934.4967,0,2934.66,2934.59,2934.66,2934.24,1740141780000,3,,0,,0,0,0,0,0,false
,2,2934.35,0,2934.5,2934.2,2934.5,2934.2,1740141840000,2,,0,,0,0,0,0,0,false
,2,2934.4,0,2934.32,2934.48,2934.48,2934.32,1740141900000,2,,0,,0,0,0,0,0,false
,2,2934.09,0,2934.41,2933.77,2934.41,2933.77,1740141960000,2,,0,,0,0,0,0,0,false
,3,2934.37,0,2934.48,2934.36,2934.48,2934.27,1740142020000,3,,0,,0,0,0,0,0,false
,3,2934.2067,0,2934.43,2933.92,2934.43,2933.92,1740142080000,3,,0,,0,0,0,0,0,false
,2,2933.495,0,2933.63,2933.36,2933.63,2933.36,1740142140000,2,,0,,0,0,0,0,0,false
,2,2933.52,0,2933.26,2933.78,2933.78,2933.26,1740142200000,2,,0,,0,0,0,0,0,false
,2,2932.695,0,2932.66,2932.73,2932.73,2932.66,1740142260000,2,,0,,0,0,0,0,0,false
,3,2932.72,0,2932.59,2932.32,2933.25,2932.32,1740142320000,3,,0,,0,0,0,0,0,false
,3,2931.5633,0,2931.66,2932.32,2932.32,2930.71,1740142380000,3,,0,,0,0,0,0,0,false
,3,2930.34,0,2930.91,2929.3,2930.91,2929.3,1740142440000,3,,0,,0,0,0,0,0,false
,3,2930.6233,0,2930.63,2930.81,2930.81,2930.43,1740142500000,3,,0,,0,0,0,0,0,false
,2,2930.515,0,2930.77,2930.26,2930.77,2930.26,1740142560000,2,,0,,0,0,0,0,0,false
,3,2930.3267,0,2930.48,2930.06,2930.48,2930.06,1740142620000,3,,0,,0,0,0,0,0,false
,3,2930.54,0,2930.6,2930.14,2930.88,2930.14,1740142680000,3,,0,,0,0,0,0,0,false
,2,2930.94,0,2931.06,2930.82,2931.06,2930.82,1740142740000,2,,0,,0,0,0,0,0,false
,3,2930.4733,0,2930.07,2930.82,2930.82,2930.07,1740142800000,3,,0,,0,0,0,0,0,false
,2,2930.29,0,2930.3,2930.28,2930.3,2930.28,1740142860000,2,,0,,0,0,0,0,0,false
,3,2931.11,0,2931.22,2931.81,2931.81,2930.3,1740142920000,3,,0,,0,0,0,0,0,false
,3,2931.29,0,2931.62,2930.33,2931.92,2930.33,1740142980000,3,,0,,0,0,0,0,0,false
,2,2931.075,0,2931.36,2930.79,2931.36,2930.79,1740143040000,2,,0,,0,0,0,0,0,false
,3,2930.9567,0,2930.95,2930.79,2931.13,2930.79,1740143100000,3,,0,,0,0,0,0,0,false
,2,2931.155,0,2930.96,2931.35,2931.35,2930.96,1740143160000,2,,0,,0,0,0,0,0,false
,3,2931.4967,0,2932.06,2931.47,2932.06,2930.96,1740143220000,3,,0,,0,0,0,0,0,false
,3,2931.7067,0,2931.63,2931.47,2932.02,2931.47,1740143280000,3,,0,,0,0,0,0,0,false
,2,2932.145,0,2932.28,2932.01,2932.28,2932.01,1740143340000,2,,0,,0,0,0,0,0,false
,3,2932.0767,0,2931.89,2932.01,2932.33,2931.89,1740143400000,3,,0,,0,0,0,0,0,false
,2,2931.385,0,2931.87,2930.9,2931.87,2930.9,1740143460000,2,,0,,0,0,0,0,0,false
,3,2931.6033,0,2931.09,2931.85,2931.87,2931.09,1740143520000,3,,0,,0,0,0,0,0,false
,3,2931.9167,0,2931.95,2931.65,2932.15,2931.65,1740143580000,3,,0,,0,0,0,0,0,false
,2,2932.41,0,2932.27,2932.55,2932.55,2932.27,1740143640000,2,,0,,0,0,0,0,0,false
,3,2932.7567,0,2932.65,2932.55,2933.07,2932.55,1740143700000,3,,0,,0,0,0,0,0,false
,2,2933.23,0,2933.29,2933.17,2933.29,2933.17,1740143760000,2,,0,,0,0,0,0,0,false
,3,2932.7867,0,2933.13,2932.41,2933.13,2932.41,1740143820000,3,,0,,0,0,0,0,0,false
,3,2932.4133,0,2932.06,2933.12,2933.12,2932.06,1740143880000,3,,0,,0,0,0,0,0,false
,2,2932.1,0,2931.99,2932.21,2932.21,2931.99,1740143940000,2,,0,,0,0,0,0,0,false
,3,2932.6033,0,2933.23,2932.21,2933.23,2932.21,1740144000000,3,,0,,0,0,0,0,0,false
,2,2931.42,0,2931.48,2931.36,2931.48,2931.36,1740144060000,2,,0,,0,0,0,0,0,false
,3,2931.0767,0,2930.74,2930.5,2931.99,2930.5,1740144120000,3,,0,,0,0,0,0,0,false
,3,2931.8633,0,2932.3,2930.5,2932.79,2930.5,1740144180000,3,,0,,0,0,0,0,0,false
,2,2932.795,0,2932.75,2932.84,2932.84,2932.75,1740144240000,2,,0,,0,0,0,0,0,false
,3,2932.8833,0,2933.21,2932.84,2933.21,2932.6,1740144300000,3,,0,,0,0,0,0,0,false
,2,2933.19,0,2933.1,2933.28,2933.28,2933.1,1740144360000,2,,0,,0,0,0,0,0,false
,3,2933.85,0,2933.94,2934.41,2934.41,2933.2,1740144420000,3,,0,,0,0,0,0,0,false
,2,2933.695,0,2933.94,2933.45,2933.94,2933.45,1740144480000,2,,0,,0,0,0,0,0,false
,2,2932.665,0,2932.84,2932.49,2932.84,2932.49,1740144540000,2,,0,,0,0,0,0,0,false
,3,2932.25,0,2932.16,2932.49,2932.49,2932.1,1740144600000,3,,0,,0,0,0,0,0,false
,2,2929.04,0,2930.26,2927.82,2930.26,2927.82,1740144660000,2,,0,,0,0,0,0,0,false
,3,2929.7767,0,2929.51,2928.1,2931.72,2928.1,1740144720000,3,,0,,0,0,0,0,0,false
,3,2928.25,0,2928.11,2928.16,2928.48,2928.11,1740144780000,3,,0,,0,0,0,0,0,false
,2,2928.72,0,2928.24,2929.2,2929.2,2928.24,1740144840000,2,,0,,0,0,0,0,0,false
,3,2928.49,0,2928.71,2928.25,2928.71,2928.25,1740144900000,3,,0,,0,0,0,0,0,false
,2,2928.26,0,2928.85,2927.67,2928.85,2927.67,1740144960000,2,,0,,0,0,0,0,0,false
,3,2928.2667,0,2927.66,2928.29,2928.85,2927.66,1740145020000,3,,0,,0,0,0,0,0,false
,3,2928.5833,0,2928.11,2928.29,2929.35,2928.11,1740145080000,3,,0,,0,0,0,0,0,false
,3,2928.2033,0,2928.75,2928.16,2928.75,2927.7,1740145140000,3,,0,,0,0,0,0,0,false
,3,2928.41,0,2928.34,2928.16,2928.73,2928.16,1740145200000,3,,0,,0,0,0,0,0,false
,2,2928.015,0,2927.98,2928.05,2928.05,2927.98,1740145260000,2,,0,,0,0,0,0,0,false
,3,2928.6567,0,2928.84,2929.15,2929.15,2927.98,1740145320000,3,,0,,0,0,0,0,0,false
,2,2929.38,0,2929.16,2929.6,2929.6,2929.16,1740145380000,2,,0,,0,0,0,0,0,false
,4,2928.8525,0,2928.86,2929.47,2929.47,2927.8,1740145440000,4,,0,,0,0,0,0,0,false
,3,2929.9467,0,2929.93,2929.47,2930.44,2929.47,1740145500000,3,,0,,0,0,0,0,0,false
,2,2930.75,0,2930.6,2930.9,2930.9,2930.6,1740145560000,2,,0,,0,0,0,0,0,false
,2,2930.71,0,2930.73,2930.69,2930.73,2930.69,1740145620000,2,,0,,0,0,0,0,0,false
,2,2930.825,0,2930.32,2931.33,2931.33,2930.32,1740145680000,2,,0,,0,0,0,0,0,false
,3,2930.3667,0,2930.32,2929.94,2930.84,2929.94,1740145740000,3,,0,,0,0,0,0,0,false
,3,2930.2633,0,2930.32,2929.94,2930.53,2929.94,1740145800000,3,,0,,0,0,0,0,0,false
,2,2931.365,0,2930.95,2931.78,2931.78,2930.95,1740145860000,2,,0,,0,0,0,0,0,false
,3,2931.5333,0,2931.84,2932.48,2932.48,2930.28,1740145920000,3,,0,,0,0,0,0,0,false
,2,2932.44,0,2932.62,2932.26,2932.62,2932.26,1740145980000,2,,0,,0,0,0,0,0,false
,3,2932.2033,0,2932.55,2931.44,2932.62,2931.44,1740146040000,3,,0,,0,0,0,0,0,false
,3,2932.35,0,2932,2932.54,2932.54,2932,1740146100000,3,,0,,0,0,0,0,0,false
,2,2932.05,0,2931.91,2932.19,2932.19,2931.91,1740146160000,2,,0,,0,0,0,0,0,false
,3,2931.88,0,2932.4,2931.33,2932.4,2931.33,1740146220000,3,,0,,0,0,0,0,0,false
,2,2931.31,0,2931.49,2931.13,2931.49,2931.13,1740146280000,2,,0,,0,0,0,0,0,false
,3,2931.3067,0,2931.3,2930.93,2931.69,2930.93,1740146340000,3,,0,,0,0,0,0,0,false
,3,2930.6233,0,2930.58,2930.93,2930.93,2930.36,1740146400000,3,,0,,0,0,0,0,0,false
,2,2929.955,0,2930.25,2929.66,2930.25,2929.66,1740146460000,2,,0,,0,0,0,0,0,false
,3,2931.7333,0,2932.09,2932.86,2932.86,2930.25,1740146520000,3,,0,,0,0,0,0,0,false
,2,2932.405,0,2932.45,2932.36,2932.45,2932.36,1740146580000,2,,0,,0,0,0,0,0,false
,3,2930.61,0,2931.19,2929.83,2931.19,2929.83,1740146640000,3,,0,,0,0,0,0,0,false
,3,2930.68,0,2929.98,2931.18,2931.18,2929.98,1740146700000,3,,0,,0,0,0,0,0,false
,3,2930.7733,0,2929.7,2931.52,2931.52,2929.7,1740146760000,3,,0,,0,0,0,0,0,false
,2,2931.49,0,2931.71,2931.27,2931.71,2931.27,1740146820000,2,,0,,0,0,0,0,0,false
,2,2931.7,0,2931.65,2931.75,2931.75,2931.65,1740146880000,2,,0,,0,0,0,0,0,false
,3,2932.37,0,2932.51,2932.95,2932.95,2931.65,1740146940000,3,,0,,0,0,0,0,0,false
,2,2932.785,0,2932.75,2932.82,2932.82,2932.75,1740147000000,2,,0,,0,0,0,0,0,false
,2,2933.43,0,2933.09,2933.77,2933.77,2933.09,1740147060000,2,,0,,0,0,0,0,0,false
,3,2933.5467,0,2933.66,2933.89,2933.89,2933.09,1740147120000,3,,0,,0,0,0,0,0,false
,2,2933.355,0,2933.23,2933.48,2933.48,2933.23,1740147180000,2,,0,,0,0,0,0,0,false
,3,2933.4933,0,2933.29,2933.96,2933.96,2933.23,1740147240000,3,,0,,0,0,0,0,0,false
,3,2933.7933,0,2933.97,2933.3,2934.11,2933.3,1740147300000,3,,0,,0,0,0,0,0,false
,2,2933.92,0,2933.92,2933.92,2933.92,2933.92,1740147360000,2,,0,,0,0,0,0,0,false
,3,2934.26,0,2934.46,2934.4,2934.46,2933.92,1740147420000,3,,0,,0,0,0,0,0,false
,2,2933.845,0,2933.92,2933.77,2933.92,2933.77,1740147480000,2,,0,,0,0,0,0,0,false
,3,2933.91,0,2933.96,2933.83,2933.96,2933.83,1740147540000,3,,0,,0,0,0,0,0,false
,3,2934.07,0,2934.1,2933.83,2934.28,2933.83,1740147600000,3,,0,,0,0,0,0,0,false
,2,2934.615,0,2934.53,2934.7,2934.7,2934.53,1740147660000,2,,0,,0,0,0,0,0,false
,3,2934.85,0,2934.95,2935.07,2935.07,2934.53,1740147720000,3,,0,,0,0,0,0,0,false
,2,2934.64,0,2934.88,2934.4,2934.88,2934.4,1740147780000,2,,0,,0,0,0,0,0,false
,3,2934.3167,0,2933.95,2934.12,2934.88,2933.95,1740147840000,3,,0,,0,0,0,0,0,false
,3,2934.4,0,2934.5,2934.12,2934.58,2934.12,1740147900000,3,,0,,0,0,0,0,0,false
,2,2934.595,0,2934.61,2934.58,2934.61,2934.58,1740147960000,2,,0,,0,0,0,0,0,false
,3,2934.6567,0,2934.56,2934.8,2934.8,2934.56,1740148020000,3,,0,,0,0,0,0,0,false
,2,2934.36,0,2934.32,2934.4,2934.4,2934.32,1740148080000,2,,0,,0,0,0,0,0,false
,3,2934.7667,0,2934.51,2935.31,2935.31,2934.48,1740148140000,3,,0,,0,0,0,0,0,false
,3,2934.3533,0,2935.39,2934.52,2935.39,2933.15,1740148200000,3,,0,,0,0,0,0,0,false
,2,2934.22,0,2933.91,2934.53,2934.53,2933.91,1740148260000,2,,0,,0,0,0,0,0,false
,3,2934.1167,0,2934.33,2934.11,2934.33,2933.91,1740148320000,3,,0,,0,0,0,0,0,false
,2,2932.485,0,2932.98,2931.99,2932.98,2931.99,1740148380000,2,,0,,0,0,0,0,0,false
,3,2932.3233,0,2931.91,2931.33,2933.73,2931.33,1740148440000,3,,0,,0,0,0,0,0,false
,3,2930.51,0,2930.46,2931.33,2931.33,2929.74,1740148500000,3,,0,,0,0,0,0,0,false
,2,2929.185,0,2929.16,2929.21,2929.21,2929.16,1740148560000,2,,0,,0,0,0,0,0,false
,3,2929.0733,0,2928.58,2929.48,2929.48,2928.58,1740148620000,3,,0,,0,0,0,0,0,false
,2,2930.725,0,2930.79,2930.66,2930.79,2930.66,1740148680000,2,,0,,0,0,0,0,0,false
,3,2930.0467,0,2930.58,2929.96,2930.58,2929.6,1740148740000,3,,0,,0,0,0,0,0,false
,3,2930.2567,0,2929.99,2929.96,2930.82,2929.96,1740148800000,3,,0,,0,0,0,0,0,false
,2,2931.61,0,2931.47,2931.75,2931.75,2931.47,1740148860000,2,,0,,0,0,0,0,0,false
,3,2931.23,0,2931.57,2931.46,2931.57,2930.66,1740148920000,3,,0,,0,0,0,0,0,false
,2,2931.04,0,2931.23,2930.85,2931.23,2930.85,1740148980000,2,,0,,0,0,0,0,0,false
,3,2930.95,0,2930.91,2930.71,2931.23,2930.71,1740149040000,3,,0,,0,0,0,0,0,false
,3,2932.0333,0,2932.08,2930.71,2933.31,2930.71,1740149100000,3,,0,,0,0,0,0,0,false
,2,2934.445,0,2933.23,2935.66,2935.66,2933.23,1740149160000,2,,0,,0,0,0,0,0,false
,2,2937.345,0,2937.66,2937.03,2937.66,2937.03,1740149220000,2,,0,,0,0,0,0,0,false
,2,2938.095,0,2937.76,2938.43,2938.43,2937.76,1740149280000,2,,0,,0,0,0,0,0,false
,3,2936.8733,0,2938.49,2937.11,2938.49,2935.02,1740149340000,3,,0,,0,0,0,0,0,false
,3,2936.9033,0,2937.76,2937.11,2937.76,2935.84,1740149400000,3,,0,,0,0,0,0,0,false
,2,2934.09,0,2934.02,2934.16,2934.16,2934.02,1740149460000,2,,0,,0,0,0,0,0,false
,3,2934.9533,0,2934.55,2934.64,2935.67,2934.55,1740149520000,3,,0,,0,0,0,0,0,false
,2,2936.535,0,2936.12,2936.95,2936.95,2936.12,1740149580000,2,,0,,0,0,0,0,0,false
,2,2935.12,0,2935.41,2934.83,2935.41,2934.83,1740149640000,2,,0,,0,0,0,0,0,false
,3,2935.2067,0,2935.25,2934.83,2935.54,2934.83,1740149700000,3,,0,,0,0,0,0,0,false
,2,2934,0,2933.97,2934.03,2934.03,2933.97,1740149760000,2,,0,,0,0,0,0,0,false
,3,2933.6267,0,2933.15,2934.71,2934.71,2933.02,1740149820000,3,,0,,0,0,0,0,0,false
,2,2933.26,0,2933.37,2933.15,2933.37,2933.15,1740149880000,2,,0,,0,0,0,0,0,false
,3,2933.48,0,2933.46,2933.61,2933.61,2933.37,1740149940000,3,,0,,0,0,0,0,0,false
,3,2933.9233,0,2933.6,2933.61,2934.56,2933.6,1740150000000,3,,0,,0,0,0,0,0,false
,2,2932.555,0,2932.78,2932.33,2932.78,2932.33,1740150060000,2,,0,,0,0,0,0,0,false
,3,2931.9233,0,2931.56,2932.6,2932.6,2931.56,1740150120000,3,,0,,0,0,0,0,0,false
,2,2931.645,0,2932.03,2931.26,2932.03,2931.26,1740150180000,2,,0,,0,0,0,0,0,false
,3,2932.5233,0,2931.61,2933.93,2933.93,2931.61,1740150240000,3,,0,,0,0,0,0,0,false
,3,2933,0,2933.45,2931.62,2933.93,2931.62,1740150300000,3,,0,,0,0,0,0,0,false
,2,2934.4,0,2934.54,2934.26,2934.54,2934.26,1740150360000,2,,0,,0,0,0,0,0,false
,3,2932.29,0,2932.78,2933.04,2933.04,2931.05,1740150420000,3,,0,,0,0,0,0,0,false
,2,2930.81,0,2930.73,2930.89,2930.89,2930.73,1740150480000,2,,0,,0,0,0,0,0,false
,3,2931.4667,0,2931.84,2931.33,2931.84,2931.23,1740150540000,3,,0,,0,0,0,0,0,false
,3,2931.18,0,2930.8,2931.33,2931.41,2930.8,1740150600000,3,,0,,0,0,0,0,0,false
,2,2930.67,0,2930.82,2930.52,2930.82,2930.52,1740150660000,2,,0,,0,0,0,0,0,false
,3,2930.1067,0,2929.91,2930.52,2930.52,2929.89,1740150720000,3,,0,,0,0,0,0,0,false
,2,2929.945,0,2929.99,2929.9,2929.99,2929.9,1740150780000,2,,0,,0,0,0,0,0,false
,3,2928.4967,0,2927.72,2927.78,2929.99,2927.72,1740150840000,3,,0,,0,0,0,0,0,false
,3,2928.5,0,2928.02,2929.19,2929.19,2928.02,1740150900000,3,,0,,0,0,0,0,0,false
,2,2927.495,0,2927.36,2927.63,2927.63,2927.36,1740150960000,2,,0,,0,0,0,0,0,false
,3,2927.98,0,2927.84,2927.63,2928.47,2927.63,1740151020000,3,,0,,0,0,0,0,0,false
,2,2927.89,0,2927.94,2927.84,2927.94,2927.84,1740151080000,2,,0,,0,0,0,0,0,false
,3,2928.36,0,2928.93,2928.14,2928.93,2928.01,1740151140000,3,,0,,0,0,0,0,0,false
,3,2926.82,0,2926.79,2928.14,2928.14,2925.53,1740151200000,3,,0,,0,0,0,0,0,false
,2,2925.11,0,2924.63,2925.59,2925.59,2924.63,1740151260000,2,,0,,0,0,0,0,0,false
,2,2926.235,0,2926.06,2926.41,2926.41,2926.06,1740151320000,2,,0,,0,0,0,0,0,false
,2,2926.73,0,2926.71,2926.75,2926.75,2926.71,1740151380000,2,,0,,0,0,0,0,0,false
,3,2925.4133,0,2924.91,2924.62,2926.71,2924.62,1740151440000,3,,0,,0,0,0,0,0,false
,2,2923.445,0,2923.87,2923.02,2923.87,2923.02,1740151500000,2,,0,,0,0,0,0,0,false
,3,2923.6867,0,2926.04,2923.26,2926.04,2921.76,1740151560000,3,,0,,0,0,0,0,0,false
,3,2922.6667,0,2923.09,2921.77,2923.14,2921.77,1740151620000,3,,0,,0,0,0,0,0,false
,2,2923.955,0,2923.41,2924.5,2924.5,2923.41,1740151680000,2,,0,,0,0,0,0,0,false
,3,2924.2667,0,2925.55,2925.34,2925.55,2921.91,1740151740000,3,,0,,0,0,0,0,0,false
,2,2925.32,0,2925.3,2925.34,2925.34,2925.3,1740151800000,2,,0,,0,0,0,0,0,false
,2,2926.145,0,2925.73,2926.56,2926.56,2925.73,1740151860000,2,,0,,0,0,0,0,0,false
,3,2926.2767,0,2926.85,2925.74,2926.85,2925.74,1740151920000,3,,0,,0,0,0,0,0,false
,2,2927.38,0,2927.12,2927.64,2927.64,2927.12,1740151980000,2,,0,,0,0,0,0,0,false
,3,2928.0067,0,2927.98,2928.88,2928.88,2927.16,1740152040000,3,,0,,0,0,0,0,0,false
,2,2928.635,0,2929.05,2928.22,2929.05,2928.22,1740152100000,2,,0,,0,0,0,0,0,false
,3,2927.4233,0,2927.99,2927.05,2927.99,2927.05,1740152160000,3,,0,,0,0,0,0,0,false
,3,2926.6833,0,2926.51,2927.28,2927.28,2926.26,1740152220000,3,,0,,0,0,0,0,0,false
,2,2926.42,0,2926.9,2925.94,2926.9,2925.94,1740152280000,2,,0,,0,0,0,0,0,false
,3,2926.2833,0,2925.92,2926.07,2926.86,2925.92,1740152340000,3,,0,,0,0,0,0,0,false
,2,2925.77,0,2925.34,2926.2,2926.2,2925.34,1740152400000,2,,0,,0,0,0,0,0,false
,3,2926.1,0,2926.07,2926.1,2926.13,2926.07,1740152460000,3,,0,,0,0,0,0,0,false
,3,2926.1033,0,2926.22,2926.1,2926.22,2925.99,1740152520000,3,,0,,0,0,0,0,0,false
,2,2926.83,0,2926.74,2926.92,2926.92,2926.74,1740152580000,2,,0,,0,0,0,0,0,false
,3,2926.3733,0,2926.61,2926.16,2926.61,2926.16,1740152640000,3,,0,,0,0,0,0,0,false
,2,2926.86,0,2926.06,2927.66,2927.66,2926.06,1740152700000,2,,0,,0,0,0,0,0,false
,2,2928.14,0,2928,2928.28,2928.28,2928,1740152760000,2,,0,,0,0,0,0,0,false
,2,2928.26,0,2928.49,2928.03,2928.49,2928.03,1740152820000,2,,0,,0,0,0,0,0,false
,2,2926.895,0,2927.19,2926.6,2927.19,2926.6,1740152880000,2,,0,,0,0,0,0,0,false
,3,2927.39,0,2927.16,2927.82,2927.82,2927.16,1740152940000,3,,0,,0,0,0,0,0,false
,2,2928.33,0,2928.24,2928.42,2928.42,2928.24,1740153000000,2,,0,,0,0,0,0,0,false
,2,2930.64,0,2930.42,2930.86,2930.86,2930.42,1740153060000,2,,0,,0,0,0,0,0,false
,2,2930.785,0,2931.09,2930.48,2931.09,2930.48,1740153120000,2,,0,,0,0,0,0,0,false
,2,2930.475,0,2930.44,2930.51,2930.51,2930.44,1740153180000,2,,0,,0,0,0,0,0,false
,2,2931.27,0,2931.21,2931.33,2931.33,2931.21,1740153240000,2,,0,,0,0,0,0,0,false
,2,2930.48,0,2931,2929.96,2931,2929.96,1740153300000,2,,0,,0,0,0,0,0,false
,3,2930.29,0,2929.96,2929.91,2931,2929.91,1740153360000,3,,0,,0,0,0,0,0,false
,3,2929.5867,0,2929.59,2929.91,2929.91,2929.26,1740153420000,3,,0,,0,0,0,0,0,false
,2,2929.1,0,2928.91,2929.29,2929.29,2928.91,1740153480000,2,,0,,0,0,0,0,0,false
,3,2928.8933,0,2929.01,2928.75,2929.01,2928.75,1740153540000,3,,0,,0,0,0,0,0,false
,2,2927.88,0,2928.21,2927.55,2928.21,2927.55,1740153600000,2,,0,,0,0,0,0,0,false
,3,2928.57,0,2928.64,2928.7,2928.7,2928.37,1740153660000,3,,0,,0,0,0,0,0,false
,3,2928.38,0,2928.12,2928.7,2928.7,2928.12,1740153720000,3,,0,,0,0,0,0,0,false
,2,2927.62,0,2927.48,2927.76,2927.76,2927.48,1740153780000,2,,0,,0,0,0,0,0,false
,3,2928.9133,0,2929.35,2929.53,2929.53,2927.86,1740153840000,3,,0,,0,0,0,0,0,false
,2,2928.905,0,2929.22,2928.59,2929.22,2928.59,1740153900000,2,,0,,0,0,0,0,0,false
,4,2928.765,0,2928.71,2929.3,2929.45,2927.6,1740153960000,4,,0,,0,0,0,0,0,false
,3,2929.8167,0,2930.06,2928.74,2930.65,2928.74,1740154020000,3,,0,,0,0,0,0,0,false
,2,2929.615,0,2929.84,2929.39,2929.84,2929.39,1740154080000,2,,0,,0,0,0,0,0,false
,3,2929.6533,0,2929.54,2929.58,2929.84,2929.54,1740154140000,3,,0,,0,0,0,0,0,false
,2,2929.535,0,2929.49,2929.58,2929.58,2929.49,1740154200000,2,,0,,0,0,0,0,0,false
,3,2929.85,0,2930.57,2929.49,2930.57,2929.49,1740154260000,3,,0,,0,0,0,0,0,false
,3,2930.1133,0,2929.91,2929.53,2930.9,2929.53,1740154320000,3,,0,,0,0,0,0,0,false
,2,2931.01,0,2931.07,2930.95,2931.07,2930.95,1740154380000,2,,0,,0,0,0,0,0,false
,2,2931.085,0,2930.71,2931.46,2931.46,2930.71,1740154440000,2,,0,,0,0,0,0,0,false
,2,2931.995,0,2931.6,2932.39,2932.39,2931.6,1740154500000,2,,0,,0,0,0,0,0,false
,2,2932.585,0,2932.68,2932.49,2932.68,2932.49,1740154560000,2,,0,,0,0,0,0,0,false
,2,2932.645,0,2932.74,2932.55,2932.74,2932.55,1740154620000,2,,0,,0,0,0,0,0,false
,2,2932.735,0,2932.83,2932.64,2932.83,2932.64,1740154680000,2,,0,,0,0,0,0,0,false
,2,2932.685,0,2932.72,2932.65,2932.72,2932.65,1740154740000,2,,0,,0,0,0,0,0,false
,2,2932.985,0,2932.66,2933.31,2933.31,2932.66,1740154800000,2,,0,,0,0,0,0,0,false
,3,2932.5967,0,2932.3,2932.83,2932.83,2932.3,1740154860000,3,,0,,0,0,0,0,0,false
,3,2932.5567,0,2932.75,2932.31,2932.75,2932.31,1740154920000,3,,0,,0,0,0,0,0,false
,2,2932.425,0,2932.26,2932.59,2932.59,2932.26,1740154980000,2,,0,,0,0,0,0,0,false
,3,2932.6667,0,2932.96,2932.81,2932.96,2932.23,1740155040000,3,,0,,0,0,0,0,0,false
,2,2932.495,0,2932.48,2932.51,2932.51,2932.48,1740155100000,2,,0,,0,0,0,0,0,false
,3,2932.7733,0,2932.58,2933.26,2933.26,2932.48,1740155160000,3,,0,,0,0,0,0,0,false
,3,2933.49,0,2933.53,2932.59,2934.35,2932.59,1740155220000,3,,0,,0,0,0,0,0,false
,2,2934.185,0,2934.02,2934.35,2934.35,2934.02,1740155280000,2,,0,,0,0,0,0,0,false
,3,2933.9867,0,2934.32,2934.5,2934.5,2933.14,1740155340000,3,,0,,0,0,0,0,0,false
,2,2934.385,0,2934.15,2934.62,2934.62,2934.15,1740155400000,2,,0,,0,0,0,0,0,false
,3,2934.02,0,2933.99,2934.86,2934.86,2933.21,1740155460000,3,,0,,0,0,0,0,0,false
,3,2935.34,0,2935.56,2934.86,2935.6,2934.86,1740155520000,3,,0,,0,0,0,0,0,false
,2,2935.905,0,2936,2935.81,2936,2935.81,1740155580000,2,,0,,0,0,0,0,0,false
,3,2935.7233,0,2935.07,2936.1,2936.1,2935.07,1740155640000,3,,0,,0,0,0,0,0,false
,2,2937.135,0,2937.06,2937.21,2937.21,2937.06,1740155700000,2,,0,,0,0,0,0,0,false
,3,2936.6633,0,2937.01,2936.78,2937.01,2936.2,1740155760000,3,,0,,0,0,0,0,0,false
,3,2936.5067,0,2936.29,2936.78,2936.78,2936.29,1740155820000,3,,0,,0,0,0,0,0,false
,2,2937.025,0,2937.18,2936.87,2937.18,2936.87,1740155880000,2,,0,,0,0,0,0,0,false
,3,2937.14,0,2937.01,2937.36,2937.36,2937.01,1740155940000,3,,0,,0,0,0,0,0,false
,2,2938.1,0,2938.26,2937.94,2938.26,2937.94,1740156000000,2,,0,,0,0,0,0,0,false
,3,2937.5,0,2937.31,2937.47,2937.72,2937.31,1740156060000,3,,0,,0,0,0,0,0,false
,3,2937.1033,0,2936.95,2937.47,2937.47,2936.89,1740156120000,3,,0,,0,0,0,0,0,false
,2,2936.835,0,2936.88,2936.79,2936.88,2936.79,1740156180000,2,,0,,0,0,0,0,0,false
,3,2936.5867,0,2936.54,2936.88,2936.88,2936.34,1740156240000,3,,0,,0,0,0,0,0,false
,2,2936.455,0,2936.06,2936.85,2936.85,2936.06,1740156300000,2,,0,,0,0,0,0,0,false
,3,2936.44,0,2937.26,2936,2937.26,2936,1740156360000,3,,0,,0,0,0,0,0,false
,3,2936.03,0,2935.68,2936,2936.41,2935.68,1740156420000,3,,0,,0,0,0,0,0,false
,2,2937.28,0,2937.34,2937.22,2937.34,2937.22,1740156480000,2,,0,,0,0,0,0,0,false
,3,2937.3833,0,2937.65,2937.71,2937.71,2936.79,1740156540000,3,,0,,0,0,0,0,0,false
,2,2937.815,0,2937.91,2937.72,2937.91,2937.72,1740156600000,2,,0,,0,0,0,0,0,false
,3,2937.62,0,2937.75,2937.2,2937.91,2937.2,1740156660000,3,,0,,0,0,0,0,0,false
,3,2936.6333,0,2936.5,2937.74,2937.74,2935.66,1740156720000,3,,0,,0,0,0,0,0,false
,2,2936.035,0,2936.09,2935.98,2936.09,2935.98,1740156780000,2,,0,,0,0,0,0,0,false
,3,2935.84,0,2935.76,2935.98,2935.98,2935.76,1740156840000,3,,0,,0,0,0,0,0,false
,2,2936.045,0,2936.16,2935.93,2936.16,2935.93,1740156900000,2,,0,,0,0,0,0,0,false
,3,2935.8,0,2935.7,2935.56,2936.14,2935.56,1740156960000,3,,0,,0,0,0,0,0,false
,3,2936,0,2936.34,2935.56,2936.34,2935.56,1740157020000,3,,0,,0,0,0,0,0,false
,2,2936.66,0,2936.77,2936.55,2936.77,2936.55,1740157080000,2,,0,,0,0,0,0,0,false
,3,2936.5833,0,2936.55,2936.55,2936.65,2936.55,1740157140000,3,,0,,0,0,0,0,0,false
,2,2937.08,0,2936.75,2937.41,2937.41,2936.75,1740157200000,2,,0,,0,0,0,0,0,false
,3,2937.46,0,2937.74,2937.89,2937.89,2936.75,1740157260000,3,,0,,0,0,0,0,0,false
,3,2937.5767,0,2937.67,2937.15,2937.91,2937.15,1740157320000,3,,0,,0,0,0,0,0,false
,2,2937.56,0,2937.55,2937.57,2937.57,2937.55,1740157380000,2,,0,,0,0,0,0,0,false
,3,2937.5733,0,2937.49,2937.57,2937.66,2937.49,1740157440000,3,,0,,0,0,0,0,0,false
,2,2937.685,0,2937.66,2937.71,2937.71,2937.66,1740157500000,2,,0,,0,0,0,0,0,false
,3,2936.9133,0,2936.82,2936.26,2937.66,2936.26,1740157560000,3,,0,,0,0,0,0,0,false
,3,2936.85,0,2936.76,2937.06,2937.06,2936.73,1740157620000,3,,0,,0,0,0,0,0,false
,2,2936.97,0,2937.14,2936.8,2937.14,2936.8,1740157680000,2,,0,,0,0,0,0,0,false
,3,2937.1267,0,2937.33,2936.8,2937.33,2936.8,1740157740000,3,,0,,0,0,0,0,0,false
,3,2936.6833,0,2937.31,2936.54,2937.31,2936.2,1740157800000,3,,0,,0,0,0,0,0,false
,3,2937.1933,0,2937.01,2937.26,2937.31,2937.01,1740157860000,3,,0,,0,0,0,0,0,false
,2,2937.37,0,2937.14,2937.6,2937.6,2937.14,1740157920000,2,,0,,0,0,0,0,0,false
,3,2937.5667,0,2937.26,2937.53,2937.91,2937.26,1740157980000,3,,0,,0,0,0,0,0,false
,3,2937.7533,0,2937.78,2937.54,2937.94,2937.54,1740158040000,3,,0,,0,0,0,0,0,false
,2,2938.2,0,2938.28,2938.12,2938.28,2938.12,1740158100000,2,,0,,0,0,0,0,0,false
,3,2938.3333,0,2938.36,2938.36,2938.36,2938.28,1740158160000,3,,0,,0,0,0,0,0,false
,2,2938.32,0,2938.26,2938.38,2938.38,2938.26,1740158220000,2,,0,,0,0,0,0,0,false
,3,2938.99,0,2938.36,2939.51,2939.51,2938.36,1740158280000,3,,0,,0,0,0,0,0,false
,3,2939.2167,0,2939.36,2939.01,2939.36,2939.01,1740158340000,3,,0,,0,0,0,0,0,false
,2,2938.985,0,2938.91,2939.06,2939.06,2938.91,1740158400000,2,,0,,0,0,0,0,0,false
,3,2939.12,0,2939.06,2939.39,2939.39,2938.91,1740158460000,3,,0,,0,0,0,0,0,false
,2,2938.85,0,2939.24,2938.46,2939.24,2938.46,1740158520000,2,,0,,0,0,0,0,0,false
,3,2938.4067,0,2939.07,2938.19,2939.07,2937.96,1740158580000,3,,0,,0,0,0,0,0,false
,3,2938.32,0,2938.46,2938.19,2938.46,2938.19,1740158640000,3,,0,,0,0,0,0,0,false
,3,2937.8167,0,2936.7,2938.58,2938.58,2936.7,1740158700000,3,,0,,0,0,0,0,0,false
,3,2938.1833,0,2938,2938.38,2938.38,2938,1740158760000,3,,0,,0,0,0,0,0,false
,2,2937.565,0,2937.66,2937.47,2937.66,2937.47,1740158820000,2,,0,,0,0,0,0,0,false
,3,2937.9967,0,2938.01,2937.86,2938.12,2937.86,1740158880000,3,,0,,0,0,0,0,0,false
,3,2937.77,0,2937.71,2937.86,2937.86,2937.71,1740158940000,3,,0,,0,0,0,0,0,false
,2,2937.69,0,2937.61,2937.77,2937.77,2937.61,1740159000000,2,,0,,0,0,0,0,0,false
,3,2938.22,0,2938.55,2938.5,2938.55,2937.61,1740159060000,3,,0,,0,0,0,0,0,false
,2,2939.02,0,2939.06,2938.98,2939.06,2938.98,1740159120000,2,,0,,0,0,0,0,0,false
,3,2938.7033,0,2938.4,2938.86,2938.86,2938.4,1740159180000,3,,0,,0,0,0,0,0,false
,3,2938.99,0,2938.65,2938.86,2939.46,2938.65,1740159240000,3,,0,,0,0,0,0,0,false
,2,2939.1,0,2939.61,2938.59,2939.61,2938.59,1740159300000,2,,0,,0,0,0,0,0,false
,3,2938.49,0,2938.11,2938.54,2938.82,2938.11,1740159360000,3,,0,,0,0,0,0,0,false
,2,2938.685,0,2938.7,2938.67,2938.7,2938.67,1740159420000,2,,0,,0,0,0,0,0,false
,3,2939.03,0,2938.54,2939.44,2939.44,2938.54,1740159480000,3,,0,,0,0,0,0,0,false
,3,2939.5767,0,2939.78,2939.3,2939.78,2939.3,1740159540000,3,,0,,0,0,0,0,0,false
,2,2939.76,0,2939.81,2939.71,2939.81,2939.71,1740159600000,2,,0,,0,0,0,0,0,false
,3,2939.8867,0,2939.73,2940.12,2940.12,2939.73,1740159660000,3,,0,,0,0,0,0,0,false
,2,2939.985,0,2940.07,2939.9,2940.07,2939.9,1740159720000,2,,0,,0,0,0,0,0,false
,3,2940.1467,0,2939.74,2940.28,2940.42,2939.74,1740159780000,3,,0,,0,0,0,0,0,false
,3,2940.0667,0,2940.05,2940.28,2940.28,2939.87,1740159840000,3,,0,,0,0,0,0,0,false
,2,2939.895,0,2940.06,2939.73,2940.06,2939.73,1740159900000,2,,0,,0,0,0,0,0,false
,3,2940.0467,0,2939.98,2940.1,2940.1,2939.98,1740159960000,3,,0,,0,0,0,0,0,false
,2,2940.22,0,2939.89,2940.55,2940.55,2939.89,1740160020000,2,,0,,0,0,0,0,0,false
,3,2940.8767,0,2940.1,2941.06,2941.47,2940.1,1740160080000,3,,0,,0,0,0,0,0,false
,3,2940.3133,0,2940.34,2940.29,2940.34,2940.29,1740160140000,3,,0,,0,0,0,0,0,false
,2,2940.1,0,2940.16,2940.04,2940.16,2940.04,1740160200000,2,,0,,0,0,0,0,0,false
,3,2940.35,0,2940.47,2940.42,2940.47,2940.16,1740160260000,3,,0,,0,0,0,0,0,false
,2,2940.54,0,2940.37,2940.71,2940.71,2940.37,1740160320000,2,,0,,0,0,0,0,0,false
,3,2940.3833,0,2940.36,2940.42,2940.42,2940.36,1740160380000,3,,0,,0,0,0,0,0,false
,3,2940.4967,0,2940.61,2940.42,2940.61,2940.42,1740160440000,3,,0,,0,0,0,0,0,false
,2,2940.62,0,2940.41,2940.83,2940.83,2940.41,1740160500000,2,,0,,0,0,0,0,0,false
,3,2939.7967,0,2939.57,2939.41,2940.41,2939.41,1740160560000,3,,0,,0,0,0,0,0,false
,2,2939.875,0,2939.87,2939.88,2939.88,2939.87,1740160620000,2,,0,,0,0,0,0,0,false
,3,2939.8167,0,2939.78,2940.1,2940.1,2939.57,1740160680000,3,,0,,0,0,0,0,0,false
,2,2939.78,0,2939.76,2939.8,2939.8,2939.76,1740160740000,2,,0,,0,0,0,0,0,false
,2,2939.65,0,2939.66,2939.64,2939.66,2939.64,1740160800000,2,,0,,0,0,0,0,0,false
,3,2939.61,0,2939.46,2939.71,2939.71,2939.46,1740160860000,3,,0,,0,0,0,0,0,false
,2,2939.45,0,2939.19,2939.71,2939.71,2939.19,1740160920000,2,,0,,0,0,0,0,0,false
,3,2939.4533,0,2939.71,2939.26,2939.71,2939.26,1740160980000,3,,0,,0,0,0,0,0,false
,4,2939.205,0,2938.5,2939.7,2939.7,2938.5,1740161040000,4,,0,,0,0,0,0,0,false
,3,2938.2,0,2937.4,2938.42,2938.78,2937.4,1740161100000,3,,0,,0,0,0,0,0,false
,3,2938.96,0,2938.88,2939.06,2939.06,2938.88,1740161160000,3,,0,,0,0,0,0,0,false
,2,2939.145,0,2939.21,2939.08,2939.21,2939.08,1740161220000,2,,0,,0,0,0,0,0,false
,3,2939.5367,0,2939.56,2939.84,2939.84,2939.21,1740161280000,3,,0,,0,0,0,0,0,false
,3,2939.82,0,2939.85,2939.89,2939.89,2939.72,1740161340000,3,,0,,0,0,0,0,0,false
,2,2939.67,0,2939.68,2939.66,2939.68,2939.66,1740161400000,2,,0,,0,0,0,0,0,false
,3,2939.2867,0,2939.29,2938.89,2939.68,2938.89,1740161460000,3,,0,,0,0,0,0,0,false
,2,2938.94,0,2938.98,2938.9,2938.98,2938.9,1740161520000,2,,0,,0,0,0,0,0,false
,3,2938.46,0,2938.01,2938.39,2938.98,2938.01,1740161580000,3,,0,,0,0,0,0,0,false
,3,2938.44,0,2938.6,2938.39,2938.6,2938.33,1740161640000,3,,0,,0,0,0,0,0,false
,2,2939.05,0,2938.8,2939.3,2939.3,2938.8,1740161700000,2,,0,,0,0,0,0,0,false
,3,2939.22,0,2939.21,2939.82,2939.82,2938.63,1740161760000,3,,0,,0,0,0,0,0,false
,2,2939.8,0,2939.76,2939.84,2939.84,2939.76,1740161820000,2,,0,,0,0,0,0,0,false
,2,2939.635,0,2939.78,2939.49,2939.78,2939.49,1740161880000,2,,0,,0,0,0,0,0,false
,3,2939.43,0,2939.4,2939.49,2939.49,2939.4,1740161940000,3,,0,,0,0,0,0,0,false
,2,2938.905,0,2938.66,2939.15,2939.15,2938.66,1740162000000,2,,0,,0,0,0,0,0,false
,3,2938.28,0,2938.1,2937.72,2939.02,2937.72,1740162060000,3,,0,,0,0,0,0,0,false
,2,2938.28,0,2938.26,2938.3,2938.3,2938.26,1740162120000,2,,0,,0,0,0,0,0,false
,3,2938.3833,0,2938.44,2938.45,2938.45,2938.26,1740162180000,3,,0,,0,0,0,0,0,false
,3,2938.27,0,2938.2,2938.45,2938.45,2938.16,1740162240000,3,,0,,0,0,0,0,0,false
,2,2938.27,0,2938.14,2938.4,2938.4,2938.14,1740162300000,2,,0,,0,0,0,0,0,false
,3,2938.42,0,2938.36,2938.76,2938.76,2938.14,1740162360000,3,,0,,0,0,0,0,0,false
,2,2939.435,0,2939.41,2939.46,2939.46,2939.41,1740162420000,2,,0,,0,0,0,0,0,false
,3,2939.1333,0,2939.5,2939.51,2939.51,2938.39,1740162480000,3,,0,,0,0,0,0,0,false
,3,2939.14,0,2939.02,2939.51,2939.51,2938.89,1740162540000,3,,0,,0,0,0,0,0,false
,2,2939.455,0,2939.34,2939.57,2939.57,2939.34,1740162600000,2,,0,,0,0,0,0,0,false
,3,2939.3467,0,2939.29,2939.26,2939.49,2939.26,1740162660000,3,,0,,0,0,0,0,0,false
,2,2940.015,0,2939.65,2940.38,2940.38,2939.65,1740162720000,2,,0,,0,0,0,0,0,false
,3,2940.07,0,2940.69,2939.9,2940.69,2939.62,1740162780000,3,,0,,0,0,0,0,0,false
,3,2939.6,0,2939.49,2939.9,2939.9,2939.41,1740162840000,3,,0,,0,0,0,0,0,false
,2,2939.695,0,2939.62,2939.77,2939.77,2939.62,1740162900000,2,,0,,0,0,0,0,0,false
,4,2939.86,0,2939.4,2940.07,2940.35,2939.4,1740162960000,4,,0,,0,0,0,0,0,false
,2,2939.995,0,2940,2939.99,2940,2939.99,1740163020000,2,,0,,0,0,0,0,0,false
,3,2940.8233,0,2941.19,2941.28,2941.28,2940,1740163080000,3,,0,,0,0,0,0,0,false
,3,2941.24,0,2941.96,2940.62,2941.96,2940.62,1740163140000,3,,0,,0,0,0,0,0,false
,2,2940.845,0,2940.95,2940.74,2940.95,2940.74,1740163200000,2,,0,,0,0,0,0,0,false
,3,2940.8367,0,2940.79,2940.77,2940.95,2940.77,1740163260000,3,,0,,0,0,0,0,0,false
,2,2940.15,0,2940.46,2939.84,2940.46,2939.84,1740163320000,2,,0,,0,0,0,0,0,false
,3,2940.06,0,2939.82,2939.9,2940.46,2939.82,1740163380000,3,,0,,0,0,0,0,0,false
,3,2940.1933,0,2940.05,2939.9,2940.63,2939.9,1740163440000,3,,0,,0,0,0,0,0,false
,2,2940.68,0,2940.63,2940.73,2940.73,2940.63,1740163500000,2,,0,,0,0,0,0,0,false
,3,2940.3467,0,2940.71,2940.08,2940.71,2940.08,1740163560000,3,,0,,0,0,0,0,0,false
,2,2940.38,0,2940.37,2940.39,2940.39,2940.37,1740163620000,2,,0,,0,0,0,0,0,false
,3,2940.6867,0,2940.98,2940.71,2940.98,2940.37,1740163680000,3,,0,,0,0,0,0,0,false
,3,2940.8467,0,2940.94,2940.71,2940.94,2940.71,1740163740000,3,,0,,0,0,0,0,0,false
,2,2940.84,0,2940.94,2940.74,2940.94,2940.74,1740163800000,2,,0,,0,0,0,0,0,false
,2,2940.765,0,2940.79,2940.74,2940.79,2940.74,1740163860000,2,,0,,0,0,0,0,0,false
,2,2941.325,0,2940.78,2941.87,2941.87,2940.78,1740163920000,2,,0,,0,0,0,0,0,false
,3,2941.61,0,2942.05,2942,2942.05,2940.78,1740163980000,3,,0,,0,0,0,0,0,false
,3,2941.7533,0,2942.1,2941.18,2942.1,2941.18,1740164040000,3,,0,,0,0,0,0,0,false
,2,2942.44,0,2942.55,2942.33,2942.55,2942.33,1740164100000,2,,0,,0,0,0,0,0,false
,3,2942.2867,0,2942.19,2942.33,2942.34,2942.19,1740164160000,3,,0,,0,0,0,0,0,false
,2,2942.24,0,2942.23,2942.25,2942.25,2942.23,1740164220000,2,,0,,0,0,0,0,0,false
,3,2941.8567,0,2941.78,2941.56,2942.23,2941.56,1740164280000,3,,0,,0,0,0,0,0,false
,2,2941.635,0,2941.68,2941.59,2941.68,2941.59,1740164340000,2,,0,,0,0,0,0,0,false
,3,2941.6367,0,2941.56,2941.79,2941.79,2941.56,1740164400000,3,,0,,0,0,0,0,0,false
,3,2942.0967,0,2942.36,2941.79,2942.36,2941.79,1740164460000,3,,0,,0,0,0,0,0,false
,2,2942.125,0,2942.04,2942.21,2942.21,2942.04,1740164520000,2,,0,,0,0,0,0,0,false
,3,2942.12,0,2942.02,2942.3,2942.3,2942.02,1740164580000,3,,0,,0,0,0,0,0,false
,2,2942.14,0,2942.23,2942.05,2942.23,2942.05,1740164640000,2,,0,,0,0,0,0,0,false
,3,2942.12,0,2942.3,2941.95,2942.3,2941.95,1740164700000,3,,0,,0,0,0,0,0,false
,3,2941.73,0,2941.8,2941.95,2941.95,2941.44,1740164760000,3,,0,,0,0,0,0,0,false
,2,2941.295,0,2941.46,2941.13,2941.46,2941.13,1740164820000,2,,0,,0,0,0,0,0,false
,3,2941.24,0,2941.15,2941.11,2941.46,2941.11,1740164880000,3,,0,,0,0,0,0,0,false
,3,2941.0867,0,2941.35,2941.81,2941.81,2940.1,1740164940000,3,,0,,0,0,0,0,0,false
,3,2941.6767,0,2941.11,2941.85,2942.07,2941.11,1740165000000,3,,0,,0,0,0,0,0,false
,3,2941.79,0,2941.9,2941.75,2941.9,2941.72,1740165060000,3,,0,,0,0,0,0,0,false
,2,2941.78,0,2941.68,2941.88,2941.88,2941.68,1740165120000,2,,0,,0,0,0,0,0,false
,3,2941.6567,0,2941.6,2941.69,2941.69,2941.6,1740165180000,3,,0,,0,0,0,0,0,false
,2,2941.605,0,2941.65,2941.56,2941.65,2941.56,1740165240000,2,,0,,0,0,0,0,0,false
,3,2941.6167,0,2941.69,2941.41,2941.75,2941.41,1740165300000,3,,0,,0,0,0,0,0,false
,3,2941.8233,0,2941.72,2941.74,2942.01,2941.72,1740165360000,3,,0,,0,0,0,0,0,false
,1,2942.12,0,2942.12,2942.12,2942.12,2942.12,1740165420000,1,,0,,0,0,0,0,0,false
,3,2942.2167,0,2942.16,2942.37,2942.37,2942.12,1740165480000,3,,0,,0,0,0,0,0,false
,2,2942.13,0,2942.32,2941.94,2942.32,2941.94,1740165540000,2,,0,,0,0,0,0,0,false
,3,2942.13,0,2942.37,2942.02,2942.37,2942,1740165600000,3,,0,,0,0,0,0,0,false
,3,2941.6933,0,2941.71,2942.02,2942.02,2941.35,1740165660000,3,,0,,0,0,0,0,0,false
,2,2941.195,0,2941.3,2941.09,2941.3,2941.09,1740165720000,2,,0,,0,0,0,0,0,false
,3,2941.19,0,2941.26,2941.01,2941.3,2941.01,1740165780000,3,,0,,0,0,0,0,0,false
,2,2941.045,0,2941.05,2941.04,2941.05,2941.04,1740165840000,2,,0,,0,0,0,0,0,false
,3,2941.17,0,2941.01,2941.21,2941.29,2941.01,1740165900000,3,,0,,0,0,0,0,0,false
,3,2940.0867,0,2939.94,2941.21,2941.21,2939.11,1740165960000,3,,0,,0,0,0,0,0,false
,2,2939.18,0,2939.22,2939.14,2939.22,2939.14,1740166020000,2,,0,,0,0,0,0,0,false
,3,2939.3767,0,2939.24,2939.15,2939.74,2939.15,1740166080000,3,,0,,0,0,0,0,0,false
,2,2939.065,0,2939.11,2939.02,2939.11,2939.02,1740166140000,2,,0,,0,0,0,0,0,false
,3,2939.4633,0,2939.15,2939.83,2939.83,2939.15,1740166200000,3,,0,,0,0,0,0,0,false
,3,2939.7933,0,2940.06,2939.42,2940.06,2939.42,1740166260000,3,,0,,0,0,0,0,0,false
,2,2939.855,0,2939.9,2939.81,2939.9,2939.81,1740166320000,2,,0,,0,0,0,0,0,false
,3,2939.9267,0,2940.14,2939.74,2940.14,2939.74,1740166380000,3,,0,,0,0,0,0,0,false
,3,2939.4367,0,2938.6,2940.06,2940.06,2938.6,1740166440000,3,,0,,0,0,0,0,0,false
,3,2939.7933,0,2939.72,2939.75,2939.91,2939.72,1740166500000,3,,0,,0,0,0,0,0,false
,3,2939.82,0,2939.79,2939.75,2939.92,2939.75,1740166560000,3,,0,,0,0,0,0,0,false
,2,2939.42,0,2939.45,2939.39,2939.45,2939.39,1740166620000,2,,0,,0,0,0,0,0,false
,3,2939.3333,0,2939.51,2938.91,2939.58,2938.91,1740166680000,3,,0,,0,0,0,0,0,false
,2,2938.82,0,2938.86,2938.78,2938.86,2938.78,1740166740000,2,,0,,0,0,0,0,0,false
,3,2938.6867,0,2939.5,2938.03,2939.5,2938.03,1740166800000,3,,0,,0,0,0,0,0,false
,2,2937.87,0,2937.91,2937.83,2937.91,2937.83,1740166860000,2,,0,,0,0,0,0,0,false
,2,2937.555,0,2937.74,2937.37,2937.74,2937.37,1740166920000,2,,0,,0,0,0,0,0,false
,3,2937.76,0,2937.6,2937.94,2937.94,2937.6,1740166980000,3,,0,,0,0,0,0,0,false
,2,2937.82,0,2937.95,2937.69,2937.95,2937.69,1740167040000,2,,0,,0,0,0,0,0,false
,4,2936.745,0,2937.61,2936.56,2937.61,2935.8,1740167100000,4,,0,,0,0,0,0,0,false
,3,2935.8967,0,2935.76,2936.98,2936.98,2934.95,1740167160000,3,,0,,0,0,0,0,0,false
,2,2934.53,0,2934.95,2934.11,2934.95,2934.11,1740167220000,2,,0,,0,0,0,0,0,false
,3,2934.51,0,2934.13,2934.45,2934.95,2934.13,1740167280000,3,,0,,0,0,0,0,0,false
,2,2934.205,0,2934.38,2934.03,2934.38,2934.03,1740167340000,2,,0,,0,0,0,0,0,false
,3,2933.9433,0,2933.56,2933.82,2934.45,2933.56,1740167400000,3,,0,,0,0,0,0,0,false
,3,2934.1833,0,2934.56,2933.82,2934.56,2933.82,1740167460000,3,,0,,0,0,0,0,0,false
,2,2934.06,0,2933.84,2934.28,2934.28,2933.84,1740167520000,2,,0,,0,0,0,0,0,false
,4,2934.025,0,2934.44,2934.52,2934.52,2933.3,1740167580000,4,,0,,0,0,0,0,0,false
,2,2934.33,0,2934.6,2934.06,2934.6,2934.06,1740167640000,2,,0,,0,0,0,0,0,false
,2,2934.335,0,2934.27,2934.4,2934.4,2934.27,1740167700000,2,,0,,0,0,0,0,0,false
,3,2934.1733,0,2934.45,2934.24,2934.45,2933.83,1740167760000,3,,0,,0,0,0,0,0,false
,2,2933.5,0,2933.5,2933.5,2933.5,2933.5,1740167820000,2,,0,,0,0,0,0,0,false
,3,2933.17,0,2932.97,2933.04,2933.5,2932.97,1740167880000,3,,0,,0,0,0,0,0,false
,2,2933.545,0,2933.46,2933.63,2933.63,2933.46,1740167940000,2,,0,,0,0,0,0,0,false
,3,2933.9467,0,2934.11,2934.33,2934.33,2933.4,1740168000000,3,,0,,0,0,0,0,0,false
,3,2934.29,0,2934.23,2934.33,2934.33,2934.23,1740168060000,3,,0,,0,0,0,0,0,false
,1,2934.1,0,2934.1,2934.1,2934.1,2934.1,1740168120000,1,,0,,0,0,0,0,0,false
,3,2934.9433,0,2935.02,2935.5,2935.5,2934.31,1740168180000,3,,0,,0,0,0,0,0,false
,2,2935.315,0,2935.34,2935.29,2935.34,2935.29,1740168240000,2,,0,,0,0,0,0,0,false
,3,2935.7133,0,2935.96,2936.37,2936.37,2934.81,1740168300000,3,,0,,0,0,0,0,0,false
,3,2936.16,0,2936.07,2936.37,2936.37,2936.04,1740168360000,3,,0,,0,0,0,0,0,false
,2,2936.675,0,2936.44,2936.91,2936.91,2936.44,1740168420000,2,,0,,0,0,0,0,0,false
,3,2936.6267,0,2936.77,2936.67,2936.77,2936.44,1740168480000,3,,0,,0,0,0,0,0,false
,2,2936.67,0,2936.61,2936.73,2936.73,2936.61,1740168540000,2,,0,,0,0,0,0,0,false
,3,2936.4933,0,2936.55,2936.32,2936.61,2936.32,1740168600000,3,,0,,0,0,0,0,0,false
,3,2936.09,0,2935.64,2936.32,2936.32,2935.64,1740168660000,3,,0,,0,0,0,0,0,false
,2,2935.9,0,2935.9,2935.9,2935.9,2935.9,1740168720000,2,,0,,0,0,0,0,0,false
,3,2936.01,0,2936.11,2935.93,2936.11,2935.93,1740168780000,3,,0,,0,0,0,0,0,false
,2,2935.585,0,2935.49,2935.68,2935.68,2935.49,1740168840000,2,,0,,0,0,0,0,0,false
,3,2935.31,0,2935.31,2935.01,2935.61,2935.01,1740168900000,3,,0,,0,0,0,0,0,false
,4,2934.6,0,2934.88,2935.03,2935.03,2934.19,1740168960000,4,,0,,0,0,0,0,0,false
,2,2934.025,0,2934.02,2934.03,2934.03,2934.02,1740169020000,2,,0,,0,0,0,0,0,false
,3,2933.9533,0,2934.24,2933.57,2934.24,2933.57,1740169080000,3,,0,,0,0,0,0,0,false
,2,2933.13,0,2933.22,2933.04,2933.22,2933.04,1740169140000,2,,0,,0,0,0,0,0,false
,3,2933.0433,0,2932.71,2933.01,2933.41,2932.71,1740169200000,3,,0,,0,0,0,0,0,false
,4,2932.7625,0,2932.93,2933.01,2933.41,2931.7,1740169260000,4,,0,,0,0,0,0,0,false
,2,2932.91,0,2932.75,2933.07,2933.07,2932.75,1740169320000,2,,0,,0,0,0,0,0,false
,3,2932.9267,0,2933.07,2932.96,2933.07,2932.75,1740169380000,3,,0,,0,0,0,0,0,false
,2,2933.68,0,2933.5,2933.86,2933.86,2933.5,1740169440000,2,,0,,0,0,0,0,0,false
,3,2933.9467,0,2933.92,2934.64,2934.64,2933.28,1740169500000,3,,0,,0,0,0,0,0,false
,2,2934.36,0,2934.24,2934.48,2934.48,2934.24,1740169560000,2,,0,,0,0,0,0,0,false
,2,2934.08,0,2934.05,2934.11,2934.11,2934.05,1740169620000,2,,0,,0,0,0,0,0,false
,3,2933.7733,0,2933.74,2933.53,2934.05,2933.53,1740169680000,3,,0,,0,0,0,0,0,false
,2,2933.67,0,2933.52,2933.82,2933.82,2933.52,1740169740000,2,,0,,0,0,0,0,0,false
,3,2934.36,0,2934.34,2935.22,2935.22,2933.52,1740169800000,3,,0,,0,0,0,0,0,false
,3,2935.2933,0,2935.69,2934.45,2935.74,2934.45,1740169860000,3,,0,,0,0,0,0,0,false
,2,2935.95,0,2935.87,2936.03,2936.03,2935.87,1740169920000,2,,0,,0,0,0,0,0,false
,3,2936.01,0,2936.29,2935.96,2936.29,2935.78,1740169980000,3,,0,,0,0,0,0,0,false
,2,2935.98,0,2936.22,2935.74,2936.22,2935.74,1740170040000,2,,0,,0,0,0,0,0,false
,3,2935.1867,0,2935.01,2934.33,2936.22,2934.33,1740170100000,3,,0,,0,0,0,0,0,false
,3,2934.5033,0,2934.88,2934.22,2934.88,2934.22,1740170160000,3,,0,,0,0,0,0,0,false
,2,2933.745,0,2933.76,2933.73,2933.76,2933.73,1740170220000,2,,0,,0,0,0,0,0,false
,2,2933.57,0,2933.86,2933.28,2933.86,2933.28,1740170280000,2,,0,,0,0,0,0,0,false
,2,2934,0,2933.89,2934.11,2934.11,2933.89,1740170340000,2,,0,,0,0,0,0,0,false
,3,2934.41,0,2933.94,2935.12,2935.12,2933.94,1740170400000,3,,0,,0,0,0,0,0,false
,3,2935.0333,0,2935.43,2933.95,2935.72,2933.95,1740170460000,3,,0,,0,0,0,0,0,false
,2,2935.805,0,2935.74,2935.87,2935.87,2935.74,1740170520000,2,,0,,0,0,0,0,0,false
,3,2935.6767,0,2935.67,2935.62,2935.74,2935.62,1740170580000,3,,0,,0,0,0,0,0,false
,2,2935.915,0,2935.81,2936.02,2936.02,2935.81,1740170640000,2,,0,,0,0,0,0,0,false
,3,2935.9033,0,2936.06,2935.84,2936.06,2935.81,1740170700000,3,,0,,0,0,0,0,0,false
,2,2935.6,0,2935.44,2935.76,2935.76,2935.44,1740170760000,2,,0,,0,0,0,0,0,false
,3,2935.6933,0,2935.84,2935.66,2935.84,2935.58,1740170820000,3,,0,,0,0,0,0,0,false
,3,2935.51,0,2935.44,2935.58,2935.58,2935.44,1740170880000,3,,0,,0,0,0,0,0,false
,2,2935.165,0,2935.07,2935.26,2935.26,2935.07,1740170940000,2,,0,,0,0,0,0,0,false
,3,2935.0367,0,2934.76,2935.16,2935.19,2934.76,1740171000000,3,,0,,0,0,0,0,0,false
,2,2934.995,0,2934.95,2935.04,2935.04,2934.95,1740171060000,2,,0,,0,0,0,0,0,false
,3,2934.81,0,2935.16,2934.55,2935.16,2934.55,1740171120000,3,,0,,0,0,0,0,0,false
,3,2934.66,0,2934.5,2934.55,2934.93,2934.5,1740171180000,3,,0,,0,0,0,0,0,false
,2,2934.925,0,2934.99,2934.86,2934.99,2934.86,1740171240000,2,,0,,0,0,0,0,0,false
,3,2934.6,0,2934.68,2934.59,2934.68,2934.53,1740171300000,3,,0,,0,0,0,0,0,false
,2,2934.605,0,2934.39,2934.82,2934.82,2934.39,1740171360000,2,,0,,0,0,0,0,0,false
,3,2934.5033,0,2934.59,2934.39,2934.59,2934.39,1740171420000,3,,0,,0,0,0,0,0,false
,3,2934.46,0,2934.28,2934.39,2934.71,2934.28,1740171480000,3,,0,,0,0,0,0,0,false
,2,2934.76,0,2934.69,2934.83,2934.83,2934.69,1740171540000,2,,0,,0,0,0,0,0,false
,3,2934.31,0,2934.35,2934.27,2934.35,2934.27,1740171600000,3,,0,,0,0,0,0,0,false
,2,2934.595,0,2934.63,2934.56,2934.63,2934.56,1740171660000,2,,0,,0,0,0,0,0,false
,3,2934.4767,0,2934.27,2934.55,2934.61,2934.27,1740171720000,3,,0,,0,0,0,0,0,false
,3,2934.57,0,2934.44,2934.55,2934.72,2934.44,1740171780000,3,,0,,0,0,0,0,0,false
,2,2934.585,0,2934.59,2934.58,2934.59,2934.58,1740171840000,2,,0,,0,0,0,0,0,false
,3,2934.2733,0,2934.34,2933.89,2934.59,2933.89,1740171900000,3,,0,,0,0,0,0,0,false
,2,2934.335,0,2934.28,2934.39,2934.39,2934.28,1740171960000,2,,0,,0,0,0,0,0,false
,3,2934.35,0,2934.33,2934.33,2934.39,2934.33,1740172020000,3,,0,,0,0,0,0,0,false
,3,2934.1233,0,2934.08,2934.33,2934.33,2933.96,1740172080000,3,,0,,0,0,0,0,0,false
,2,2933.845,0,2933.97,2933.72,2933.97,2933.72,1740172140000,2,,0,,0,0,0,0,0,false
,3,2933.08,0,2932.34,2932.93,2933.97,2932.34,1740172200000,3,,0,,0,0,0,0,0,false
,2,2933.1,0,2932.96,2933.24,2933.24,2932.96,1740172260000,2,,0,,0,0,0,0,0,false
,3,2933.25,0,2933.07,2933.33,2933.35,2933.07,1740172320000,3,,0,,0,0,0,0,0,false
,3,2933.74,0,2933.88,2933.33,2934.01,2933.33,1740172380000,3,,0,,0,0,0,0,0,false
,2,2934.245,0,2934.28,2934.21,2934.28,2934.21,1740172440000,2,,0,,0,0,0,0,0,false
,3,2934.5933,0,2934.83,2934.91,2934.91,2934.04,1740172500000,3,,0,,0,0,0,0,0,false
,2,2934.92,0,2934.92,2934.92,2934.92,2934.92,1740172560000,2,,0,,0,0,0,0,0,false
,3,2934.8333,0,2934.91,2934.9,2934.91,2934.69,1740172620000,3,,0,,0,0,0,0,0,false
,3,2934.8433,0,2934.77,2934.9,2934.9,2934.77,1740172680000,3,,0,,0,0,0,0,0,false
,2,2935.34,0,2935.25,2935.43,2935.43,2935.25,1740172740000,2,,0,,0,0,0,0,0,false
,3,2935.5733,0,2935.74,2935.82,2935.82,2935.16,1740172800000,3,,0,,0,0,0,0,0,false
,2,2935.535,0,2935.55,2935.52,2935.55,2935.52,1740172860000,2,,0,,0,0,0,0,0,false
,3,2935.6133,0,2935.82,2935.51,2935.82,2935.51,1740172920000,3,,0,,0,0,0,0,0,false
,3,2935.7433,0,2935.91,2935.51,2935.91,2935.51,1740172980000,3,,0,,0,0,0,0,0,false
,2,2935.715,0,2935.78,2935.65,2935.78,2935.65,1740173040000,2,,0,,0,0,0,0,0,false
,3,2935.74,0,2935.66,2935.78,2935.78,2935.66,1740173100000,3,,0,,0,0,0,0,0,false
,2,2935.815,0,2935.86,2935.77,2935.86,2935.77,1740173160000,2,,0,,0,0,0,0,0,false
,3,2935.9133,0,2935.78,2936.13,2936.13,2935.78,1740173220000,3,,0,,0,0,0,0,0,false
,4,2935.81,0,2934.8,2936.13,2936.2,2934.8,1740173280000,4,,0,,0,0,0,0,0,false
,2,2935.865,0,2935.92,2935.81,2935.92,2935.81,1740173340000,2,,0,,0,0,0,0,0,false
,3,2935.9167,0,2935.8,2936.03,2936.03,2935.8,1740173400000,3,,0,,0,0,0,0,0,false
,2,2935.8,0,2935.83,2935.77,2935.83,2935.77,1740173460000,2,,0,,0,0,0,0,0,false
,3,2936.14,0,2936.03,2936.17,2936.22,2936.03,1740173520000,3,,0,,0,0,0,0,0,false
,3,2936.1867,0,2936.22,2936.17,2936.22,2936.17,1740173580000,3,,0,,0,0,0,0,0,false
,2,2936.185,0,2936.19,2936.18,2936.19,2936.18,1740173640000,2,,0,,0,0,0,0,0,false
,3,2936.3333,0,2936.44,2936.37,2936.44,2936.19,1740173700000,3,,0,,0,0,0,0,0,false
,2,2936.245,0,2936.26,2936.23,2936.26,2936.23,1740173760000,2,,0,,0,0,0,0,0,false
,3,2936.3467,0,2936.37,2936.4,2936.4,2936.27,1740173820000,3,,0,,0,0,0,0,0,false
,3,2936.29,0,2936.25,2936.4,2936.4,2936.22,1740173880000,3,,0,,0,0,0,0,0,false
,2,2936.505,0,2936.41,2936.6,2936.6,2936.41,1740173940000,2,,0,,0,0,0,0,0,false
,3,2936.78,0,2936.87,2937.06,2937.06,2936.41,1740174000000,3,,0,,0,0,0,0,0,false
,3,2936.9933,0,2937.3,2937.58,2937.58,2936.1,1740174060000,3,,0,,0,0,0,0,0,false
,3,2937.5333,0,2937.06,2937.57,2937.97,2937.06,1740174120000,3,,0,,0,0,0,0,0,false
,3,2937.64,0,2937.62,2937.57,2937.73,2937.57,1740174180000,3,,0,,0,0,0,0,0,false
,2,2937.67,0,2937.72,2937.62,2937.72,2937.62,1740174240000,2,,0,,0,0,0,0,0,false
,3,2937.7133,0,2937.67,2937.75,2937.75,2937.67,1740174300000,3,,0,,0,0,0,0,0,false
,2,2936.71,0,2936.9,2936.52,2936.9,2936.52,1740174360000,2,,0,,0,0,0,0,0,false
,3,2936.6333,0,2937.75,2935.9,2937.75,2935.9,1740174420000,3,,0,,0,0,0,0,0,false
,3,2935.7333,0,2935.54,2935.9,2935.9,2935.54,1740174480000,3,,0,,0,0,0,0,0,false
,2,2935.5,0,2935.44,2935.56,2935.56,2935.44,1740174540000,2,,0,,0,0,0,0,0,false
,3,2935.61,0,2935.65,2935.43,2935.75,2935.43,1740174600000,3,,0,,0,0,0,0,0,false
,2,2935.325,0,2935.43,2935.22,2935.43,2935.22,1740174660000,2,,0,,0,0,0,0,0,false
,3,2935.6033,0,2935.43,2935.94,2935.94,2935.43,1740174720000,3,,0,,0,0,0,0,0,false
,3,2935.82,0,2935.98,2935.45,2936.03,2935.45,1740174780000,3,,0,,0,0,0,0,0,false
,2,2935.86,0,2936.03,2935.69,2936.03,2935.69,1740174840000,2,,0,,0,0,0,0,0,false
,3,2935.73,0,2935.51,2935.68,2936,2935.51,1740174900000,3,,0,,0,0,0,0,0,false
,2,2935.16,0,2935.28,2935.04,2935.28,2935.04,1740174960000,2,,0,,0,0,0,0,0,false
,3,2935.39,0,2935.13,2935.74,2935.74,2935.13,1740175020000,3,,0,,0,0,0,0,0,false
,3,2935.5267,0,2935.61,2935.14,2935.83,2935.14,1740175080000,3,,0,,0,0,0,0,0,false
,1,2935.49,0,2935.49,2935.49,2935.49,2935.49,1740175140000,1,,0,,0,0,0,0,0,false
,1,2935.5,0,2935.5,2935.5,2935.5,2935.5,1740348000000,1,,0,,0,0,0,0,0,false
,2,2935.745,0,2934.95,2936.54,2936.54,2934.95,1740351660000,2,,0,,0,0,0,0,0,false
,2,2938.25,0,2937.71,2938.79,2938.79,2937.71,1740351720000,2,,0,,0,0,0,0,0,false
,2,2938.74,0,2938.7,2938.78,2938.78,2938.7,1740351780000,2,,0,,0,0,0,0,0,false
,3,2939.0167,0,2938.6,2939.18,2939.27,2938.6,1740351840000,3,,0,,0,0,0,0,0,false
,2,2938.88,0,2939.06,2938.7,2939.06,2938.7,1740351900000,2,,0,,0,0,0,0,0,false
,2,2938.55,0,2938.48,2938.62,2938.62,2938.48,1740351960000,2,,0,,0,0,0,0,0,false
,2,2939.03,0,2938.95,2939.11,2939.11,2938.95,1740352020000,2,,0,,0,0,0,0,0,false
,2,2939.055,0,2939.07,2939.04,2939.07,2939.04,1740352080000,2,,0,,0,0,0,0,0,false
,3,2939.2233,0,2938.3,2939.82,2939.82,2938.3,1740352140000,3,,0,,0,0,0,0,0,false
,2,2939.415,0,2939.39,2939.44,2939.44,2939.39,1740352200000,2,,0,,0,0,0,0,0,false
,2,2939.54,0,2939.67,2939.41,2939.67,2939.41,1740352260000,2,,0,,0,0,0,0,0,false
,2,2939.54,0,2939.47,2939.61,2939.61,2939.47,1740352320000,2,,0,,0,0,0,0,0,false
,2,2939.755,0,2939.61,2939.9,2939.9,2939.61,1740352380000,2,,0,,0,0,0,0,0,false
,2,2938.83,0,2938.87,2938.79,2938.87,2938.79,1740352440000,2,,0,,0,0,0,0,0,false
,2,2939.335,0,2939.16,2939.51,2939.51,2939.16,1740352500000,2,,0,,0,0,0,0,0,false
,2,2939.515,0,2939.4,2939.63,2939.63,2939.4,1740352560000,2,,0,,0,0,0,0,0,false
,2,2939.605,0,2939.6,2939.61,2939.61,2939.6,1740352620000,2,,0,,0,0,0,0,0,false
,3,2938.8133,0,2938.3,2938.87,2939.27,2938.3,1740352680000,3,,0,,0,0,0,0,0,false
,2,2939.25,0,2939.27,2939.23,2939.27,2939.23,1740352740000,2,,0,,0,0,0,0,0,false
,2,2939.34,0,2939.34,2939.34,2939.34,2939.34,1740352800000,2,,0,,0,0,0,0,0,false
,2,2938.58,0,2938.58,2938.58,2938.58,2938.58,1740352860000,2,,0,,0,0,0,0,0,false
,2,2939.02,0,2938.95,2939.09,2939.09,2938.95,1740352920000,2,,0,,0,0,0,0,0,false
,2,2939.22,0,2939.17,2939.27,2939.27,2939.17,1740352980000,2,,0,,0,0,0,0,0,false
,3,2938.9933,0,2938.1,2939.43,2939.45,2938.1,1740353040000,3,,0,,0,0,0,0,0,false
,3,2938.8767,0,2938.1,2939.19,2939.34,2938.1,1740353100000,3,,0,,0,0,0,0,0,false
,2,2939.12,0,2939.25,2938.99,2939.25,2938.99,1740353160000,2,,0,,0,0,0,0,0,false
,3,2938.61,0,2937.8,2938.96,2939.07,2937.8,1740353220000,3,,0,,0,0,0,0,0,false
,2,2939.215,0,2939.2,2939.23,2939.23,2939.2,1740353280000,2,,0,,0,0,0,0,0,false
,2,2938.56,0,2938.75,2938.37,2938.75,2938.37,1740353340000,2,,0,,0,0,0,0,0,false
,2,2937.485,0,2937.47,2937.5,2937.5,2937.47,1740353400000,2,,0,,0,0,0,0,0,false
,2,2938.11,0,2937.5,2938.72,2938.72,2937.5,1740353460000,2,,0,,0,0,0,0,0,false
,2,2938.59,0,2938.69,2938.49,2938.69,2938.49,1740353520000,2,,0,,0,0,0,0,0,false
,2,2938.345,0,2938.44,2938.25,2938.44,2938.25,1740353580000,2,,0,,0,0,0,0,0,false
,2,2938.58,0,2938.87,2938.29,2938.87,2938.29,1740353640000,2,,0,,0,0,0,0,0,false
,2,2938.27,0,2938.29,2938.25,2938.29,2938.25,1740353700000,2,,0,,0,0,0,0,0,false
,2,2937.335,0,2937.4,2937.27,2937.4,2937.27,1740353760000,2,,0,,0,0,0,0,0,false
,2,2937.365,0,2937.39,2937.34,2937.39,2937.34,1740353820000,2,,0,,0,0,0,0,0,false
,2,2937.71,0,2937.57,2937.85,2937.85,2937.57,1740353880000,2,,0,,0,0,0,0,0,false
,2,2938.395,0,2938.01,2938.78,2938.78,2938.01,1740353940000,2,,0,,0,0,0,0,0,false
,2,2937.505,0,2937.61,2937.4,2937.61,2937.4,1740354000000,2,,0,,0,0,0,0,0,false
,2,2937.565,0,2937.49,2937.64,2937.64,2937.49,1740354060000,2,,0,,0,0,0,0,0,false
,2,2937.615,0,2937.57,2937.66,2937.66,2937.57,1740354120000,2,,0,,0,0,0,0,0,false
,2,2937.495,0,2937.5,2937.49,2937.5,2937.49,1740354180000,2,,0,,0,0,0,0,0,false
,3,2936.98,0,2936.3,2937.37,2937.37,2936.3,1740354240000,3,,0,,0,0,0,0,0,false
,2,2937.585,0,2937.62,2937.55,2937.62,2937.55,1740354300000,2,,0,,0,0,0,0,0,false
,2,2937.43,0,2937.5,2937.36,2937.5,2937.36,1740354360000,2,,0,,0,0,0,0,0,false
,2,2937.115,0,2937.22,2937.01,2937.22,2937.01,1740354420000,2,,0,,0,0,0,0,0,false
,3,2936.79,0,2936,2937.21,2937.21,2936,1740354480000,3,,0,,0,0,0,0,0,false
,2,2938.19,0,2938.38,2938,2938.38,2938,1740354540000,2,,0,,0,0,0,0,0,false
,2,2937.66,0,2938.04,2937.28,2938.04,2937.28,1740354600000,2,,0,,0,0,0,0,0,false
,2,2937.48,0,2936.82,2938.14,2938.14,2936.82,1740354660000,2,,0,,0,0,0,0,0,false
,2,2937.225,0,2937.96,2936.49,2937.96,2936.49,1740354720000,2,,0,,0,0,0,0,0,false
,3,2936.7433,0,2936.4,2936.56,2937.27,2936.4,1740354780000,3,,0,,0,0,0,0,0,false
,2,2936.875,0,2936.94,2936.81,2936.94,2936.81,1740354840000,2,,0,,0,0,0,0,0,false
,2,2937.26,0,2937.18,2937.34,2937.34,2937.18,1740354900000,2,,0,,0,0,0,0,0,false
,2,2936.86,0,2936.92,2936.8,2936.92,2936.8,1740354960000,2,,0,,0,0,0,0,0,false
,2,2936.89,0,2936.85,2936.93,2936.93,2936.85,1740355020000,2,,0,,0,0,0,0,0,false
,2,2936.415,0,2936.69,2936.14,2936.69,2936.14,1740355080000,2,,0,,0,0,0,0,0,false
,2,2936.335,0,2936.46,2936.21,2936.46,2936.21,1740355140000,2,,0,,0,0,0,0,0,false
,3,2936.5867,0,2936.68,2936.42,2936.68,2936.42,1740355200000,3,,0,,0,0,0,0,0,false
,3,2936.3833,0,2936.32,2936.32,2936.51,2936.32,1740355260000,3,,0,,0,0,0,0,0,false
,2,2936.31,0,2936.19,2936.43,2936.43,2936.19,1740355320000,2,,0,,0,0,0,0,0,false
,3,2936.5833,0,2936.45,2937.11,2937.11,2936.19,1740355380000,3,,0,,0,0,0,0,0,false
,2,2937.02,0,2936.89,2937.15,2937.15,2936.89,1740355440000,2,,0,,0,0,0,0,0,false
,3,2937.02,0,2936.46,2937.31,2937.31,2936.46,1740355500000,3,,0,,0,0,0,0,0,false
,4,2936.6125,0,2935.9,2936.7,2937.01,2935.9,1740355560000,4,,0,,0,0,0,0,0,false
,2,2937.03,0,2937.03,2937.03,2937.03,2937.03,1740355620000,2,,0,,0,0,0,0,0,false
,3,2937.2967,0,2937.47,2937.39,2937.47,2937.03,1740355680000,3,,0,,0,0,0,0,0,false
,2,2936.875,0,2937,2936.75,2937,2936.75,1740355740000,2,,0,,0,0,0,0,0,false
,3,2936.71,0,2937.39,2936.43,2937.39,2936.31,1740355800000,3,,0,,0,0,0,0,0,false
,4,2936.1025,0,2935.2,2936.55,2936.55,2935.2,1740355860000,4,,0,,0,0,0,0,0,false
,2,2936.87,0,2937.05,2936.69,2937.05,2936.69,1740355920000,2,,0,,0,0,0,0,0,false
,3,2936.77,0,2937,2936.46,2937,2936.46,1740355980000,3,,0,,0,0,0,0,0,false
,2,2936.33,0,2936.44,2936.22,2936.44,2936.22,1740356040000,2,,0,,0,0,0,0,0,false
,3,2936.3767,0,2936.66,2936.35,2936.66,2936.12,1740356100000,3,,0,,0,0,0,0,0,false
,3,2936.3933,0,2936.34,2936.72,2936.72,2936.12,1740356160000,3,,0,,0,0,0,0,0,false
,2,2936.385,0,2936.31,2936.46,2936.46,2936.31,1740356220000,2,,0,,0,0,0,0,0,false
,3,2935.9767,0,2936.15,2935.47,2936.31,2935.47,1740356280000,3,,0,,0,0,0,0,0,false
,2,2934.92,0,2935.42,2934.42,2935.42,2934.42,1740356340000,2,,0,,0,0,0,0,0,false
,3,2935.3167,0,2936.14,2934.86,2936.14,2934.86,1740356400000,3,,0,,0,0,0,0,0,false
,3,2934.9167,0,2935,2934.8,2935,2934.8,1740356460000,3,,0,,0,0,0,0,0,false
,3,2934.51,0,2933.9,2934.5,2935.13,2933.9,1740356520000,3,,0,,0,0,0,0,0,false
,3,2934.8233,0,2934.69,2934.68,2935.1,2934.68,1740356580000,3,,0,,0,0,0,0,0,false
,2,2934.89,0,2934.89,2934.89,2934.89,2934.89,1740356640000,2,,0,,0,0,0,0,0,false
,3,2934.8833,0,2934.68,2934.93,2935.04,2934.68,1740356700000,3,,0,,0,0,0,0,0,false
,3,2934.86,0,2934.47,2935.07,2935.07,2934.47,1740356760000,3,,0,,0,0,0,0,0,false
,2,2935.87,0,2935.76,2935.98,2935.98,2935.76,1740356820000,2,,0,,0,0,0,0,0,false
,3,2935.72,0,2936.08,2936.06,2936.08,2935.02,1740356880000,3,,0,,0,0,0,0,0,false
,2,2935.98,0,2936.24,2935.72,2936.24,2935.72,1740356940000,2,,0,,0,0,0,0,0,false
,3,2935.62,0,2936.06,2935.3,2936.06,2935.3,1740357000000,3,,0,,0,0,0,0,0,false
,3,2934.91,0,2934.68,2934.55,2935.5,2934.55,1740357060000,3,,0,,0,0,0,0,0,false
,3,2933.59,0,2933,2933.75,2934.02,2933,1740357120000,3,,0,,0,0,0,0,0,false
,2,2934.305,0,2934.4,2934.21,2934.4,2934.21,1740357180000,2,,0,,0,0,0,0,0,false
,3,2933.8933,0,2933.2,2934.22,2934.26,2933.2,1740357240000,3,,0,,0,0,0,0,0,false
,4,2934.0125,0,2934.21,2934.35,2934.35,2933.3,1740357300000,4,,0,,0,0,0,0,0,false
,3,2934.2867,0,2934.51,2934.16,2934.51,2934.16,1740357360000,3,,0,,0,0,0,0,0,false
,2,2934.16,0,2934.07,2934.25,2934.25,2934.07,1740357420000,2,,0,,0,0,0,0,0,false
,3,2934.22,0,2934.29,2934.3,2934.3,2934.07,1740357480000,3,,0,,0,0,0,0,0,false
,2,2934.06,0,2934.02,2934.1,2934.1,2934.02,1740357540000,2,,0,,0,0,0,0,0,false
,3,2934.1233,0,2934.3,2934.19,2934.3,2933.88,1740357600000,3,,0,,0,0,0,0,0,false
,3,2934.0667,0,2934.13,2934.19,2934.19,2933.88,1740357660000,3,,0,,0,0,0,0,0,false
,2,2934.125,0,2934.27,2933.98,2934.27,2933.98,1740357720000,2,,0,,0,0,0,0,0,false
,4,2933.9825,0,2933.2,2934.19,2934.27,2933.2,1740357780000,4,,0,,0,0,0,0,0,false
,2,2934.555,0,2934.51,2934.6,2934.6,2934.51,1740357840000,2,,0,,0,0,0,0,0,false
,3,2934.0133,0,2934.19,2933.71,2934.19,2933.71,1740357900000,3,,0,,0,0,0,0,0,false
,2,2933.535,0,2933.52,2933.55,2933.55,2933.52,1740357960000,2,,0,,0,0,0,0,0,false
,2,2933.535,0,2933.49,2933.58,2933.58,2933.49,1740358020000,2,,0,,0,0,0,0,0,false
,3,2933.3433,0,2933.42,2933.12,2933.49,2933.12,1740358080000,3,,0,,0,0,0,0,0,false
,2,2933.03,0,2933.01,2933.05,2933.05,2933.01,1740358140000,2,,0,,0,0,0,0,0,false
,3,2932.95,0,2933.12,2932.68,2933.12,2932.68,1740358200000,3,,0,,0,0,0,0,0,false
,3,2933.0333,0,2932.97,2933.04,2933.09,2932.97,1740358260000,3,,0,,0,0,0,0,0,false
,2,2933.03,0,2933.18,2932.88,2933.18,2932.88,1740358320000,2,,0,,0,0,0,0,0,false
,3,2932.7667,0,2933.1,2932.02,2933.18,2932.02,1740358380000,3,,0,,0,0,0,0,0,false
,2,2931.68,0,2931.65,2931.71,2931.71,2931.65,1740358440000,2,,0,,0,0,0,0,0,false
,4,2931.5725,0,2933.09,2931.57,2933.09,2930.2,1740358500000,4,,0,,0,0,0,0,0,false
,3,2931.58,0,2931.7,2931.57,2931.7,2931.47,1740358560000,3,,0,,0,0,0,0,0,false
,2,2931.685,0,2931.76,2931.61,2931.76,2931.61,1740358620000,2,,0,,0,0,0,0,0,false
,4,2930.0475,0,2928.6,2930.35,2931.77,2928.6,1740358680000,4,,0,,0,0,0,0,0,false
,2,2929.755,0,2929.61,2929.9,2929.9,2929.61,1740358740000,2,,0,,0,0,0,0,0,false
,2,2927.79,0,2928.59,2926.99,2928.59,2926.99,1740358800000,2,,0,,0,0,0,0,0,false
,3,2927.72,0,2926.98,2928.83,2928.83,2926.98,1740358860000,3,,0,,0,0,0,0,0,false
,2,2926.325,0,2926.78,2925.87,2926.78,2925.87,1740358920000,2,,0,,0,0,0,0,0,false
,3,2926.2533,0,2925.94,2926.09,2926.73,2925.94,1740358980000,3,,0,,0,0,0,0,0,false
,3,2925.9533,0,2925.1,2926.51,2926.51,2925.1,1740359040000,3,,0,,0,0,0,0,0,false
,3,2926.9767,0,2926.09,2927.25,2927.59,2926.09,1740359100000,3,,0,,0,0,0,0,0,false
,3,2927.2333,0,2927.55,2927.2,2927.55,2926.95,1740359160000,3,,0,,0,0,0,0,0,false
,2,2926.56,0,2926.69,2926.43,2926.69,2926.43,1740359220000,2,,0,,0,0,0,0,0,false
,3,2926.5867,0,2926.44,2926.63,2926.69,2926.44,1740359280000,3,,0,,0,0,0,0,0,false
,2,2926.1,0,2926.33,2925.87,2926.33,2925.87,1740359340000,2,,0,,0,0,0,0,0,false
,3,2926.1067,0,2926.63,2925.66,2926.63,2925.66,1740359400000,3,,0,,0,0,0,0,0,false
,3,2925.1433,0,2925.8,2926.02,2926.02,2923.61,1740359460000,3,,0,,0,0,0,0,0,false
,2,2923.51,0,2923.68,2923.34,2923.68,2923.34,1740359520000,2,,0,,0,0,0,0,0,false
,3,2924.1467,0,2923.61,2924.05,2924.78,2923.61,1740359580000,3,,0,,0,0,0,0,0,false
,2,2923.7,0,2923.65,2923.75,2923.75,2923.65,1740359640000,2,,0,,0,0,0,0,0,false
,3,2924.2867,0,2924.05,2924.8,2924.8,2924.01,1740359700000,3,,0,,0,0,0,0,0,false
,3,2923.7867,0,2924.12,2924.02,2924.12,2923.22,1740359760000,3,,0,,0,0,0,0,0,false
,2,2923.56,0,2923.81,2923.31,2923.81,2923.31,1740359820000,2,,0,,0,0,0,0,0,false
,3,2923.79,0,2923.43,2923.81,2924.13,2923.43,1740359880000,3,,0,,0,0,0,0,0,false
,2,2923.22,0,2923.26,2923.18,2923.26,2923.18,1740359940000,2,,0,,0,0,0,0,0,false
,3,2922.8933,0,2923.74,2922.37,2923.74,2922.37,1740360000000,3,,0,,0,0,0,0,0,false
,2,2923.3,0,2923.31,2923.29,2923.31,2923.29,1740360060000,2,,0,,0,0,0,0,0,false
,3,2923.3433,0,2922.37,2923.81,2923.85,2922.37,1740360120000,3,,0,,0,0,0,0,0,false
,4,2922.7,0,2921.5,2922.49,2924.06,2921.5,1740360180000,4,,0,,0,0,0,0,0,false
,2,2921.89,0,2922.31,2921.47,2922.31,2921.47,1740360240000,2,,0,,0,0,0,0,0,false
,3,2922.3833,0,2922.49,2922.58,2922.58,2922.08,1740360300000,3,,0,,0,0,0,0,0,false
,2,2923.095,0,2922.66,2923.53,2923.53,2922.66,1740360360000,2,,0,,0,0,0,0,0,false
,3,2923.3833,0,2922.58,2924.25,2924.25,2922.58,1740360420000,3,,0,,0,0,0,0,0,false
,4,2924.445,0,2924,2925.71,2925.71,2922.83,1740360480000,4,,0,,0,0,0,0,0,false
,2,2925.64,0,2925.54,2925.74,2925.74,2925.54,1740360540000,2,,0,,0,0,0,0,0,false
,3,2925.82,0,2925.71,2925.84,2925.91,2925.71,1740360600000,3,,0,,0,0,0,0,0,false
,2,2925.475,0,2925.57,2925.38,2925.57,2925.38,1740360660000,2,,0,,0,0,0,0,0,false
,3,2926.3333,0,2925.84,2926.92,2926.92,2925.84,1740360720000,3,,0,,0,0,0,0,0,false
,3,2926.5767,0,2927.39,2926.64,2927.39,2925.7,1740360780000,3,,0,,0,0,0,0,0,false
,2,2928.155,0,2927.89,2928.42,2928.42,2927.89,1740360840000,2,,0,,0,0,0,0,0,false
,3,2929.0733,0,2926.64,2930.8,2930.8,2926.64,1740360900000,3,,0,,0,0,0,0,0,false
,3,2930.2767,0,2929.5,2930.77,2930.77,2929.5,1740360960000,3,,0,,0,0,0,0,0,false
,3,2929.0467,0,2927.16,2929.95,2930.03,2927.16,1740361020000,3,,0,,0,0,0,0,0,false
,3,2929.49,0,2929.33,2929.11,2930.03,2929.11,1740361080000,3,,0,,0,0,0,0,0,false
,2,2929.94,0,2929.89,2929.99,2929.99,2929.89,1740361140000,2,,0,,0,0,0,0,0,false
,3,2929.5867,0,2929.11,2930.26,2930.26,2929.11,1740361200000,3,,0,,0,0,0,0,0,false
,2,2930,0,2929.85,2930.15,2930.15,2929.85,1740361260000,2,,0,,0,0,0,0,0,false
,3,2929.6767,0,2930.3,2928.53,2930.3,2928.53,1740361320000,3,,0,,0,0,0,0,0,false
,3,2929.56,0,2929.49,2928.99,2930.2,2928.99,1740361380000,3,,0,,0,0,0,0,0,false
,2,2928.715,0,2928.47,2928.96,2928.96,2928.47,1740361440000,2,,0,,0,0,0,0,0,false
,3,2929,0,2929.48,2928.56,2929.48,2928.56,1740361500000,3,,0,,0,0,0,0,0,false
,2,2928.685,0,2928.65,2928.72,2928.72,2928.65,1740361560000,2,,0,,0,0,0,0,0,false
,3,2928.59,0,2928.56,2928.75,2928.75,2928.46,1740361620000,3,,0,,0,0,0,0,0,false
,3,2928.37,0,2928.46,2928.19,2928.46,2928.19,1740361680000,3,,0,,0,0,0,0,0,false
,2,2927.67,0,2928.13,2927.21,2928.13,2927.21,1740361740000,2,,0,,0,0,0,0,0,false
,3,2927.47,0,2926.97,2927.31,2928.13,2926.97,1740361800000,3,,0,,0,0,0,0,0,false
,2,2926.68,0,2926.81,2926.55,2926.81,2926.55,1740361860000,2,,0,,0,0,0,0,0,false
,3,2926.08,0,2927.31,2925.12,2927.31,2925.12,1740361920000,3,,0,,0,0,0,0,0,false
,3,2927.03,0,2927.38,2927.9,2927.9,2925.81,1740361980000,3,,0,,0,0,0,0,0,false
,2,2927.625,0,2927.51,2927.74,2927.74,2927.51,1740362040000,2,,0,,0,0,0,0,0,false
,3,2927.1767,0,2927.51,2927.71,2927.71,2926.31,1740362100000,3,,0,,0,0,0,0,0,false
,2,2928.015,0,2928.14,2927.89,2928.14,2927.89,1740362160000,2,,0,,0,0,0,0,0,false
,3,2927.8733,0,2927.71,2928.19,2928.19,2927.71,1740362220000,3,,0,,0,0,0,0,0,false
,3,2928.24,0,2928.51,2928.49,2928.51,2927.72,1740362280000,3,,0,,0,0,0,0,0,false
,2,2927.995,0,2928.22,2927.77,2928.22,2927.77,1740362340000,2,,0,,0,0,0,0,0,false
,3,2927.4567,0,2927.38,2926.77,2928.22,2926.77,1740362400000,3,,0,,0,0,0,0,0,false
,2,2926.89,0,2926.76,2927.02,2927.02,2926.76,1740362460000,2,,0,,0,0,0,0,0,false
,3,2926.74,0,2927.37,2926.55,2927.37,2926.3,1740362520000,3,,0,,0,0,0,0,0,false
,3,2925.6467,0,2925.34,2924.96,2926.64,2924.96,1740362580000,3,,0,,0,0,0,0,0,false
,2,2925.425,0,2925.61,2925.24,2925.61,2925.24,1740362640000,2,,0,,0,0,0,0,0,false
,3,2925.71,0,2925.67,2925.85,2925.85,2925.61,1740362700000,3,,0,,0,0,0,0,0,false
,2,2926.13,0,2925.91,2926.35,2926.35,2925.91,1740362760000,2,,0,,0,0,0,0,0,false
,3,2926.1233,0,2925.85,2926.2,2926.32,2925.85,1740362820000,3,,0,,0,0,0,0,0,false
,3,2926.5733,0,2926.55,2927.17,2927.17,2926,1740362880000,3,,0,,0,0,0,0,0,false
,2,2926.76,0,2926.97,2926.55,2926.97,2926.55,1740362940000,2,,0,,0,0,0,0,0,false
,3,2926.91,0,2926.56,2927.24,2927.24,2926.56,1740363000000,3,,0,,0,0,0,0,0,false
,2,2928.02,0,2927.71,2928.33,2928.33,2927.71,1740363060000,2,,0,,0,0,0,0,0,false
,3,2927.0367,0,2926.57,2927.16,2927.38,2926.57,1740363120000,3,,0,,0,0,0,0,0,false
,3,2927.73,0,2927.43,2927.86,2927.9,2927.43,1740363180000,3,,0,,0,0,0,0,0,false
,2,2928.295,0,2928.6,2927.99,2928.6,2927.99,1740363240000,2,,0,,0,0,0,0,0,false
,3,2928.4233,0,2928.46,2928.19,2928.62,2928.19,1740363300000,3,,0,,0,0,0,0,0,false
,2,2928.965,0,2929.64,2928.29,2929.64,2928.29,1740363360000,2,,0,,0,0,0,0,0,false
,3,2929.36,0,2928.19,2930.39,2930.39,2928.19,1740363420000,3,,0,,0,0,0,0,0,false
,3,2929.31,0,2929.47,2929.95,2929.95,2928.51,1740363480000,3,,0,,0,0,0,0,0,false
,3,2929.8967,0,2929,2930.58,2930.58,2929,1740363540000,3,,0,,0,0,0,0,0,false
,3,2930.61,0,2930.85,2930.87,2930.87,2930.11,1740363600000,3,,0,,0,0,0,0,0,false
,2,2931.14,0,2930.97,2931.31,2931.31,2930.97,1740363660000,2,,0,,0,0,0,0,0,false
,3,2931.26,0,2930.87,2931.34,2931.57,2930.87,1740363720000,3,,0,,0,0,0,0,0,false
,3,2931.4267,0,2931.28,2931.43,2931.57,2931.28,1740363780000,3,,0,,0,0,0,0,0,false
,2,2931.755,0,2931.82,2931.69,2931.82,2931.69,1740363840000,2,,0,,0,0,0,0,0,false
,3,2931.6567,0,2931.61,2931.63,2931.73,2931.61,1740363900000,3,,0,,0,0,0,0,0,false
,2,2932.135,0,2931.74,2932.53,2932.53,2931.74,1740363960000,2,,0,,0,0,0,0,0,false
,3,2931.6733,0,2931.63,2931.49,2931.9,2931.49,1740364020000,3,,0,,0,0,0,0,0,false
,3,2931.4567,0,2931.56,2931.04,2931.77,2931.04,1740364080000,3,,0,,0,0,0,0,0,false
,2,2931.12,0,2931,2931.24,2931.24,2931,1740364140000,2,,0,,0,0,0,0,0,false
,3,2932.0967,0,2932.24,2933.05,2933.05,2931,1740364200000,3,,0,,0,0,0,0,0,false
,2,2934.075,0,2934.18,2933.97,2934.18,2933.97,1740364260000,2,,0,,0,0,0,0,0,false
,3,2932.9667,0,2931.87,2932.99,2934.04,2931.87,1740364320000,3,,0,,0,0,0,0,0,false
,3,2933.5833,0,2933.5,2933.21,2934.04,2933.21,1740364380000,3,,0,,0,0,0,0,0,false
,2,2932.81,0,2932.87,2932.75,2932.87,2932.75,1740364440000,2,,0,,0,0,0,0,0,false
,3,2933.1533,0,2933.05,2933.54,2933.54,2932.87,1740364500000,3,,0,,0,0,0,0,0,false
,2,2933.405,0,2933.06,2933.75,2933.75,2933.06,1740364560000,2,,0,,0,0,0,0,0,false
,3,2933.74,0,2933.06,2934.25,2934.25,2933.06,1740364620000,3,,0,,0,0,0,0,0,false
,3,2933.9433,0,2934.25,2934.18,2934.25,2933.4,1740364680000,3,,0,,0,0,0,0,0,false
,2,2934.68,0,2934.41,2934.95,2934.95,2934.41,1740364740000,2,,0,,0,0,0,0,0,false
,3,2935.18,0,2935.29,2935.84,2935.84,2934.41,1740364800000,3,,0,,0,0,0,0,0,false
,2,2936.255,0,2936.34,2936.17,2936.34,2936.17,1740364860000,2,,0,,0,0,0,0,0,false
,3,2935.64,0,2935.51,2935.79,2935.79,2935.51,1740364920000,3,,0,,0,0,0,0,0,false
,3,2936.0633,0,2935.75,2936.82,2936.82,2935.62,1740364980000,3,,0,,0,0,0,0,0,false
,2,2936.715,0,2936.59,2936.84,2936.84,2936.59,1740365040000,2,,0,,0,0,0,0,0,false
,3,2937,0,2937.43,2937.65,2937.65,2935.92,1740365100000,3,,0,,0,0,0,0,0,false
,2,2937.595,0,2937.64,2937.55,2937.64,2937.55,1740365160000,2,,0,,0,0,0,0,0,false
,3,2937.4767,0,2937.65,2937.21,2937.65,2937.21,1740365220000,3,,0,,0,0,0,0,0,false
,3,2937.36,0,2937.4,2937.11,2937.57,2937.11,1740365280000,3,,0,,0,0,0,0,0,false
,2,2937.35,0,2937.63,2937.07,2937.63,2937.07,1740365340000,2,,0,,0,0,0,0,0,false
,3,2937.2133,0,2937.28,2936.95,2937.41,2936.95,1740365400000,3,,0,,0,0,0,0,0,false
,2,2937.67,0,2937.49,2937.85,2937.85,2937.49,1740365460000,2,,0,,0,0,0,0,0,false
,3,2937.6933,0,2936.95,2937.98,2938.15,2936.95,1740365520000,3,,0,,0,0,0,0,0,false
,3,2938.4567,0,2938.54,2937.98,2938.85,2937.98,1740365580000,3,,0,,0,0,0,0,0,false
,2,2939.22,0,2939.18,2939.26,2939.26,2939.18,1740365640000,2,,0,,0,0,0,0,0,false
,3,2939.83,0,2939.96,2940.35,2940.35,2939.18,1740365700000,3,,0,,0,0,0,0,0,false
,2,2940.495,0,2940.55,2940.44,2940.55,2940.44,1740365760000,2,,0,,0,0,0,0,0,false
,3,2940.1433,0,2940.07,2940.01,2940.35,2940.01,1740365820000,3,,0,,0,0,0,0,0,false
,3,2940.27,0,2940.47,2940.01,2940.47,2940.01,1740365880000,3,,0,,0,0,0,0,0,false
,2,2940.63,0,2940.56,2940.7,2940.7,2940.56,1740365940000,2,,0,,0,0,0,0,0,false
,3,2941.3967,0,2941.87,2941.76,2941.87,2940.56,1740366000000,3,,0,,0,0,0,0,0,false
,2,2942.7,0,2942.24,2943.16,2943.16,2942.24,1740366060000,2,,0,,0,0,0,0,0,false
,3,2942.1867,0,2941.39,2942.55,2942.62,2941.39,1740366120000,3,,0,,0,0,0,0,0,false
,3,2942.6033,0,2942.85,2942.55,2942.85,2942.41,1740366180000,3,,0,,0,0,0,0,0,false
,2,2941.905,0,2942.1,2941.71,2942.1,2941.71,1740366240000,2,,0,,0,0,0,0,0,false
,3,2941.4367,0,2941.63,2940.58,2942.1,2940.58,1740366300000,3,,0,,0,0,0,0,0,false
,2,2941.015,0,2940.94,2941.09,2941.09,2940.94,1740366360000,2,,0,,0,0,0,0,0,false
,3,2940.96,0,2941.62,2940.6,2941.62,2940.6,1740366420000,3,,0,,0,0,0,0,0,false
,2,2940.54,0,2940.36,2940.72,2940.72,2940.36,1740366480000,2,,0,,0,0,0,0,0,false
,3,2941.3267,0,2940.6,2941.88,2941.88,2940.6,1740366540000,3,,0,,0,0,0,0,0,false
,3,2941.8567,0,2942.6,2942.56,2942.6,2940.41,1740366600000,3,,0,,0,0,0,0,0,false
,2,2942.395,0,2942.8,2941.99,2942.8,2941.99,1740366660000,2,,0,,0,0,0,0,0,false
,3,2941.6467,0,2940.96,2942.06,2942.06,2940.96,1740366720000,3,,0,,0,0,0,0,0,false
,2,2941.855,0,2941.86,2941.85,2941.86,2941.85,1740366780000,2,,0,,0,0,0,0,0,false
,3,2942.24,0,2942.06,2942.36,2942.36,2942.06,1740366840000,3,,0,,0,0,0,0,0,false
,3,2942.2633,0,2942.44,2942.2,2942.44,2942.15,1740366900000,3,,0,,0,0,0,0,0,false
,2,2943.325,0,2943.68,2942.97,2943.68,2942.97,1740366960000,2,,0,,0,0,0,0,0,false
,3,2943.0267,0,2942.2,2943.18,2943.7,2942.2,1740367020000,3,,0,,0,0,0,0,0,false
,2,2943.08,0,2943.07,2943.09,2943.09,2943.07,1740367080000,2,,0,,0,0,0,0,0,false
,3,2942.96,0,2943.14,2942.6,2943.14,2942.6,1740367140000,3,,0,,0,0,0,0,0,false
,3,2941.8067,0,2941.69,2940.59,2943.14,2940.59,1740367200000,3,,0,,0,0,0,0,0,false
,2,2941.305,0,2940.76,2941.85,2941.85,2940.76,1740367260000,2,,0,,0,0,0,0,0,false
,4,2942.005,0,2942.12,2942.6,2942.6,2941.3,1740367320000,4,,0,,0,0,0,0,0,false
,2,2941.885,0,2942.23,2941.54,2942.23,2941.54,1740367380000,2,,0,,0,0,0,0,0,false
,3,2941.8733,0,2942.6,2941.25,2942.6,2941.25,1740367440000,3,,0,,0,0,0,0,0,false
,3,2941.1433,0,2940.69,2940.97,2941.77,2940.69,1740367500000,3,,0,,0,0,0,0,0,false
,2,2941.595,0,2941.68,2941.51,2941.68,2941.51,1740367560000,2,,0,,0,0,0,0,0,false
,3,2941.2467,0,2940.97,2941.62,2941.62,2940.97,1740367620000,3,,0,,0,0,0,0,0,false
,2,2941.585,0,2941.59,2941.58,2941.59,2941.58,1740367680000,2,,0,,0,0,0,0,0,false
,3,2941.41,0,2941.16,2941.58,2941.58,2941.16,1740367740000,3,,0,,0,0,0,0,0,false
,3,2941.4167,0,2941.35,2941.41,2941.49,2941.35,1740367800000,3,,0,,0,0,0,0,0,false
,2,2942.665,0,2942.74,2942.59,2942.74,2942.59,1740367860000,2,,0,,0,0,0,0,0,false
,3,2942.07,0,2941.41,2942.14,2942.66,2941.41,1740367920000,3,,0,,0,0,0,0,0,false
,2,2942.155,0,2941.78,2942.53,2942.53,2941.78,1740367980000,2,,0,,0,0,0,0,0,false
,3,2942.65,0,2942.14,2942.78,2943.03,2942.14,1740368040000,3,,0,,0,0,0,0,0,false
,3,2942.44,0,2942.83,2942.62,2942.83,2941.87,1740368100000,3,,0,,0,0,0,0,0,false
,2,2942.055,0,2942.22,2941.89,2942.22,2941.89,1740368160000,2,,0,,0,0,0,0,0,false
,3,2941.9967,0,2942.62,2942.01,2942.62,2941.36,1740368220000,3,,0,,0,0,0,0,0,false
,2,2943.745,0,2943.61,2943.88,2943.88,2943.61,1740368280000,2,,0,,0,0,0,0,0,false
,3,2942.5433,0,2942.2,2942.5,2942.93,2942.2,1740368340000,3,,0,,0,0,0,0,0,false
,3,2941.53,0,2941.07,2940.59,2942.93,2940.59,1740368400000,3,,0,,0,0,0,0,0,false
,2,2940.77,0,2940.87,2940.67,2940.87,2940.67,1740368460000,2,,0,,0,0,0,0,0,false
,3,2940.7133,0,2940.95,2940.73,2940.95,2940.46,1740368520000,3,,0,,0,0,0,0,0,false
,2,2940.975,0,2940.74,2941.21,2941.21,2940.74,1740368580000,2,,0,,0,0,0,0,0,false
,4,2940.6125,0,2940.73,2940.85,2941.07,2939.8,1740368640000,4,,0,,0,0,0,0,0,false
,3,2940.75,0,2940.73,2940.69,2940.83,2940.69,1740368700000,3,,0,,0,0,0,0,0,false
,2,2941.165,0,2941.4,2940.93,2941.4,2940.93,1740368760000,2,,0,,0,0,0,0,0,false
,3,2940.9833,0,2940.69,2941.25,2941.25,2940.69,1740368820000,3,,0,,0,0,0,0,0,false
,2,2941.08,0,2941.06,2941.1,2941.1,2941.06,1740368880000,2,,0,,0,0,0,0,0,false
,3,2940.8933,0,2941.25,2940.57,2941.25,2940.57,1740368940000,3,,0,,0,0,0,0,0,false
,3,2940.7567,0,2940.6,2940.81,2940.86,2940.6,1740369000000,3,,0,,0,0,0,0,0,false
,2,2940.305,0,2940.49,2940.12,2940.49,2940.12,1740369060000,2,,0,,0,0,0,0,0,false
,3,2940.5067,0,2940.81,2940.54,2940.81,2940.17,1740369120000,3,,0,,0,0,0,0,0,false
,2,2939.95,0,2939.94,2939.96,2939.96,2939.94,1740369180000,2,,0,,0,0,0,0,0,false
,3,2940.0967,0,2940.54,2939.7,2940.54,2939.7,1740369240000,3,,0,,0,0,0,0,0,false
,3,2940.1033,0,2939.9,2940.36,2940.36,2939.9,1740369300000,3,,0,,0,0,0,0,0,false
,2,2940.33,0,2940.27,2940.39,2940.39,2940.27,1740369360000,2,,0,,0,0,0,0,0,false
,3,2940.31,0,2940.22,2940.43,2940.43,2940.22,1740369420000,3,,0,,0,0,0,0,0,false
,2,2941,0,2940.95,2941.05,2941.05,2940.95,1740369480000,2,,0,,0,0,0,0,0,false
,3,2940.8867,0,2940.43,2941.06,2941.17,2940.43,1740369540000,3,,0,,0,0,0,0,0,false
,3,2941.15,0,2941.41,2940.9,2941.41,2940.9,1740369600000,3,,0,,0,0,0,0,0,false
,2,2940.655,0,2940.46,2940.85,2940.85,2940.46,1740369660000,2,,0,,0,0,0,0,0,false
,3,2939.7567,0,2939.92,2938.77,2940.58,2938.77,1740369720000,3,,0,,0,0,0,0,0,false
,2,2938.525,0,2937.73,2939.32,2939.32,2937.73,1740369780000,2,,0,,0,0,0,0,0,false
,3,2939.76,0,2939.78,2939.8,2939.8,2939.7,1740369840000,3,,0,,0,0,0,0,0,false
,3,2939.3567,0,2938.5,2939.87,2939.87,2938.5,1740369900000,3,,0,,0,0,0,0,0,false
,2,2940.2,0,2940.08,2940.32,2940.32,2940.08,1740369960000,2,,0,,0,0,0,0,0,false
,3,2939.6,0,2940.2,2940.09,2940.2,2938.51,1740370020000,3,,0,,0,0,0,0,0,false
,2,2940.405,0,2940.71,2940.1,2940.71,2940.1,1740370080000,2,,0,,0,0,0,0,0,false
,3,2940.29,0,2940.48,2940.09,2940.48,2940.09,1740370140000,3,,0,,0,0,0,0,0,false
,3,2940.34,0,2940.31,2940.41,2940.41,2940.3,1740370200000,3,,0,,0,0,0,0,0,false
,2,2940.285,0,2940.4,2940.17,2940.4,2940.17,1740370260000,2,,0,,0,0,0,0,0,false
,3,2940.4167,0,2940.44,2940.41,2940.44,2940.4,1740370320000,3,,0,,0,0,0,0,0,false
,2,2940.095,0,2940,2940.19,2940.19,2940,1740370380000,2,,0,,0,0,0,0,0,false
,3,2940.4633,0,2940.41,2940.37,2940.61,2940.37,1740370440000,3,,0,,0,0,0,0,0,false
,3,2940.6367,0,2940.71,2940.71,2940.71,2940.49,1740370500000,3,,0,,0,0,0,0,0,false
,2,2941.04,0,2941.12,2940.96,2941.12,2940.96,1740370560000,2,,0,,0,0,0,0,0,false
,3,2941.2067,0,2941.4,2941.21,2941.4,2941.01,1740370620000,3,,0,,0,0,0,0,0,false
,2,2941.13,0,2941.08,2941.18,2941.18,2941.08,1740370680000,2,,0,,0,0,0,0,0,false
,3,2941.4633,0,2941.21,2941.89,2941.89,2941.21,1740370740000,3,,0,,0,0,0,0,0,false
,3,2942.1067,0,2942.73,2942.3,2942.73,2941.29,1740370800000,3,,0,,0,0,0,0,0,false
,2,2942.265,0,2942.2,2942.33,2942.33,2942.2,1740370860000,2,,0,,0,0,0,0,0,false
,3,2942.0467,0,2942.37,2942.26,2942.37,2941.51,1740370920000,3,,0,,0,0,0,0,0,false
,3,2941.0833,0,2940.2,2941.54,2941.54,2940.2,1740370980000,3,,0,,0,0,0,0,0,false
,3,2941.81,0,2942.26,2941.73,2942.26,2941.44,1740371040000,3,,0,,0,0,0,0,0,false
,3,2941.5233,0,2941.55,2941.58,2941.58,2941.44,1740371100000,3,,0,,0,0,0,0,0,false
,2,2941.575,0,2941.69,2941.46,2941.69,2941.46,1740371160000,2,,0,,0,0,0,0,0,false
,3,2941.7,0,2941.72,2941.69,2941.72,2941.69,1740371220000,3,,0,,0,0,0,0,0,false
,2,2941.87,0,2941.83,2941.91,2941.91,2941.83,1740371280000,2,,0,,0,0,0,0,0,false
,2,2941.72,0,2941.69,2941.75,2941.75,2941.69,1740371340000,2,,0,,0,0,0,0,0,false
,3,2941.8067,0,2941.8,2941.75,2941.87,2941.75,1740371400000,3,,0,,0,0,0,0,0,false
,2,2942.5,0,2942.7,2942.3,2942.7,2942.3,1740371460000,2,,0,,0,0,0,0,0,false
,4,2942.1375,0,2942.1,2942.12,2942.19,2942.1,1740371520000,4,,0,,0,0,0,0,0,false
,1,2941.81,0,2941.81,2941.81,2941.81,2941.81,1740371580000,1,,0,,0,0,0,0,0,false
,3,2941.38,0,2941.26,2940.76,2942.12,2940.76,1740371640000,3,,0,,0,0,0,0,0,false
,3,2940.9933,0,2941.04,2941.16,2941.16,2940.78,1740371700000,3,,0,,0,0,0,0,0,false
,2,2940.31,0,2940.53,2940.09,2940.53,2940.09,1740371760000,2,,0,,0,0,0,0,0,false
,2,2940.105,0,2940.17,2940.04,2940.17,2940.04,1740371820000,2,,0,,0,0,0,0,0,false
,3,2939.4067,0,2939.81,2939.81,2939.81,2938.6,1740371880000,3,,0,,0,0,0,0,0,false
,3,2939.8433,0,2939.71,2940.01,2940.01,2939.71,1740371940000,3,,0,,0,0,0,0,0,false
,3,2940.14,0,2940.18,2940.01,2940.23,2940.01,1740372000000,3,,0,,0,0,0,0,0,false
,2,2939.82,0,2940.1,2939.54,2940.1,2939.54,1740372060000,2,,0,,0,0,0,0,0,false
,4,2939.3725,0,2939.51,2939.78,2939.78,2938.6,1740372120000,4,,0,,0,0,0,0,0,false
,2,2938.98,0,2939.03,2938.93,2939.03,2938.93,1740372180000,2,,0,,0,0,0,0,0,false
,3,2939.2833,0,2939.15,2939.11,2939.59,2939.11,1740372240000,3,,0,,0,0,0,0,0,false
,3,2939.3067,0,2939.27,2939.11,2939.54,2939.11,1740372300000,3,,0,,0,0,0,0,0,false
,2,2939.505,0,2939.43,2939.58,2939.58,2939.43,1740372360000,2,,0,,0,0,0,0,0,false
,3,2939.5967,0,2939.76,2939.58,2939.76,2939.45,1740372420000,3,,0,,0,0,0,0,0,false
,2,2939.5,0,2939.45,2939.55,2939.55,2939.45,1740372480000,2,,0,,0,0,0,0,0,false
,3,2939.6067,0,2939.79,2939.58,2939.79,2939.45,1740372540000,3,,0,,0,0,0,0,0,false
,3,2939.66,0,2940.29,2939.58,2940.29,2939.11,1740372600000,3,,0,,0,0,0,0,0,false
,3,2938.87,0,2939.16,2939.35,2939.35,2938.1,1740372660000,3,,0,,0,0,0,0,0,false
,3,2939.29,0,2939.31,2939.35,2939.35,2939.21,1740372720000,3,,0,,0,0,0,0,0,false
,2,2939.575,0,2939.65,2939.5,2939.65,2939.5,1740372780000,2,,0,,0,0,0,0,0,false
,3,2939.21,0,2939.01,2939.11,2939.51,2939.01,1740372840000,3,,0,,0,0,0,0,0,false
,2,2938.68,0,2938.42,2938.94,2938.94,2938.42,1740372900000,2,,0,,0,0,0,0,0,false
,3,2939.4867,0,2938.71,2940.96,2940.96,2938.71,1740372960000,3,,0,,0,0,0,0,0,false
,3,2940.3033,0,2940.81,2938.72,2941.38,2938.72,1740373020000,3,,0,,0,0,0,0,0,false
,2,2940.765,0,2940.92,2940.61,2940.92,2940.61,1740373080000,2,,0,,0,0,0,0,0,false
,3,2940.3533,0,2940.57,2940.32,2940.57,2940.17,1740373140000,3,,0,,0,0,0,0,0,false
,2,2940.28,0,2940.47,2940.09,2940.47,2940.09,1740373200000,2,,0,,0,0,0,0,0,false
,3,2940.4833,0,2940.49,2940.49,2940.49,2940.47,1740373260000,3,,0,,0,0,0,0,0,false
,3,2940.4967,0,2940.3,2940.49,2940.7,2940.3,1740373320000,3,,0,,0,0,0,0,0,false
,2,2940.845,0,2940.88,2940.81,2940.88,2940.81,1740373380000,2,,0,,0,0,0,0,0,false
,3,2940.68,0,2940.82,2940.87,2940.87,2940.35,1740373440000,3,,0,,0,0,0,0,0,false
,2,2941.015,0,2940.68,2941.35,2941.35,2940.68,1740373500000,2,,0,,0,0,0,0,0,false
,3,2940.7633,0,2940.69,2940.92,2940.92,2940.68,1740373560000,3,,0,,0,0,0,0,0,false
,3,2940.7933,0,2940.85,2940.92,2940.92,2940.61,1740373620000,3,,0,,0,0,0,0,0,false
,2,2940.26,0,2940.3,2940.22,2940.3,2940.22,1740373680000,2,,0,,0,0,0,0,0,false
,3,2940.2867,0,2940.28,2940.28,2940.3,2940.28,1740373740000,3,,0,,0,0,0,0,0,false
,2,2940.16,0,2940.35,2939.97,2940.35,2939.97,1740373800000,2,,0,,0,0,0,0,0,false
,3,2939.9633,0,2939.78,2939.76,2940.35,2939.76,1740373860000,3,,0,,0,0,0,0,0,false
,3,2939.93,0,2939.89,2939.76,2940.14,2939.76,1740373920000,3,,0,,0,0,0,0,0,false
,2,2940.28,0,2940.3,2940.26,2940.3,2940.26,1740373980000,2,,0,,0,0,0,0,0,false
,3,2940.4867,0,2940.38,2940.78,2940.78,2940.3,1740374040000,3,,0,,0,0,0,0,0,false
,3,2940.4233,0,2939.7,2940.64,2940.93,2939.7,1740374100000,3,,0,,0,0,0,0,0,false
,3,2940.9233,0,2941.31,2941.05,2941.31,2940.41,1740374160000,3,,0,,0,0,0,0,0,false
,3,2941.0133,0,2940.93,2941.05,2941.06,2940.93,1740374220000,3,,0,,0,0,0,0,0,false
,2,2941.255,0,2941,2941.51,2941.51,2941,1740374280000,2,,0,,0,0,0,0,0,false
,3,2941.26,0,2941.42,2941.36,2941.42,2941,1740374340000,3,,0,,0,0,0,0,0,false
,2,2941.405,0,2941.46,2941.35,2941.46,2941.35,1740374400000,2,,0,,0,0,0,0,0,false
,3,2941.5467,0,2941.34,2941.84,2941.84,2941.34,1740374460000,3,,0,,0,0,0,0,0,false
,3,2941.15,0,2941.61,2941.35,2941.61,2940.49,1740374520000,3,,0,,0,0,0,0,0,false
,2,2940.35,0,2940.35,2940.35,2940.35,2940.35,1740374580000,2,,0,,0,0,0,0,0,false
,3,2940.5033,0,2940.56,2940.6,2940.6,2940.35,1740374640000,3,,0,,0,0,0,0,0,false
,2,2940.71,0,2940.63,2940.79,2940.79,2940.63,1740374700000,2,,0,,0,0,0,0,0,false
,3,2940.71,0,2940.92,2940.58,2940.92,2940.58,1740374760000,3,,0,,0,0,0,0,0,false
,3,2940.5833,0,2940.64,2940.91,2940.91,2940.2,1740374820000,3,,0,,0,0,0,0,0,false
,2,2940.52,0,2940.47,2940.57,2940.57,2940.47,1740374880000,2,,0,,0,0,0,0,0,false
,3,2940.5033,0,2940.57,2940.47,2940.57,2940.47,1740374940000,3,,0,,0,0,0,0,0,false
,2,2940.265,0,2940.07,2940.46,2940.46,2940.07,1740375000000,2,,0,,0,0,0,0,0,false
,3,2939.79,0,2939.73,2939.49,2940.15,2939.49,1740375060000,3,,0,,0,0,0,0,0,false
,3,2939.4833,0,2939.27,2939.49,2939.69,2939.27,1740375120000,3,,0,,0,0,0,0,0,false
,2,2939.91,0,2940.11,2939.71,2940.11,2939.71,1740375180000,2,,0,,0,0,0,0,0,false
,3,2939.9567,0,2940.03,2940.48,2940.48,2939.36,1740375240000,3,,0,,0,0,0,0,0,false
,2,2940.47,0,2940.42,2940.52,2940.52,2940.42,1740375300000,2,,0,,0,0,0,0,0,false
,3,2940.13,0,2939.93,2940.34,2940.34,2939.93,1740375360000,3,,0,,0,0,0,0,0,false
,3,2939.85,0,2939.28,2940.34,2940.34,2939.28,1740375420000,3,,0,,0,0,0,0,0,false
,2,2939.63,0,2939.91,2939.35,2939.91,2939.35,1740375480000,2,,0,,0,0,0,0,0,false
,3,2939.7167,0,2939.36,2939.88,2939.91,2939.36,1740375540000,3,,0,,0,0,0,0,0,false
,2,2939.46,0,2939.73,2939.19,2939.73,2939.19,1740375600000,2,,0,,0,0,0,0,0,false
,3,2938.7033,0,2938.66,2937.92,2939.53,2937.92,1740375660000,3,,0,,0,0,0,0,0,false
,3,2938.1033,0,2937.42,2937.64,2939.25,2937.42,1740375720000,3,,0,,0,0,0,0,0,false
,2,2939.195,0,2939.41,2938.98,2939.41,2938.98,1740375780000,2,,0,,0,0,0,0,0,false
,3,2938.3733,0,2938.79,2938.58,2938.79,2937.75,1740375840000,3,,0,,0,0,0,0,0,false
,2,2939.145,0,2938.97,2939.32,2939.32,2938.97,1740375900000,2,,0,,0,0,0,0,0,false
,3,2939.1867,0,2939.25,2939.34,2939.34,2938.97,1740375960000,3,,0,,0,0,0,0,0,false
,3,2939.3267,0,2939.26,2939.34,2939.38,2939.26,1740376020000,3,,0,,0,0,0,0,0,false
,2,2939.63,0,2939.62,2939.64,2939.64,2939.62,1740376080000,2,,0,,0,0,0,0,0,false
,3,2939.4867,0,2939.43,2939.41,2939.62,2939.41,1740376140000,3,,0,,0,0,0,0,0,false
,2,2939.55,0,2939.58,2939.52,2939.58,2939.52,1740376200000,2,,0,,0,0,0,0,0,false
,3,2939.5067,0,2939.47,2939.47,2939.58,2939.47,1740376260000,3,,0,,0,0,0,0,0,false
,3,2939.39,0,2939.48,2939.47,2939.48,2939.22,1740376320000,3,,0,,0,0,0,0,0,false
,2,2938.945,0,2938.94,2938.95,2938.95,2938.94,1740376380000,2,,0,,0,0,0,0,0,false
,3,2938.6267,0,2938.58,2938.36,2938.94,2938.36,1740376440000,3,,0,,0,0,0,0,0,false
,2,2938.09,0,2938.44,2937.74,2938.44,2937.74,1740376500000,2,,0,,0,0,0,0,0,false
,3,2937.2433,0,2937.08,2936.21,2938.44,2936.21,1740376560000,3,,0,,0,0,0,0,0,false
,3,2936.2767,0,2935.78,2937.42,2937.42,2935.63,1740376620000,3,,0,,0,0,0,0,0,false
,2,2936.605,0,2936.45,2936.76,2936.76,2936.45,1740376680000,2,,0,,0,0,0,0,0,false
,3,2936.8133,0,2936.71,2936.76,2936.97,2936.71,1740376740000,3,,0,,0,0,0,0,0,false
,2,2936.2,0,2935.35,2937.05,2937.05,2935.35,1740376800000,2,,0,,0,0,0,0,0,false
,3,2936.47,0,2937.02,2937.04,2937.04,2935.35,1740376860000,3,,0,,0,0,0,0,0,false
,3,2936.7133,0,2936.65,2937.04,2937.04,2936.45,1740376920000,3,,0,,0,0,0,0,0,false
,2,2936.1,0,2935.92,2936.28,2936.28,2935.92,1740376980000,2,,0,,0,0,0,0,0,false
,3,2936.4933,0,2936.4,2936.28,2936.8,2936.28,1740377040000,3,,0,,0,0,0,0,0,false
,2,2937.065,0,2936.73,2937.4,2937.4,2936.73,1740377100000,2,,0,,0,0,0,0,0,false
,3,2937.1733,0,2937.09,2937.7,2937.7,2936.73,1740377160000,3,,0,,0,0,0,0,0,false
,2,2937.685,0,2937.24,2938.13,2938.13,2937.24,1740377220000,2,,0,,0,0,0,0,0,false
,2,2938.25,0,2938.45,2938.05,2938.45,2938.05,1740377280000,2,,0,,0,0,0,0,0,false
,3,2938.4033,0,2938.02,2938.05,2939.14,2938.02,1740377340000,3,,0,,0,0,0,0,0,false
,2,2938.655,0,2938.7,2938.61,2938.7,2938.61,1740377400000,2,,0,,0,0,0,0,0,false
,4,2938.2925,0,2938.2,2938.42,2938.42,2938.2,1740377460000,4,,0,,0,0,0,0,0,false
,3,2937.8067,0,2938,2938.42,2938.42,2937,1740377520000,3,,0,,0,0,0,0,0,false
,2,2936.93,0,2936.69,2937.17,2937.17,2936.69,1740377580000,2,,0,,0,0,0,0,0,false
,3,2937.2133,0,2937.34,2936.7,2937.6,2936.7,1740377640000,3,,0,,0,0,0,0,0,false
,2,2938.265,0,2938.02,2938.51,2938.51,2938.02,1740377700000,2,,0,,0,0,0,0,0,false
,2,2938.035,0,2938.31,2937.76,2938.31,2937.76,1740377760000,2,,0,,0,0,0,0,0,false
,3,2937.53,0,2937.67,2937.76,2937.76,2937.16,1740377820000,3,,0,,0,0,0,0,0,false
,2,2937.72,0,2937.68,2937.76,2937.76,2937.68,1740377880000,2,,0,,0,0,0,0,0,false
,4,2937.7175,0,2937,2937.76,2938.21,2937,1740377940000,4,,0,,0,0,0,0,0,false
,2,2938.26,0,2938,2938.52,2938.52,2938,1740378000000,2,,0,,0,0,0,0,0,false
,3,2938.4133,0,2938.32,2938.92,2938.92,2938,1740378060000,3,,0,,0,0,0,0,0,false
,3,2938.6,0,2938.68,2938.7,2938.7,2938.42,1740378120000,3,,0,,0,0,0,0,0,false
,2,2937.845,0,2938.14,2937.55,2938.14,2937.55,1740378180000,2,,0,,0,0,0,0,0,false
,3,2938.31,0,2938.54,2938.13,2938.54,2938.13,1740378240000,3,,0,,0,0,0,0,0,false
,2,2939.285,0,2938.91,2939.66,2939.66,2938.91,1740378300000,2,,0,,0,0,0,0,0,false
,3,2940.32,0,2940.74,2941.36,2941.36,2938.86,1740378360000,3,,0,,0,0,0,0,0,false
,2,2940.575,0,2940.73,2940.42,2940.73,2940.42,1740378420000,2,,0,,0,0,0,0,0,false
,2,2939.845,0,2939.78,2939.91,2939.91,2939.78,1740378480000,2,,0,,0,0,0,0,0,false
,3,2939.67,0,2939.56,2939.91,2939.91,2939.54,1740378540000,3,,0,,0,0,0,0,0,false
,2,2939.955,0,2939.95,2939.96,2939.96,2939.95,1740378600000,2,,0,,0,0,0,0,0,false
,3,2940.08,0,2940.33,2939.93,2940.33,2939.93,1740378660000,3,,0,,0,0,0,0,0,false
,3,2939.8167,0,2940.07,2939.79,2940.07,2939.59,1740378720000,3,,0,,0,0,0,0,0,false
,2,2939.525,0,2939.42,2939.63,2939.63,2939.42,1740378780000,2,,0,,0,0,0,0,0,false
,3,2939.31,0,2939.43,2939.74,2939.74,2938.76,1740378840000,3,,0,,0,0,0,0,0,false
,3,2938.5733,0,2937.7,2939.1,2939.1,2937.7,1740378900000,3,,0,,0,0,0,0,0,false
,3,2938.5367,0,2938.63,2938.77,2938.77,2938.21,1740378960000,3,,0,,0,0,0,0,0,false
,3,2938.8133,0,2938.71,2938.77,2938.96,2938.71,1740379020000,3,,0,,0,0,0,0,0,false
,2,2938.935,0,2938.83,2939.04,2939.04,2938.83,1740379080000,2,,0,,0,0,0,0,0,false
,3,2938.45,0,2938,2939.04,2939.04,2938,1740379140000,3,,0,,0,0,0,0,0,false
,2,2938.2,0,2938.44,2937.96,2938.44,2937.96,1740379200000,2,,0,,0,0,0,0,0,false
,3,2938.2533,0,2938.04,2938.28,2938.44,2938.04,1740379260000,3,,0,,0,0,0,0,0,false
,2,2938.59,0,2938.56,2938.62,2938.62,2938.56,1740379320000,2,,0,,0,0,0,0,0,false
,3,2938.07,0,2938.28,2937.25,2938.68,2937.25,1740379380000,3,,0,,0,0,0,0,0,false
,3,2937.8733,0,2937.65,2938.67,2938.67,2937.3,1740379440000,3,,0,,0,0,0,0,0,false
,2,2937.84,0,2937.32,2938.36,2938.36,2937.32,1740379500000,2,,0,,0,0,0,0,0,false
,4,2937.245,0,2936.3,2937.48,2937.88,2936.3,1740379560000,4,,0,,0,0,0,0,0,false
,2,2937.285,0,2937.78,2936.79,2937.78,2936.79,1740379620000,2,,0,,0,0,0,0,0,false
,3,2937.3033,0,2937.48,2937.35,2937.48,2937.08,1740379680000,3,,0,,0,0,0,0,0,false
,3,2937.6067,0,2937.44,2937.35,2938.03,2937.35,1740379740000,3,,0,,0,0,0,0,0,false
,2,2938.19,0,2938.1,2938.28,2938.28,2938.1,1740379800000,2,,0,,0,0,0,0,0,false
,3,2937.6367,0,2937.9,2937.52,2937.9,2937.49,1740379860000,3,,0,,0,0,0,0,0,false
,2,2937.495,0,2937.53,2937.46,2937.53,2937.46,1740379920000,2,,0,,0,0,0,0,0,false
,3,2937.5267,0,2937.52,2937.49,2937.57,2937.49,1740379980000,3,,0,,0,0,0,0,0,false
,3,2937.5933,0,2937.52,2937.49,2937.77,2937.49,1740380040000,3,,0,,0,0,0,0,0,false
,2,2937.88,0,2937.9,2937.86,2937.9,2937.86,1740380100000,2,,0,,0,0,0,0,0,false
,3,2937.6567,0,2937.72,2937.35,2937.9,2937.35,1740380160000,3,,0,,0,0,0,0,0,false
,2,2937.63,0,2937.32,2937.94,2937.94,2937.32,1740380220000,2,,0,,0,0,0,0,0,false
,2,2938.23,0,2938.21,2938.25,2938.25,2938.21,1740380280000,2,,0,,0,0,0,0,0,false
,3,2938.3567,0,2938.79,2937.72,2938.79,2937.72,1740380340000,3,,0,,0,0,0,0,0,false
,2,2938.625,0,2938.34,2938.91,2938.91,2938.34,1740380400000,2,,0,,0,0,0,0,0,false
,3,2938.83,0,2939.1,2939.05,2939.1,2938.34,1740380460000,3,,0,,0,0,0,0,0,false
,2,2939.7,0,2939.59,2939.81,2939.81,2939.59,1740380520000,2,,0,,0,0,0,0,0,false
,3,2939.74,0,2939.8,2939.93,2939.93,2939.49,1740380580000,3,,0,,0,0,0,0,0,false
,3,2940.1067,0,2939.97,2939.93,2940.42,2939.93,1740380640000,3,,0,,0,0,0,0,0,false
,2,2940.52,0,2940.67,2940.37,2940.67,2940.37,1740380700000,2,,0,,0,0,0,0,0,false
,3,2940.5767,0,2940.65,2941.08,2941.08,2940,1740380760000,3,,0,,0,0,0,0,0,false
,2,2941.205,0,2941.22,2941.19,2941.22,2941.19,1740380820000,2,,0,,0,0,0,0,0,false
,3,2940.73,0,2940.61,2940.36,2941.22,2940.36,1740380880000,3,,0,,0,0,0,0,0,false
,3,2940.2233,0,2940.19,2940.36,2940.36,2940.12,1740380940000,3,,0,,0,0,0,0,0,false
,2,2940.825,0,2941.01,2940.64,2941.01,2940.64,1740381000000,2,,0,,0,0,0,0,0,false
,3,2940.51,0,2940.68,2940.29,2940.68,2940.29,1740381060000,3,,0,,0,0,0,0,0,false
,2,2940.415,0,2940.17,2940.66,2940.66,2940.17,1740381120000,2,,0,,0,0,0,0,0,false
,3,2940.3967,0,2940.36,2940.66,2940.66,2940.17,1740381180000,3,,0,,0,0,0,0,0,false
,3,2940.68,0,2940.71,2940.66,2940.71,2940.66,1740381240000,3,,0,,0,0,0,0,0,false
,2,2940.46,0,2940.55,2940.37,2940.55,2940.37,1740381300000,2,,0,,0,0,0,0,0,false
,3,2939.8933,0,2939.14,2939.99,2940.55,2939.14,1740381360000,3,,0,,0,0,0,0,0,false
,2,2940.02,0,2940.18,2939.86,2940.18,2939.86,1740381420000,2,,0,,0,0,0,0,0,false
,3,2940.03,0,2939.72,2940.19,2940.19,2939.72,1740381480000,3,,0,,0,0,0,0,0,false
,3,2939.76,0,2939.79,2939.73,2939.79,2939.73,1740381540000,3,,0,,0,0,0,0,0,false
,2,2939.905,0,2939.86,2939.95,2939.95,2939.86,1740381600000,2,,0,,0,0,0,0,0,false
,3,2939.5967,0,2939.4,2939.53,2939.86,2939.4,1740381660000,3,,0,,0,0,0,0,0,false
,2,2939.66,0,2939.68,2939.64,2939.68,2939.64,1740381720000,2,,0,,0,0,0,0,0,false
,3,2939.4967,0,2939.49,2939.32,2939.68,2939.32,1740381780000,3,,0,,0,0,0,0,0,false
,3,2939.5367,0,2939.63,2939.32,2939.66,2939.32,1740381840000,3,,0,,0,0,0,0,0,false
,2,2939.975,0,2939.63,2940.32,2940.32,2939.63,1740381900000,2,,0,,0,0,0,0,0,false
,3,2939.9167,0,2940.24,2939.88,2940.24,2939.63,1740381960000,3,,0,,0,0,0,0,0,false
,2,2939.77,0,2940.16,2939.38,2940.16,2939.38,1740382020000,2,,0,,0,0,0,0,0,false
,3,2940.4333,0,2940.39,2940.75,2940.75,2940.16,1740382080000,3,,0,,0,0,0,0,0,false
,3,2940.1767,0,2939.94,2940.54,2940.54,2939.94,1740382140000,3,,0,,0,0,0,0,0,false
,2,2939.86,0,2939.62,2940.1,2940.1,2939.62,1740382200000,2,,0,,0,0,0,0,0,false
,3,2940.2233,0,2940.62,2940.38,2940.62,2939.67,1740382260000,3,,0,,0,0,0,0,0,false
,2,2940.72,0,2940.76,2940.68,2940.76,2940.68,1740382320000,2,,0,,0,0,0,0,0,false
,3,2941.36,0,2941.35,2941.97,2941.97,2940.76,1740382380000,3,,0,,0,0,0,0,0,false
,2,2941.585,0,2941.66,2941.51,2941.66,2941.51,1740382440000,2,,0,,0,0,0,0,0,false
,2,2941.525,0,2941.43,2941.62,2941.62,2941.43,1740382500000,2,,0,,0,0,0,0,0,false
,3,2941.6833,0,2941.37,2942.25,2942.25,2941.37,1740382560000,3,,0,,0,0,0,0,0,false
,2,2942.38,0,2942.36,2942.4,2942.4,2942.36,1740382620000,2,,0,,0,0,0,0,0,false
,3,2941.8767,0,2941.98,2942.23,2942.23,2941.42,1740382680000,3,,0,,0,0,0,0,0,false
,3,2942.2433,0,2942.28,2942.23,2942.28,2942.22,1740382740000,3,,0,,0,0,0,0,0,false
,2,2942.44,0,2942.45,2942.43,2942.45,2942.43,1740382800000,2,,0,,0,0,0,0,0,false
,4,2941.715,0,2940.6,2941.9,2942.45,2940.6,1740382860000,4,,0,,0,0,0,0,0,false
,2,2942.16,0,2942.05,2942.27,2942.27,2942.05,1740382920000,2,,0,,0,0,0,0,0,false
,3,2942.5567,0,2942.66,2942.96,2942.96,2942.05,1740382980000,3,,0,,0,0,0,0,0,false
,3,2943.2433,0,2942.92,2942.9,2943.91,2942.9,1740383040000,3,,0,,0,0,0,0,0,false
,2,2943.835,0,2943.79,2943.88,2943.88,2943.79,1740383100000,2,,0,,0,0,0,0,0,false
,2,2943.765,0,2943.68,2943.85,2943.85,2943.68,1740383160000,2,,0,,0,0,0,0,0,false
,2,2943.69,0,2943.61,2943.77,2943.77,2943.61,1740383220000,2,,0,,0,0,0,0,0,false
,3,2943.5567,0,2943.43,2943.63,2943.63,2943.43,1740383280000,3,,0,,0,0,0,0,0,false
,3,2943.7,0,2943.79,2943.63,2943.79,2943.63,1740383340000,3,,0,,0,0,0,0,0,false
,2,2944.085,0,2943.87,2944.3,2944.3,2943.87,1740383400000,2,,0,,0,0,0,0,0,false
,3,2944.0367,0,2944.08,2944.16,2944.16,2943.87,1740383460000,3,,0,,0,0,0,0,0,false
,2,2944.3,0,2944.17,2944.43,2944.43,2944.17,1740383520000,2,,0,,0,0,0,0,0,false
,3,2943.86,0,2943.98,2943.43,2944.17,2943.43,1740383580000,3,,0,,0,0,0,0,0,false
,3,2943.4033,0,2943.29,2943.78,2943.78,2943.14,1740383640000,3,,0,,0,0,0,0,0,false
,2,2942.405,0,2942.21,2942.6,2942.6,2942.21,1740383700000,2,,0,,0,0,0,0,0,false
,3,2942.4733,0,2942.51,2942.11,2942.8,2942.11,1740383760000,3,,0,,0,0,0,0,0,false
,2,2942.09,0,2941.9,2942.28,2942.28,2941.9,1740383820000,2,,0,,0,0,0,0,0,false
,3,2942.5633,0,2942.78,2943.01,2943.01,2941.9,1740383880000,3,,0,,0,0,0,0,0,false
,3,2943.0933,0,2943.53,2942.3,2943.53,2942.3,1740383940000,3,,0,,0,0,0,0,0,false
,2,2943.39,0,2943.46,2943.32,2943.46,2943.32,1740384000000,2,,0,,0,0,0,0,0,false
,3,2943.68,0,2943.41,2943.32,2944.31,2943.32,1740384060000,3,,0,,0,0,0,0,0,false
,2,2943.24,0,2943.17,2943.31,2943.31,2943.17,1740384120000,2,,0,,0,0,0,0,0,false
,3,2943.1067,0,2943.24,2942.91,2943.24,2942.91,1740384180000,3,,0,,0,0,0,0,0,false
,3,2943.1533,0,2943.09,2942.91,2943.46,2942.91,1740384240000,3,,0,,0,0,0,0,0,false
,2,2942.615,0,2942.49,2942.74,2942.74,2942.49,1740384300000,2,,0,,0,0,0,0,0,false
,3,2942.66,0,2942.41,2942.74,2942.83,2942.41,1740384360000,3,,0,,0,0,0,0,0,false
,2,2943.4,0,2943.1,2943.7,2943.7,2943.1,1740384420000,2,,0,,0,0,0,0,0,false
,4,2942.8775,0,2942.4,2943.01,2943.64,2942.4,1740384480000,4,,0,,0,0,0,0,0,false
,3,2943.46,0,2943.5,2943.01,2943.87,2943.01,1740384540000,3,,0,,0,0,0,0,0,false
,2,2944.47,0,2944.42,2944.52,2944.52,2944.42,1740384600000,2,,0,,0,0,0,0,0,false
,3,2944.28,0,2944.23,2944.52,2944.52,2944.09,1740384660000,3,,0,,0,0,0,0,0,false
,2,2944.16,0,2943.9,2944.42,2944.42,2943.9,1740384720000,2,,0,,0,0,0,0,0,false
,3,2943.7333,0,2944.18,2943.12,2944.18,2943.12,1740384780000,3,,0,,0,0,0,0,0,false
,3,2943.1267,0,2943.4,2943.14,2943.4,2942.84,1740384840000,3,,0,,0,0,0,0,0,false
,2,2942.255,0,2942.55,2941.96,2942.55,2941.96,1740384900000,2,,0,,0,0,0,0,0,false
,3,2942.51,0,2941.92,2942.54,2943.07,2941.92,1740384960000,3,,0,,0,0,0,0,0,false
,2,2942.02,0,2942.43,2941.61,2942.43,2941.61,1740385020000,2,,0,,0,0,0,0,0,false
,3,2942.5167,0,2942.45,2942.85,2942.85,2942.25,1740385080000,3,,0,,0,0,0,0,0,false
,3,2942.0433,0,2942.48,2941.72,2942.48,2941.72,1740385140000,3,,0,,0,0,0,0,0,false
,2,2941.29,0,2941.21,2941.37,2941.37,2941.21,1740385200000,2,,0,,0,0,0,0,0,false
,3,2941.3933,0,2941.38,2941.37,2941.43,2941.37,1740385260000,3,,0,,0,0,0,0,0,false
,2,2940.955,0,2940.98,2940.93,2940.98,2940.93,1740385320000,2,,0,,0,0,0,0,0,false
,3,2941.39,0,2941.65,2941.41,2941.65,2941.11,1740385380000,3,,0,,0,0,0,0,0,false
,3,2941.3933,0,2941.49,2941.41,2941.49,2941.28,1740385440000,3,,0,,0,0,0,0,0,false
,2,2940.71,0,2940.81,2940.61,2940.81,2940.61,1740385500000,2,,0,,0,0,0,0,0,false
,3,2940.8067,0,2940.86,2940.63,2940.93,2940.63,1740385560000,3,,0,,0,0,0,0,0,false
,2,2941.035,0,2941.04,2941.03,2941.04,2941.03,1740385620000,2,,0,,0,0,0,0,0,false
,3,2941.3367,0,2941.64,2941.33,2941.64,2941.04,1740385680000,3,,0,,0,0,0,0,0,false
,2,2941.255,0,2941.31,2941.2,2941.31,2941.2,1740385740000,2,,0,,0,0,0,0,0,false
,3,2941.57,0,2941.33,2941.28,2942.1,2941.28,1740385800000,3,,0,,0,0,0,0,0,false
,3,2941.1033,0,2941.27,2941.28,2941.28,2940.76,1740385860000,3,,0,,0,0,0,0,0,false
,2,2941.765,0,2941.8,2941.73,2941.8,2941.73,1740385920000,2,,0,,0,0,0,0,0,false
,3,2941.6267,0,2941.41,2942.19,2942.19,2941.28,1740385980000,3,,0,,0,0,0,0,0,false
,2,2941.715,0,2941.82,2941.61,2941.82,2941.61,1740386040000,2,,0,,0,0,0,0,0,false
,3,2941.25,0,2941.42,2941.15,2941.42,2941.15,1740386100000,3,,0,,0,0,0,0,0,false
,3,2941.1233,0,2941.21,2941.15,2941.21,2941.01,1740386160000,3,,0,,0,0,0,0,0,false
,2,2941.91,0,2942.05,2941.77,2942.05,2941.77,1740386220000,2,,0,,0,0,0,0,0,false
,3,2941.4667,0,2941.71,2941.38,2941.71,2941.31,1740386280000,3,,0,,0,0,0,0,0,false
,2,2939.855,0,2940.01,2939.7,2940.01,2939.7,1740386340000,2,,0,,0,0,0,0,0,false
,3,2940.1,0,2941.38,2939.48,2941.38,2939.44,1740386400000,3,,0,,0,0,0,0,0,false
,3,2939.18,0,2938.95,2939.48,2939.48,2938.95,1740386460000,3,,0,,0,0,0,0,0,false
,2,2938.47,0,2938.43,2938.51,2938.51,2938.43,1740386520000,2,,0,,0,0,0,0,0,false
,3,2939.75,0,2940.09,2940.67,2940.67,2938.49,1740386580000,3,,0,,0,0,0,0,0,false
,2,2940.87,0,2941.37,2940.37,2941.37,2940.37,1740386640000,2,,0,,0,0,0,0,0,false
,3,2940.62,0,2940.04,2941.07,2941.07,2940.04,1740386700000,3,,0,,0,0,0,0,0,false
,3,2940.9433,0,2940.62,2941.07,2941.14,2940.62,1740386760000,3,,0,,0,0,0,0,0,false
,2,2941.285,0,2941.18,2941.39,2941.39,2941.18,1740386820000,2,,0,,0,0,0,0,0,false
,3,2941.6067,0,2941.91,2942.12,2942.12,2940.79,1740386880000,3,,0,,0,0,0,0,0,false
,2,2942.28,0,2941.77,2942.79,2942.79,2941.77,1740386940000,2,,0,,0,0,0,0,0,false
,3,2943.3067,0,2942.12,2944.51,2944.51,2942.12,1740387000000,3,,0,,0,0,0,0,0,false
,3,2943.8033,0,2944.24,2942.87,2944.3,2942.87,1740387060000,3,,0,,0,0,0,0,0,false
,2,2945.075,0,2944.61,2945.54,2945.54,2944.61,1740387120000,2,,0,,0,0,0,0,0,false
,3,2945.48,0,2946.78,2946.75,2946.78,2942.91,1740387180000,3,,0,,0,0,0,0,0,false
,2,2947.485,0,2947.38,2947.59,2947.59,2947.38,1740387240000,2,,0,,0,0,0,0,0,false
,3,2946.6267,0,2944.78,2948.13,2948.13,2944.78,1740387300000,3,,0,,0,0,0,0,0,false
,3,2947.6367,0,2947.95,2946.98,2947.98,2946.98,1740387360000,3,,0,,0,0,0,0,0,false
,2,2947.29,0,2947.56,2947.02,2947.56,2947.02,1740387420000,2,,0,,0,0,0,0,0,false
,3,2946.74,0,2946.34,2946.32,2947.56,2946.32,1740387480000,3,,0,,0,0,0,0,0,false
,2,2946.045,0,2946.18,2945.91,2946.18,2945.91,1740387540000,2,,0,,0,0,0,0,0,false
,3,2946.1,0,2946.32,2946.25,2946.32,2945.73,1740387600000,3,,0,,0,0,0,0,0,false
,3,2945.8367,0,2945.95,2945.74,2945.95,2945.74,1740387660000,3,,0,,0,0,0,0,0,false
,2,2945.53,0,2945.83,2945.23,2945.83,2945.23,1740387720000,2,,0,,0,0,0,0,0,false
,3,2945.93,0,2945.21,2946.75,2946.75,2945.21,1740387780000,3,,0,,0,0,0,0,0,false
,2,2947.095,0,2947.11,2947.08,2947.11,2947.08,1740387840000,2,,0,,0,0,0,0,0,false
,3,2946.0167,0,2946.54,2946.25,2946.54,2945.26,1740387900000,3,,0,,0,0,0,0,0,false
,3,2946.79,0,2946.16,2946.06,2948.15,2946.06,1740387960000,3,,0,,0,0,0,0,0,false
,2,2947.235,0,2947.12,2947.35,2947.35,2947.12,1740388020000,2,,0,,0,0,0,0,0,false
,3,2947.1967,0,2947.73,2946.74,2947.73,2946.74,1740388080000,3,,0,,0,0,0,0,0,false
,2,2946.725,0,2946.64,2946.81,2946.81,2946.64,1740388140000,2,,0,,0,0,0,0,0,false
,3,2946.8067,0,2946.61,2947.17,2947.17,2946.61,1740388200000,3,,0,,0,0,0,0,0,false
,3,2946.6533,0,2946.47,2946.62,2946.87,2946.47,1740388260000,3,,0,,0,0,0,0,0,false
,2,2946.75,0,2946.89,2946.61,2946.89,2946.61,1740388320000,2,,0,,0,0,0,0,0,false
,3,2945.8067,0,2945.66,2945.12,2946.64,2945.12,1740388380000,3,,0,,0,0,0,0,0,false
,2,2945.03,0,2944.84,2945.22,2945.22,2944.84,1740388440000,2,,0,,0,0,0,0,0,false
,3,2945.1467,0,2945.58,2945.02,2945.58,2944.84,1740388500000,3,,0,,0,0,0,0,0,false
,3,2944.34,0,2944.28,2945.05,2945.05,2943.69,1740388560000,3,,0,,0,0,0,0,0,false
,2,2944.375,0,2943.99,2944.76,2944.76,2943.99,1740388620000,2,,0,,0,0,0,0,0,false
,3,2944.2033,0,2943.94,2944.68,2944.68,2943.94,1740388680000,3,,0,,0,0,0,0,0,false
,2,2945.365,0,2945.6,2945.13,2945.6,2945.13,1740388740000,2,,0,,0,0,0,0,0,false
,3,2945.19,0,2945.7,2945.76,2945.76,2944.11,1740388800000,3,,0,,0,0,0,0,0,false
,3,2945.5967,0,2945.65,2945.34,2945.8,2945.34,1740388860000,3,,0,,0,0,0,0,0,false
,2,2945.795,0,2945.77,2945.82,2945.82,2945.77,1740388920000,2,,0,,0,0,0,0,0,false
,2,2945.835,0,2945.56,2946.11,2946.11,2945.56,1740388980000,2,,0,,0,0,0,0,0,false
,2,2946.12,0,2946.33,2945.91,2946.33,2945.91,1740389040000,2,,0,,0,0,0,0,0,false
,2,2945.56,0,2945.5,2945.62,2945.62,2945.5,1740389100000,2,,0,,0,0,0,0,0,false
,3,2945.4833,0,2945.47,2945.62,2945.62,2945.36,1740389160000,3,,0,,0,0,0,0,0,false
,2,2945.785,0,2945.75,2945.82,2945.82,2945.75,1740389220000,2,,0,,0,0,0,0,0,false
,3,2945.7333,0,2945.88,2945.52,2945.88,2945.52,1740389280000,3,,0,,0,0,0,0,0,false
,2,2945.405,0,2945.52,2945.29,2945.52,2945.29,1740389340000,2,,0,,0,0,0,0,0,false
,3,2945.7433,0,2946.01,2945.7,2946.01,2945.52,1740389400000,3,,0,,0,0,0,0,0,false
,3,2945.1633,0,2944.97,2945.7,2945.7,2944.82,1740389460000,3,,0,,0,0,0,0,0,false
,2,2944.975,0,2944.78,2945.17,2945.17,2944.78,1740389520000,2,,0,,0,0,0,0,0,false
,3,2945.16,0,2945.26,2945.44,2945.44,2944.78,1740389580000,3,,0,,0,0,0,0,0,false
,2,2945.28,0,2945.32,2945.24,2945.32,2945.24,1740389640000,2,,0,,0,0,0,0,0,false
,3,2944.7567,0,2944.61,2944.34,2945.32,2944.34,1740389700000,3,,0,,0,0,0,0,0,false
,3,2944.9933,0,2944.63,2944.41,2945.94,2944.41,1740389760000,3,,0,,0,0,0,0,0,false
,2,2945.52,0,2945.54,2945.5,2945.54,2945.5,1740389820000,2,,0,,0,0,0,0,0,false
,3,2945.8367,0,2946.18,2945.79,2946.18,2945.54,1740389880000,3,,0,,0,0,0,0,0,false
,2,2945.355,0,2945.26,2945.45,2945.45,2945.26,1740389940000,2,,0,,0,0,0,0,0,false
,3,2945.3167,0,2945.44,2945.34,2945.44,2945.17,1740390000000,3,,0,,0,0,0,0,0,false
,3,2945.6067,0,2945.84,2945.34,2945.84,2945.34,1740390060000,3,,0,,0,0,0,0,0,false
,2,2945.3,0,2945.13,2945.47,2945.47,2945.13,1740390120000,2,,0,,0,0,0,0,0,false
,3,2945.2267,0,2945.46,2944.96,2945.46,2944.96,1740390180000,3,,0,,0,0,0,0,0,false
,2,2944.765,0,2944.91,2944.62,2944.91,2944.62,1740390240000,2,,0,,0,0,0,0,0,false
,3,2944.84,0,2944.53,2945.08,2945.08,2944.53,1740390300000,3,,0,,0,0,0,0,0,false
,3,2944.84,0,2945.09,2944.83,2945.09,2944.6,1740390360000,3,,0,,0,0,0,0,0,false
,2,2944.385,0,2944.31,2944.46,2944.46,2944.31,1740390420000,2,,0,,0,0,0,0,0,false
,3,2943.96,0,2943.87,2943.7,2944.31,2943.7,1740390480000,3,,0,,0,0,0,0,0,false
,2,2943.375,0,2943.47,2943.28,2943.47,2943.28,1740390540000,2,,0,,0,0,0,0,0,false
,3,2943.5267,0,2943.5,2943.61,2943.61,2943.47,1740390600000,3,,0,,0,0,0,0,0,false
,3,2943.5633,0,2943.57,2943.61,2943.61,2943.51,1740390660000,3,,0,,0,0,0,0,0,false
,2,2943.125,0,2943.05,2943.2,2943.2,2943.05,1740390720000,2,,0,,0,0,0,0,0,false
,3,2943.24,0,2943.23,2943.3,2943.3,2943.19,1740390780000,3,,0,,0,0,0,0,0,false
,2,2943.41,0,2943.11,2943.71,2943.71,2943.11,1740390840000,2,,0,,0,0,0,0,0,false
,3,2943.4567,0,2943.55,2943.71,2943.71,2943.11,1740390900000,3,,0,,0,0,0,0,0,false
,3,2943.5133,0,2943.68,2943.51,2943.68,2943.35,1740390960000,3,,0,,0,0,0,0,0,false
,2,2943.605,0,2943.61,2943.6,2943.61,2943.6,1740391020000,2,,0,,0,0,0,0,0,false
,3,2943.67,0,2943.69,2943.71,2943.71,2943.61,1740391080000,3,,0,,0,0,0,0,0,false
,2,2944.1,0,2944.12,2944.08,2944.12,2944.08,1740391140000,2,,0,,0,0,0,0,0,false
,3,2944.2067,0,2944.22,2944.39,2944.39,2944.01,1740391200000,3,,0,,0,0,0,0,0,false
,3,2943.88,0,2943.72,2944.39,2944.39,2943.53,1740391260000,3,,0,,0,0,0,0,0,false
,2,2943.555,0,2943.42,2943.69,2943.69,2943.42,1740391320000,2,,0,,0,0,0,0,0,false
,3,2943.6433,0,2943.85,2943.69,2943.85,2943.39,1740391380000,3,,0,,0,0,0,0,0,false
,2,2943.555,0,2943.55,2943.56,2943.56,2943.55,1740391440000,2,,0,,0,0,0,0,0,false
,3,2943.56,0,2943.65,2943.48,2943.65,2943.48,1740391500000,3,,0,,0,0,0,0,0,false
,3,2943.45,0,2943.46,2943.48,2943.48,2943.41,1740391560000,3,,0,,0,0,0,0,0,false
,2,2943.54,0,2943.58,2943.5,2943.58,2943.5,1740391620000,2,,0,,0,0,0,0,0,false
,3,2943.51,0,2943.17,2943.5,2943.86,2943.17,1740391680000,3,,0,,0,0,0,0,0,false
,2,2944,0,2943.97,2944.03,2944.03,2943.97,1740391740000,2,,0,,0,0,0,0,0,false
,3,2943.7433,0,2943.9,2943.74,2943.9,2943.59,1740391800000,3,,0,,0,0,0,0,0,false
,3,2943.37,0,2943.13,2943.74,2943.74,2943.13,1740391860000,3,,0,,0,0,0,0,0,false
,2,2943.08,0,2943.07,2943.09,2943.09,2943.07,1740391920000,2,,0,,0,0,0,0,0,false
,3,2943.0967,0,2943.17,2943.09,2943.17,2943.03,1740391980000,3,,0,,0,0,0,0,0,false
,2,2942.99,0,2942.97,2943.01,2943.01,2942.97,1740392040000,2,,0,,0,0,0,0,0,false
,3,2942.7533,0,2942.74,2942.55,2942.97,2942.55,1740392100000,3,,0,,0,0,0,0,0,false
,2,2942.885,0,2942.81,2942.96,2942.96,2942.81,1740392160000,2,,0,,0,0,0,0,0,false
,3,2942.6967,0,2942.55,2942.58,2942.96,2942.55,1740392220000,3,,0,,0,0,0,0,0,false
,3,2943.15,0,2943.27,2942.95,2943.27,2942.95,1740392280000,3,,0,,0,0,0,0,0,false
,2,2943.26,0,2943.21,2943.31,2943.31,2943.21,1740392340000,2,,0,,0,0,0,0,0,false
,3,2943.0867,0,2943.17,2942.88,2943.21,2942.88,1740392400000,3,,0,,0,0,0,0,0,false
,2,2942.98,0,2943,2942.96,2943,2942.96,1740392460000,2,,0,,0,0,0,0,0,false
,3,2942.7433,0,2942.88,2942.5,2942.88,2942.5,1740392520000,3,,0,,0,0,0,0,0,false
,3,2942.52,0,2942.46,2942.84,2942.84,2942.26,1740392580000,3,,0,,0,0,0,0,0,false
,2,2942.45,0,2942.26,2942.64,2942.64,2942.26,1740392640000,2,,0,,0,0,0,0,0,false
,3,2942.62,0,2942.66,2942.94,2942.94,2942.26,1740392700000,3,,0,,0,0,0,0,0,false
,2,2942.735,0,2942.71,2942.76,2942.76,2942.71,1740392760000,2,,0,,0,0,0,0,0,false
,3,2942.61,0,2942.66,2942.71,2942.71,2942.46,1740392820000,3,,0,,0,0,0,0,0,false
,3,2942.66,0,2942.42,2942.71,2942.85,2942.42,1740392880000,3,,0,,0,0,0,0,0,false
,2,2942.77,0,2942.83,2942.71,2942.83,2942.71,1740392940000,2,,0,,0,0,0,0,0,false
,3,2941.66,0,2941.39,2941.12,2942.47,2941.12,1740393000000,3,,0,,0,0,0,0,0,false
,2,2941.035,0,2941.08,2940.99,2941.08,2940.99,1740393060000,2,,0,,0,0,0,0,0,false
,3,2941.3467,0,2941.88,2940.84,2941.88,2940.84,1740393120000,3,,0,,0,0,0,0,0,false
,3,2940.9767,0,2940.94,2941.31,2941.31,2940.68,1740393180000,3,,0,,0,0,0,0,0,false
,2,2940.325,0,2940.29,2940.36,2940.36,2940.29,1740393240000,2,,0,,0,0,0,0,0,false
,3,2940.0767,0,2940.02,2939.91,2940.3,2939.91,1740393300000,3,,0,,0,0,0,0,0,false
,2,2939.875,0,2939.94,2939.81,2939.94,2939.81,1740393360000,2,,0,,0,0,0,0,0,false
,3,2939.73,0,2939.91,2939.51,2939.91,2939.51,1740393420000,3,,0,,0,0,0,0,0,false
,3,2938.8867,0,2938.49,2939.51,2939.51,2938.49,1740393480000,3,,0,,0,0,0,0,0,false
,2,2939.12,0,2939.06,2939.18,2939.18,2939.06,1740393540000,2,,0,,0,0,0,0,0,false
,3,2939.2033,0,2939.31,2939.36,2939.36,2938.94,1740393600000,3,,0,,0,0,0,0,0,false
,2,2939.27,0,2939.34,2939.2,2939.34,2939.2,1740393660000,2,,0,,0,0,0,0,0,false
,3,2939.1,0,2939.36,2938.87,2939.36,2938.87,1740393720000,3,,0,,0,0,0,0,0,false
,3,2938.48,0,2938.5,2938.87,2938.87,2938.07,1740393780000,3,,0,,0,0,0,0,0,false
,2,2937.825,0,2937.71,2937.94,2937.94,2937.71,1740393840000,2,,0,,0,0,0,0,0,false
,3,2937.72,0,2937.54,2937.91,2937.91,2937.54,1740393900000,3,,0,,0,0,0,0,0,false
,2,2938.205,0,2938.18,2938.23,2938.23,2938.18,1740393960000,2,,0,,0,0,0,0,0,false
,3,2938.1533,0,2937.91,2938.26,2938.29,2937.91,1740394020000,3,,0,,0,0,0,0,0,false
,3,2938.1467,0,2938.29,2938.26,2938.29,2937.89,1740394080000,3,,0,,0,0,0,0,0,false
,2,2937.18,0,2937.43,2936.93,2937.43,2936.93,1740394140000,2,,0,,0,0,0,0,0,false
,3,2936.5933,0,2936.71,2935.43,2937.64,2935.43,1740394200000,3,,0,,0,0,0,0,0,false
,2,2935.875,0,2935.95,2935.8,2935.95,2935.8,1740394260000,2,,0,,0,0,0,0,0,false
,3,2935.7133,0,2936.7,2934.94,2936.7,2934.94,1740394320000,3,,0,,0,0,0,0,0,false
,2,2935.4,0,2935,2935.8,2935.8,2935,1740394380000,2,,0,,0,0,0,0,0,false
,2,2936.125,0,2936.17,2936.08,2936.17,2936.08,1740394440000,2,,0,,0,0,0,0,0,false
,3,2935.7567,0,2935.86,2936.36,2936.36,2935.05,1740394500000,3,,0,,0,0,0,0,0,false
,2,2938.285,0,2937.92,2938.65,2938.65,2937.92,1740394560000,2,,0,,0,0,0,0,0,false
,2,2938.08,0,2937.5,2938.66,2938.66,2937.5,1740394620000,2,,0,,0,0,0,0,0,false
,2,2937.745,0,2937.58,2937.91,2937.91,2937.58,1740394680000,2,,0,,0,0,0,0,0,false
,2,2937.71,0,2937.68,2937.74,2937.74,2937.68,1740394740000,2,,0,,0,0,0,0,0,false
,3,2937.95,0,2938.1,2938.07,2938.1,2937.68,1740394800000,3,,0,,0,0,0,0,0,false
,2,2937.995,0,2938.02,2937.97,2938.02,2937.97,1740394860000,2,,0,,0,0,0,0,0,false
,3,2938.13,0,2938.06,2938.31,2938.31,2938.02,1740394920000,3,,0,,0,0,0,0,0,false
,3,2938.1633,0,2938.26,2938.31,2938.31,2937.92,1740394980000,3,,0,,0,0,0,0,0,false
,2,2938.235,0,2937.86,2938.61,2938.61,2937.86,1740395040000,2,,0,,0,0,0,0,0,false
,3,2939.18,0,2939.88,2939.8,2939.88,2937.86,1740395100000,3,,0,,0,0,0,0,0,false
,2,2940.12,0,2940.29,2939.95,2940.29,2939.95,1740395160000,2,,0,,0,0,0,0,0,false
,3,2938.9367,0,2939.31,2939.09,2939.31,2938.41,1740395220000,3,,0,,0,0,0,0,0,false
,3,2938.95,0,2938.95,2939.09,2939.09,2938.81,1740395280000,3,,0,,0,0,0,0,0,false
,2,2938.555,0,2938.46,2938.65,2938.65,2938.46,1740395340000,2,,0,,0,0,0,0,0,false
,3,2938.6167,0,2938.75,2938.61,2938.75,2938.49,1740395400000,3,,0,,0,0,0,0,0,false
,2,2938.475,0,2938.5,2938.45,2938.5,2938.45,1740395460000,2,,0,,0,0,0,0,0,false
,3,2938.4267,0,2938.6,2938.18,2938.6,2938.18,1740395520000,3,,0,,0,0,0,0,0,false
,3,2938.7267,0,2938.63,2938.59,2938.96,2938.59,1740395580000,3,,0,,0,0,0,0,0,false
,2,2938.97,0,2939.01,2938.93,2939.01,2938.93,1740395640000,2,,0,,0,0,0,0,0,false
,3,2938.81,0,2938.57,2938.72,2939.14,2938.57,1740395700000,3,,0,,0,0,0,0,0,false
,2,2938.735,0,2938.76,2938.71,2938.76,2938.71,1740395760000,2,,0,,0,0,0,0,0,false
,3,2938.7267,0,2938.75,2938.67,2938.76,2938.67,1740395820000,3,,0,,0,0,0,0,0,false
,3,2938.9333,0,2938.95,2938.67,2939.18,2938.67,1740395880000,3,,0,,0,0,0,0,0,false
,2,2939.21,0,2939.02,2939.4,2939.4,2939.02,1740395940000,2,,0,,0,0,0,0,0,false
,3,2939.45,0,2939.71,2939.62,2939.71,2939.02,1740396000000,3,,0,,0,0,0,0,0,false
,2,2940,0,2939.79,2940.21,2940.21,2939.79,1740396060000,2,,0,,0,0,0,0,0,false
,3,2939.9767,0,2940.18,2939.96,2940.18,2939.79,1740396120000,3,,0,,0,0,0,0,0,false
,3,2941.0567,0,2941.36,2939.96,2941.85,2939.96,1740396180000,3,,0,,0,0,0,0,0,false
,2,2941.63,0,2941.67,2941.59,2941.67,2941.59,1740396240000,2,,0,,0,0,0,0,0,false
,2,2941.91,0,2942.05,2941.77,2942.05,2941.77,1740396300000,2,,0,,0,0,0,0,0,false
,2,2942.075,0,2942.09,2942.06,2942.09,2942.06,1740396360000,2,,0,,0,0,0,0,0,false
,3,2941.55,0,2942.16,2941.78,2942.16,2940.71,1740396420000,3,,0,,0,0,0,0,0,false
,3,2942.1367,0,2942.31,2941.78,2942.32,2941.78,1740396480000,3,,0,,0,0,0,0,0,false
,2,2942.45,0,2942.61,2942.29,2942.61,2942.29,1740396540000,2,,0,,0,0,0,0,0,false
,3,2942.17,0,2942.36,2943.04,2943.04,2941.11,1740396600000,3,,0,,0,0,0,0,0,false
,2,2941.76,0,2941.83,2941.69,2941.83,2941.69,1740396660000,2,,0,,0,0,0,0,0,false
,3,2941.9167,0,2941.91,2942.01,2942.01,2941.83,1740396720000,3,,0,,0,0,0,0,0,false
,3,2942.4767,0,2942.5,2942.01,2942.92,2942.01,1740396780000,3,,0,,0,0,0,0,0,false
,2,2943.73,0,2943.54,2943.92,2943.92,2943.54,1740396840000,2,,0,,0,0,0,0,0,false
,3,2943.3867,0,2943.6,2942.86,2943.7,2942.86,1740396900000,3,,0,,0,0,0,0,0,false
,2,2942.99,0,2942.66,2943.32,2943.32,2942.66,1740396960000,2,,0,,0,0,0,0,0,false
,3,2943.53,0,2943.87,2944.06,2944.06,2942.66,1740397020000,3,,0,,0,0,0,0,0,false
,3,2944.0833,0,2944.23,2944.06,2944.23,2943.96,1740397080000,3,,0,,0,0,0,0,0,false
,2,2943.66,0,2944.09,2943.23,2944.09,2943.23,1740397140000,2,,0,,0,0,0,0,0,false
,3,2943.5833,0,2943.12,2943.54,2944.09,2943.12,1740397200000,3,,0,,0,0,0,0,0,false
,2,2943.83,0,2943.77,2943.89,2943.89,2943.77,1740397260000,2,,0,,0,0,0,0,0,false
,3,2943.69,0,2943.53,2943.77,2943.77,2943.53,1740397320000,3,,0,,0,0,0,0,0,false
,3,2944.1467,0,2944.64,2943.77,2944.64,2943.77,1740397380000,3,,0,,0,0,0,0,0,false
,2,2944.315,0,2944.27,2944.36,2944.36,2944.27,1740397440000,2,,0,,0,0,0,0,0,false
,3,2944.5433,0,2944.79,2944.57,2944.79,2944.27,1740397500000,3,,0,,0,0,0,0,0,false
,2,2944.895,0,2944.85,2944.94,2944.94,2944.85,1740397560000,2,,0,,0,0,0,0,0,false
,3,2944.7767,0,2944.79,2944.69,2944.85,2944.69,1740397620000,3,,0,,0,0,0,0,0,false
,3,2944.8967,0,2944.81,2944.69,2945.19,2944.69,1740397680000,3,,0,,0,0,0,0,0,false
,2,2945.81,0,2945.63,2945.99,2945.99,2945.63,1740397740000,2,,0,,0,0,0,0,0,false
,3,2946.36,0,2946.84,2947.4,2947.4,2944.84,1740397800000,3,,0,,0,0,0,0,0,false
,2,2946.475,0,2946.48,2946.47,2946.48,2946.47,1740397860000,2,,0,,0,0,0,0,0,false
,3,2946.02,0,2946.26,2946.19,2946.26,2945.61,1740397920000,3,,0,,0,0,0,0,0,false
,3,2946.0833,0,2945.95,2946.19,2946.19,2945.95,1740397980000,3,,0,,0,0,0,0,0,false
,2,2945.805,0,2945.49,2946.12,2946.12,2945.49,1740398040000,2,,0,,0,0,0,0,0,false
,3,2946.19,0,2946.15,2946.32,2946.32,2946.1,1740398100000,3,,0,,0,0,0,0,0,false
,2,2946.825,0,2946.58,2947.07,2947.07,2946.58,1740398160000,2,,0,,0,0,0,0,0,false
,3,2947.2033,0,2947.51,2947.52,2947.52,2946.58,1740398220000,3,,0,,0,0,0,0,0,false
,2,2947.755,0,2947.68,2947.83,2947.83,2947.68,1740398280000,2,,0,,0,0,0,0,0,false
,3,2947.8767,0,2947.68,2948.01,2948.01,2947.68,1740398340000,3,,0,,0,0,0,0,0,false
,3,2947.97,0,2947.99,2948.01,2948.01,2947.91,1740398400000,3,,0,,0,0,0,0,0,false
,2,2948.395,0,2948.05,2948.74,2948.74,2948.05,1740398460000,2,,0,,0,0,0,0,0,false
,3,2949.3433,0,2950.07,2949.91,2950.07,2948.05,1740398520000,3,,0,,0,0,0,0,0,false
,2,2950.35,0,2950.76,2949.94,2950.76,2949.94,1740398580000,2,,0,,0,0,0,0,0,false
,3,2949.0833,0,2948.45,2949.14,2949.66,2948.45,1740398640000,3,,0,,0,0,0,0,0,false
,4,2949.01,0,2948.3,2949.65,2949.65,2948.3,1740398700000,4,,0,,0,0,0,0,0,false
,2,2947.925,0,2948.32,2947.53,2948.32,2947.53,1740398760000,2,,0,,0,0,0,0,0,false
,3,2947.1467,0,2946.79,2946.47,2948.18,2946.47,1740398820000,3,,0,,0,0,0,0,0,false
