T,v,vw,a,o,c,h,l,t,n,m,x,g,op,z,av,s,e,otc
,3,2291.67,0,2291.98,2290.95,2292.08,2290.95,1714521600000,3,,0,,0,0,0,0,0,false
,2,2292.545,0,2292.61,2292.48,2292.61,2292.48,1714521660000,2,,0,,0,0,0,0,0,false
,2,2292.415,0,2292.26,2292.57,2292.57,2292.26,1714521720000,2,,0,,0,0,0,0,0,false
,2,2291.965,0,2292.21,2291.72,2292.21,2291.72,1714521780000,2,,0,,0,0,0,0,0,false
,3,2292.1033,0,2292.57,2291.9,2292.57,2291.84,1714521840000,3,,0,,0,0,0,0,0,false
,3,2292.0267,0,2292.06,2291.9,2292.12,2291.9,1714521900000,3,,0,,0,0,0,0,0,false
,2,2292.275,0,2292.21,2292.34,2292.34,2292.21,1714521960000,2,,0,,0,0,0,0,0,false
,3,2292.48,0,2292.67,2292.56,2292.67,2292.21,1714522020000,3,,0,,0,0,0,0,0,false
,2,2292.12,0,2292.17,2292.07,2292.17,2292.07,1714522080000,2,,0,,0,0,0,0,0,false
,3,2292.3933,0,2292.56,2292.29,2292.56,2292.29,1714522140000,3,,0,,0,0,0,0,0,false
,3,2291.9433,0,2291.84,2292.29,2292.29,2291.7,1714522200000,3,,0,,0,0,0,0,0,false
,2,2292.23,0,2291.9,2292.56,2292.56,2291.9,1714522260000,2,,0,,0,0,0,0,0,false
,3,2292.3967,0,2292.79,2292.5,2292.79,2291.9,1714522320000,3,,0,,0,0,0,0,0,false
,1,2292.41,0,2292.41,2292.41,2292.41,2292.41,1714522380000,1,,0,,0,0,0,0,0,false
,3,2292.39,0,2292.3,2292.41,2292.46,2292.3,1714522440000,3,,0,,0,0,0,0,0,false
,4,2292.0325,0,2292.2,2292.41,2292.41,2291.2,1714522500000,4,,0,,0,0,0,0,0,false
,2,2292.215,0,2292.32,2292.11,2292.32,2292.11,1714522560000,2,,0,,0,0,0,0,0,false
,4,2291.7275,0,2292.04,2291.55,2292.32,2291,1714522620000,4,,0,,0,0,0,0,0,false
,2,2291.44,0,2291.53,2291.35,2291.53,2291.35,1714522680000,2,,0,,0,0,0,0,0,false
,3,2291.3067,0,2291.37,2291.02,2291.53,2291.02,1714522740000,3,,0,,0,0,0,0,0,false
,2,2290.835,0,2290.9,2290.77,2290.9,2290.77,1714522800000,2,,0,,0,0,0,0,0,false
,3,2290.0567,0,2290.44,2290.33,2290.44,2289.4,1714522860000,3,,0,,0,0,0,0,0,false
,3,2290.0167,0,2290.03,2289.57,2290.45,2289.57,1714522920000,3,,0,,0,0,0,0,0,false
,2,2288.305,0,2288.14,2288.47,2288.47,2288.14,1714522980000,2,,0,,0,0,0,0,0,false
,3,2288.8633,0,2288.7,2288.51,2289.38,2288.51,1714523040000,3,,0,,0,0,0,0,0,false
,3,2288.8767,0,2288.93,2288.51,2289.19,2288.51,1714523100000,3,,0,,0,0,0,0,0,false
,2,2289.185,0,2289.27,2289.1,2289.27,2289.1,1714523160000,2,,0,,0,0,0,0,0,false
,4,2288.9275,0,2288.2,2289.3,2289.3,2288.2,1714523220000,4,,0,,0,0,0,0,0,false
,2,2289.48,0,2289.44,2289.52,2289.52,2289.44,1714523280000,2,,0,,0,0,0,0,0,false
,3,2289.6667,0,2289.64,2289.92,2289.92,2289.44,1714523340000,3,,0,,0,0,0,0,0,false
,3,2289.8333,0,2289.7,2289.92,2289.92,2289.7,1714523400000,3,,0,,0,0,0,0,0,false
,2,2289.94,0,2289.99,2289.89,2289.99,2289.89,1714523460000,2,,0,,0,0,0,0,0,false
,3,2289.8667,0,2289.82,2289.79,2289.99,2289.79,1714523520000,3,,0,,0,0,0,0,0,false
,2,2289.445,0,2289.52,2289.37,2289.52,2289.37,1714523580000,2,,0,,0,0,0,0,0,false
,3,2289.9833,0,2290.36,2290.07,2290.36,2289.52,1714523640000,3,,0,,0,0,0,0,0,false
,3,2289.9633,0,2289.97,2290,2290,2289.92,1714523700000,3,,0,,0,0,0,0,0,false
,2,2289.665,0,2289.63,2289.7,2289.7,2289.63,1714523760000,2,,0,,0,0,0,0,0,false
,3,2289.6533,0,2289.71,2289.62,2289.71,2289.62,1714523820000,3,,0,,0,0,0,0,0,false
,2,2289.255,0,2289.26,2289.25,2289.26,2289.25,1714523880000,2,,0,,0,0,0,0,0,false
,3,2288.7,0,2288.42,2288.38,2289.3,2288.38,1714523940000,3,,0,,0,0,0,0,0,false
,3,2288.5,0,2288.5,2288.6,2288.6,2288.4,1714524000000,3,,0,,0,0,0,0,0,false
,2,2288.805,0,2288.81,2288.8,2288.81,2288.8,1714524060000,2,,0,,0,0,0,0,0,false
,3,2288.5767,0,2288.97,2288.04,2288.97,2288.04,1714524120000,3,,0,,0,0,0,0,0,false
,2,2288.225,0,2288.32,2288.13,2288.32,2288.13,1714524180000,2,,0,,0,0,0,0,0,false
,3,2288.2067,0,2288.15,2288.15,2288.32,2288.15,1714524240000,3,,0,,0,0,0,0,0,false
,3,2288.0267,0,2287.88,2288.15,2288.15,2287.88,1714524300000,3,,0,,0,0,0,0,0,false
,2,2288.155,0,2288.18,2288.13,2288.18,2288.13,1714524360000,2,,0,,0,0,0,0,0,false
,3,2287.7367,0,2287.4,2287.63,2288.18,2287.4,1714524420000,3,,0,,0,0,0,0,0,false
,2,2287.62,0,2287.61,2287.63,2287.63,2287.61,1714524480000,2,,0,,0,0,0,0,0,false
,3,2287.2433,0,2287.39,2286.73,2287.61,2286.73,1714524540000,3,,0,,0,0,0,0,0,false
,4,2286.715,0,2286.8,2287.38,2287.38,2285.8,1714524600000,4,,0,,0,0,0,0,0,false
,2,2286.995,0,2286.84,2287.15,2287.15,2286.84,1714524660000,2,,0,,0,0,0,0,0,false
,3,2287.5533,0,2287.88,2287.94,2287.94,2286.84,1714524720000,3,,0,,0,0,0,0,0,false
,2,2288.16,0,2288.12,2288.2,2288.2,2288.12,1714524780000,2,,0,,0,0,0,0,0,false
,3,2287.8767,0,2288.46,2287.77,2288.46,2287.4,1714524840000,3,,0,,0,0,0,0,0,false
,3,2287.8733,0,2287.86,2287.77,2287.99,2287.77,1714524900000,3,,0,,0,0,0,0,0,false
,2,2287.48,0,2287.48,2287.48,2287.48,2287.48,1714524960000,2,,0,,0,0,0,0,0,false
,3,2287.33,0,2287.47,2287.15,2287.47,2287.15,1714525020000,3,,0,,0,0,0,0,0,false
,2,2286.875,0,2286.79,2286.96,2286.96,2286.79,1714525080000,2,,0,,0,0,0,0,0,false
,3,2287.06,0,2287.21,2287.2,2287.21,2286.77,1714525140000,3,,0,,0,0,0,0,0,false
,3,2286.7367,0,2286.63,2287.2,2287.2,2286.38,1714525200000,3,,0,,0,0,0,0,0,false
,2,2287.5,0,2287.25,2287.75,2287.75,2287.25,1714525260000,2,,0,,0,0,0,0,0,false
,3,2287.3833,0,2287.63,2287.89,2287.89,2286.63,1714525320000,3,,0,,0,0,0,0,0,false
,2,2287.855,0,2287.88,2287.83,2287.88,2287.83,1714525380000,2,,0,,0,0,0,0,0,false
,3,2288.2767,0,2288.44,2288.51,2288.51,2287.88,1714525440000,3,,0,,0,0,0,0,0,false
,2,2288.18,0,2288.09,2288.27,2288.27,2288.09,1714525500000,2,,0,,0,0,0,0,0,false
,3,2288.28,0,2288.51,2287.91,2288.51,2287.91,1714525560000,3,,0,,0,0,0,0,0,false
,3,2288.18,0,2287.77,2288.35,2288.42,2287.77,1714525620000,3,,0,,0,0,0,0,0,false
,2,2288.065,0,2288.05,2288.08,2288.08,2288.05,1714525680000,2,,0,,0,0,0,0,0,false
,3,2288.0433,0,2288.03,2288.05,2288.05,2288.03,1714525740000,3,,0,,0,0,0,0,0,false
,2,2287.725,0,2287.87,2287.58,2287.87,2287.58,1714525800000,2,,0,,0,0,0,0,0,false
,3,2287.92,0,2288.05,2287.81,2288.05,2287.81,1714525860000,3,,0,,0,0,0,0,0,false
,3,2287.5467,0,2287.49,2287.27,2287.88,2287.27,1714525920000,3,,0,,0,0,0,0,0,false
,3,2287.0067,0,2286.3,2287.39,2287.39,2286.3,1714525980000,3,,0,,0,0,0,0,0,false
,3,2287.33,0,2287.38,2287.28,2287.38,2287.28,1714526040000,3,,0,,0,0,0,0,0,false
,2,2287.235,0,2287.3,2287.17,2287.3,2287.17,1714526100000,2,,0,,0,0,0,0,0,false
,3,2287.1367,0,2287.28,2287.14,2287.28,2286.99,1714526160000,3,,0,,0,0,0,0,0,false
,3,2287.2733,0,2287.22,2287.46,2287.46,2287.14,1714526220000,3,,0,,0,0,0,0,0,false
,2,2287.655,0,2287.75,2287.56,2287.75,2287.56,1714526280000,2,,0,,0,0,0,0,0,false
,3,2287.6967,0,2287.6,2287.74,2287.75,2287.6,1714526340000,3,,0,,0,0,0,0,0,false
,2,2287.625,0,2287.83,2287.42,2287.83,2287.42,1714526400000,2,,0,,0,0,0,0,0,false
,3,2287.6667,0,2287.74,2287.77,2287.77,2287.49,1714526460000,3,,0,,0,0,0,0,0,false
,3,2287.8033,0,2287.85,2287.77,2287.85,2287.77,1714526520000,3,,0,,0,0,0,0,0,false
,2,2287.805,0,2287.68,2287.93,2287.93,2287.68,1714526580000,2,,0,,0,0,0,0,0,false
,3,2287.6767,0,2287.66,2287.69,2287.69,2287.66,1714526640000,3,,0,,0,0,0,0,0,false
,2,2287.48,0,2287.51,2287.45,2287.51,2287.45,1714526700000,2,,0,,0,0,0,0,0,false
,3,2287.8433,0,2287.69,2287.87,2287.97,2287.69,1714526760000,3,,0,,0,0,0,0,0,false
,3,2288.1033,0,2288.29,2287.87,2288.29,2287.87,1714526820000,3,,0,,0,0,0,0,0,false
,2,2288.265,0,2288.48,2288.05,2288.48,2288.05,1714526880000,2,,0,,0,0,0,0,0,false
,3,2287.94,0,2287.69,2287.68,2288.45,2287.68,1714526940000,3,,0,,0,0,0,0,0,false
,2,2287.71,0,2287.68,2287.74,2287.74,2287.68,1714527000000,2,,0,,0,0,0,0,0,false
,3,2287.6267,0,2287.68,2287.53,2287.68,2287.53,1714527060000,3,,0,,0,0,0,0,0,false
,3,2287.2233,0,2287.32,2287.53,2287.53,2286.82,1714527120000,3,,0,,0,0,0,0,0,false
,2,2286.93,0,2286.92,2286.94,2286.94,2286.92,1714527180000,2,,0,,0,0,0,0,0,false
,3,2286.82,0,2286.78,2286.76,2286.92,2286.76,1714527240000,3,,0,,0,0,0,0,0,false
,2,2286.705,0,2286.63,2286.78,2286.78,2286.63,1714527300000,2,,0,,0,0,0,0,0,false
,3,2286.5767,0,2286.76,2286.29,2286.76,2286.29,1714527360000,3,,0,,0,0,0,0,0,false
,3,2286.3467,0,2286.23,2286.67,2286.67,2286.14,1714527420000,3,,0,,0,0,0,0,0,false
,2,2286.11,0,2286.16,2286.06,2286.16,2286.06,1714527480000,2,,0,,0,0,0,0,0,false
,3,2286.2767,0,2286.35,2286.32,2286.35,2286.16,1714527540000,3,,0,,0,0,0,0,0,false
,2,2286.55,0,2286.47,2286.63,2286.63,2286.47,1714527600000,2,,0,,0,0,0,0,0,false
,3,2286.9167,0,2286.32,2287.22,2287.22,2286.32,1714527660000,3,,0,,0,0,0,0,0,false
,3,2287.0533,0,2287.29,2286.66,2287.29,2286.66,1714527720000,3,,0,,0,0,0,0,0,false
,2,2287.06,0,2287.1,2287.02,2287.1,2287.02,1714527780000,2,,0,,0,0,0,0,0,false
,3,2287.5233,0,2287.49,2287.98,2287.98,2287.1,1714527840000,3,,0,,0,0,0,0,0,false
,2,2288.225,0,2288.3,2288.15,2288.3,2288.15,1714527900000,2,,0,,0,0,0,0,0,false
,3,2287.9233,0,2287.98,2287.53,2288.26,2287.53,1714527960000,3,,0,,0,0,0,0,0,false
,3,2287.9733,0,2287.66,2288.25,2288.25,2287.66,1714528020000,3,,0,,0,0,0,0,0,false
,2,2288.74,0,2288.69,2288.79,2288.79,2288.69,1714528080000,2,,0,,0,0,0,0,0,false
,3,2288.61,0,2289.26,2288.86,2289.26,2287.71,1714528140000,3,,0,,0,0,0,0,0,false
,2,2288.66,0,2288.88,2288.44,2288.88,2288.44,1714528200000,2,,0,,0,0,0,0,0,false
,3,2288.5133,0,2288.26,2288.67,2288.67,2288.26,1714528260000,3,,0,,0,0,0,0,0,false
,3,2288.65,0,2288.93,2288.67,2288.93,2288.35,1714528320000,3,,0,,0,0,0,0,0,false
,3,2288.6833,0,2288.72,2288.61,2288.72,2288.61,1714528380000,3,,0,,0,0,0,0,0,false
,3,2288.65,0,2288.77,2288.46,2288.77,2288.46,1714528440000,3,,0,,0,0,0,0,0,false
,2,2288.545,0,2288.54,2288.55,2288.55,2288.54,1714528500000,2,,0,,0,0,0,0,0,false
,3,2288.68,0,2288.76,2288.06,2289.22,2288.06,1714528560000,3,,0,,0,0,0,0,0,false
,3,2288.15,0,2287.96,2288.52,2288.52,2287.96,1714528620000,3,,0,,0,0,0,0,0,false
,2,2288.325,0,2288.51,2288.14,2288.51,2288.14,1714528680000,2,,0,,0,0,0,0,0,false
,3,2287.97,0,2288.07,2287.8,2288.07,2287.8,1714528740000,3,,0,,0,0,0,0,0,false
,3,2287.6367,0,2287.78,2288.13,2288.13,2287,1714528800000,3,,0,,0,0,0,0,0,false
,3,2288.1067,0,2287.8,2288.23,2288.29,2287.8,1714528860000,3,,0,,0,0,0,0,0,false
,3,2288.14,0,2288.06,2288.18,2288.18,2288.06,1714528920000,3,,0,,0,0,0,0,0,false
,2,2288.085,0,2288.18,2287.99,2288.18,2287.99,1714528980000,2,,0,,0,0,0,0,0,false
,3,2287.7567,0,2287.87,2287.22,2288.18,2287.22,1714529040000,3,,0,,0,0,0,0,0,false
,2,2287.28,0,2287.32,2287.24,2287.32,2287.24,1714529100000,2,,0,,0,0,0,0,0,false
,3,2287.3433,0,2287.86,2287.18,2287.86,2286.99,1714529160000,3,,0,,0,0,0,0,0,false
,3,2287.3533,0,2287.52,2287.18,2287.52,2287.18,1714529220000,3,,0,,0,0,0,0,0,false
,2,2287.35,0,2287.21,2287.49,2287.49,2287.21,1714529280000,2,,0,,0,0,0,0,0,false
,3,2287.2333,0,2287.41,2287.08,2287.41,2287.08,1714529340000,3,,0,,0,0,0,0,0,false
,2,2286.835,0,2286.82,2286.85,2286.85,2286.82,1714529400000,2,,0,,0,0,0,0,0,false
,3,2287.1267,0,2287.4,2287.05,2287.4,2286.93,1714529460000,3,,0,,0,0,0,0,0,false
,3,2286.8933,0,2286.76,2287.05,2287.05,2286.76,1714529520000,3,,0,,0,0,0,0,0,false
,3,2286.5867,0,2286.83,2287.13,2287.13,2285.8,1714529580000,3,,0,,0,0,0,0,0,false
,3,2287.13,0,2287.17,2287.39,2287.39,2286.83,1714529640000,3,,0,,0,0,0,0,0,false
,2,2287.44,0,2287.2,2287.68,2287.68,2287.2,1714529700000,2,,0,,0,0,0,0,0,false
,3,2287.5467,0,2287.39,2287.56,2287.69,2287.39,1714529760000,3,,0,,0,0,0,0,0,false
,3,2287.6233,0,2287.62,2287.56,2287.69,2287.56,1714529820000,3,,0,,0,0,0,0,0,false
,3,2287.3467,0,2287.68,2287.66,2287.68,2286.7,1714529880000,3,,0,,0,0,0,0,0,false
,3,2287.4933,0,2287.39,2287.41,2287.68,2287.39,1714529940000,3,,0,,0,0,0,0,0,false
,2,2287.41,0,2287.39,2287.43,2287.43,2287.39,1714530000000,2,,0,,0,0,0,0,0,false
,3,2287.48,0,2287.47,2287.58,2287.58,2287.39,1714530060000,3,,0,,0,0,0,0,0,false
,4,2287.375,0,2287.54,2287.58,2287.68,2286.7,1714530120000,4,,0,,0,0,0,0,0,false
,2,2287.95,0,2287.89,2288.01,2288.01,2287.89,1714530180000,2,,0,,0,0,0,0,0,false
,3,2287.8567,0,2287.9,2287.78,2287.9,2287.78,1714530240000,3,,0,,0,0,0,0,0,false
,2,2287.8,0,2287.79,2287.81,2287.81,2287.79,1714530300000,2,,0,,0,0,0,0,0,false
,3,2287.84,0,2287.84,2287.89,2287.89,2287.79,1714530360000,3,,0,,0,0,0,0,0,false
,3,2287.8967,0,2287.92,2287.89,2287.92,2287.88,1714530420000,3,,0,,0,0,0,0,0,false
,2,2287.64,0,2287.72,2287.56,2287.72,2287.56,1714530480000,2,,0,,0,0,0,0,0,false
,3,2287.7633,0,2287.83,2287.74,2287.83,2287.72,1714530540000,3,,0,,0,0,0,0,0,false
,2,2287.485,0,2287.63,2287.34,2287.63,2287.34,1714530600000,2,,0,,0,0,0,0,0,false
,3,2287.3367,0,2287.23,2287.15,2287.63,2287.15,1714530660000,3,,0,,0,0,0,0,0,false
,3,2286.9633,0,2286.75,2287.15,2287.15,2286.75,1714530720000,3,,0,,0,0,0,0,0,false
,2,2287.04,0,2286.97,2287.11,2287.11,2286.97,1714530780000,2,,0,,0,0,0,0,0,false
,3,2287.1733,0,2287.3,2287.25,2287.3,2286.97,1714530840000,3,,0,,0,0,0,0,0,false
,2,2287.44,0,2287.49,2287.39,2287.49,2287.39,1714530900000,2,,0,,0,0,0,0,0,false
,3,2287.3267,0,2287.3,2287.19,2287.49,2287.19,1714530960000,3,,0,,0,0,0,0,0,false
,3,2287.2933,0,2287.2,2287.19,2287.49,2287.19,1714531020000,3,,0,,0,0,0,0,0,false
,2,2287.665,0,2287.77,2287.56,2287.77,2287.56,1714531080000,2,,0,,0,0,0,0,0,false
,3,2287.6567,0,2287.7,2287.5,2287.77,2287.5,1714531140000,3,,0,,0,0,0,0,0,false
,2,2287.625,0,2287.58,2287.67,2287.67,2287.58,1714531200000,2,,0,,0,0,0,0,0,false
,3,2287.7433,0,2287.69,2287.96,2287.96,2287.58,1714531260000,3,,0,,0,0,0,0,0,false
,3,2288.0333,0,2288,2287.96,2288.14,2287.96,1714531320000,3,,0,,0,0,0,0,0,false
,2,2288.115,0,2288.13,2288.1,2288.13,2288.1,1714531380000,2,,0,,0,0,0,0,0,false
,3,2288.0133,0,2287.92,2287.99,2288.13,2287.92,1714531440000,3,,0,,0,0,0,0,0,false
,3,2287.5667,0,2288.01,2287.69,2288.01,2287,1714531500000,3,,0,,0,0,0,0,0,false
,3,2287.7933,0,2287.7,2287.67,2288.01,2287.67,1714531560000,3,,0,,0,0,0,0,0,false
,3,2287.48,0,2287.47,2287.67,2287.67,2287.3,1714531620000,3,,0,,0,0,0,0,0,false
,2,2287.345,0,2287.3,2287.39,2287.39,2287.3,1714531680000,2,,0,,0,0,0,0,0,false
,3,2287.1967,0,2287.14,2287.15,2287.3,2287.14,1714531740000,3,,0,,0,0,0,0,0,false
,2,2287.335,0,2287.21,2287.46,2287.46,2287.21,1714531800000,2,,0,,0,0,0,0,0,false
,3,2287.62,0,2287.94,2287.71,2287.94,2287.21,1714531860000,3,,0,,0,0,0,0,0,false
,2,2287.835,0,2287.95,2287.72,2287.95,2287.72,1714531920000,2,,0,,0,0,0,0,0,false
,3,2287.8567,0,2287.71,2287.95,2287.95,2287.71,1714531980000,3,,0,,0,0,0,0,0,false
,3,2287.9667,0,2288,2287.99,2288,2287.91,1714532040000,3,,0,,0,0,0,0,0,false
,1,2287.82,0,2287.82,2287.82,2287.82,2287.82,1714532100000,1,,0,,0,0,0,0,0,false
,4,2287.805,0,2288.06,2288.24,2288.24,2287.1,1714532160000,4,,0,,0,0,0,0,0,false
,2,2288.245,0,2288.09,2288.4,2288.4,2288.09,1714532220000,2,,0,,0,0,0,0,0,false
,3,2288.2133,0,2288.24,2288.1,2288.3,2288.1,1714532280000,3,,0,,0,0,0,0,0,false
,3,2288.0633,0,2287.98,2288.09,2288.12,2287.98,1714532340000,3,,0,,0,0,0,0,0,false
,2,2287.915,0,2287.91,2287.92,2287.92,2287.91,1714532400000,2,,0,,0,0,0,0,0,false
,3,2288.0267,0,2288.19,2287.98,2288.19,2287.91,1714532460000,3,,0,,0,0,0,0,0,false
,3,2287.9533,0,2288.26,2288.2,2288.26,2287.4,1714532520000,3,,0,,0,0,0,0,0,false
,4,2287.815,0,2287.98,2288.1,2288.1,2287.1,1714532580000,4,,0,,0,0,0,0,0,false
,3,2287.9467,0,2287.94,2287.82,2288.08,2287.82,1714532640000,3,,0,,0,0,0,0,0,false
,2,2287.8,0,2287.92,2287.68,2287.92,2287.68,1714532700000,2,,0,,0,0,0,0,0,false
,3,2287.7,0,2287.59,2287.59,2287.92,2287.59,1714532760000,3,,0,,0,0,0,0,0,false
,3,2287.3633,0,2287,2287.49,2287.6,2287,1714532820000,3,,0,,0,0,0,0,0,false
,3,2287.3633,0,2287.59,2287.09,2287.59,2287.09,1714532880000,3,,0,,0,0,0,0,0,false
,3,2287.22,0,2287.06,2287.19,2287.41,2287.06,1714532940000,3,,0,,0,0,0,0,0,false
,2,2287.385,0,2287.43,2287.34,2287.43,2287.34,1714533000000,2,,0,,0,0,0,0,0,false
,4,2286.98,0,2287.23,2287.06,2287.43,2286.2,1714533060000,4,,0,,0,0,0,0,0,false
,3,2286.6733,0,2287,2287.02,2287.02,2286,1714533120000,3,,0,,0,0,0,0,0,false
,4,2286.7275,0,2287.06,2286.92,2287.06,2286,1714533180000,4,,0,,0,0,0,0,0,false
,3,2287.1633,0,2287.28,2287.28,2287.28,2286.93,1714533240000,3,,0,,0,0,0,0,0,false
,2,2287.105,0,2287.28,2286.93,2287.28,2286.93,1714533300000,2,,0,,0,0,0,0,0,false
,3,2287.1867,0,2287.12,2287.18,2287.26,2287.12,1714533360000,3,,0,,0,0,0,0,0,false
,2,2287.115,0,2287.11,2287.12,2287.12,2287.11,1714533420000,2,,0,,0,0,0,0,0,false
,4,2286.69,0,2287.18,2286.54,2287.18,2286,1714533480000,4,,0,,0,0,0,0,0,false
,3,2286.58,0,2286.25,2287.03,2287.03,2286.25,1714533540000,3,,0,,0,0,0,0,0,false
,2,2286.49,0,2286.48,2286.5,2286.5,2286.48,1714533600000,2,,0,,0,0,0,0,0,false
,4,2286.3225,0,2286.67,2286.44,2286.67,2285.7,1714533660000,4,,0,,0,0,0,0,0,false
,2,2285.84,0,2285.82,2285.86,2285.86,2285.82,1714533720000,2,,0,,0,0,0,0,0,false
,3,2285.96,0,2286.44,2285.55,2286.44,2285.55,1714533780000,3,,0,,0,0,0,0,0,false
,3,2285.86,0,2285.85,2285.88,2285.88,2285.85,1714533840000,3,,0,,0,0,0,0,0,false
,2,2285.995,0,2285.85,2286.14,2286.14,2285.85,1714533900000,2,,0,,0,0,0,0,0,false
,3,2286.2,0,2286.22,2286.53,2286.53,2285.85,1714533960000,3,,0,,0,0,0,0,0,false
,2,2286.635,0,2286.56,2286.71,2286.71,2286.56,1714534020000,2,,0,,0,0,0,0,0,false
,3,2286.7333,0,2286.23,2287.03,2287.03,2286.23,1714534080000,3,,0,,0,0,0,0,0,false
,3,2287.2,0,2287.21,2287.03,2287.36,2287.03,1714534140000,3,,0,,0,0,0,0,0,false
,2,2287.42,0,2287.43,2287.41,2287.43,2287.41,1714534200000,2,,0,,0,0,0,0,0,false
,3,2286.87,0,2286.63,2286.55,2287.43,2286.55,1714534260000,3,,0,,0,0,0,0,0,false
,2,2286.39,0,2286.52,2286.26,2286.52,2286.26,1714534320000,2,,0,,0,0,0,0,0,false
,3,2286.45,0,2286.76,2286.31,2286.76,2286.28,1714534380000,3,,0,,0,0,0,0,0,false
,3,2286.3,0,2286.3,2286.31,2286.31,2286.29,1714534440000,3,,0,,0,0,0,0,0,false
,3,2285.8133,0,2286.17,2286.07,2286.17,2285.2,1714534500000,3,,0,,0,0,0,0,0,false
,3,2286.3,0,2286.45,2286.28,2286.45,2286.17,1714534560000,3,,0,,0,0,0,0,0,false
,2,2285.6,0,2285.69,2285.51,2285.69,2285.51,1714534620000,2,,0,,0,0,0,0,0,false
,3,2285.6867,0,2286.28,2285.33,2286.28,2285.33,1714534680000,3,,0,,0,0,0,0,0,false
,3,2285.6,0,2285.75,2285.33,2285.75,2285.33,1714534740000,3,,0,,0,0,0,0,0,false
,3,2285.41,0,2285.65,2285.98,2285.98,2284.6,1714534800000,3,,0,,0,0,0,0,0,false
,3,2285.73,0,2285.86,2285.68,2285.86,2285.65,1714534860000,3,,0,,0,0,0,0,0,false
,2,2285.57,0,2285.58,2285.56,2285.58,2285.56,1714534920000,2,,0,,0,0,0,0,0,false
,3,2285.6967,0,2285.68,2285.64,2285.77,2285.64,1714534980000,3,,0,,0,0,0,0,0,false
,3,2285.6033,0,2285.67,2285.64,2285.67,2285.5,1714535040000,3,,0,,0,0,0,0,0,false
,2,2285.42,0,2285.62,2285.22,2285.62,2285.22,1714535100000,2,,0,,0,0,0,0,0,false
,3,2285.41,0,2285.29,2285.32,2285.62,2285.29,1714535160000,3,,0,,0,0,0,0,0,false
,2,2285.27,0,2285.35,2285.19,2285.35,2285.19,1714535220000,2,,0,,0,0,0,0,0,false
,3,2285.1867,0,2285.32,2285.07,2285.32,2285.07,1714535280000,3,,0,,0,0,0,0,0,false
,3,2285.0467,0,2285.03,2285.07,2285.07,2285.03,1714535340000,3,,0,,0,0,0,0,0,false
,2,2284.985,0,2285.03,2284.94,2285.03,2284.94,1714535400000,2,,0,,0,0,0,0,0,false
,3,2284.97,0,2284.9,2284.98,2285.03,2284.9,1714535460000,3,,0,,0,0,0,0,0,false
,2,2284.965,0,2284.99,2284.94,2284.99,2284.94,1714535520000,2,,0,,0,0,0,0,0,false
,3,2284.86,0,2284.98,2284.67,2284.98,2284.67,1714535580000,3,,0,,0,0,0,0,0,false
,3,2284.4567,0,2284.55,2284.67,2284.67,2284.15,1714535640000,3,,0,,0,0,0,0,0,false
,2,2284.205,0,2284.34,2284.07,2284.34,2284.07,1714535700000,2,,0,,0,0,0,0,0,false
,3,2284.15,0,2284.04,2284.07,2284.34,2284.04,1714535760000,3,,0,,0,0,0,0,0,false
,2,2283.985,0,2283.84,2284.13,2284.13,2283.84,1714535820000,2,,0,,0,0,0,0,0,false
,3,2284.15,0,2284.07,2284.15,2284.23,2284.07,1714535880000,3,,0,,0,0,0,0,0,false
,5,2284.238,0,2284.38,2284.15,2284.38,2284.15,1714535940000,5,,0,,0,0,0,0,0,false
,3,2287.1133,0,2287.21,2287.01,2287.21,2287.01,1714542000000,3,,0,,0,0,0,0,0,false
,3,2287.1567,0,2287.04,2287.01,2287.42,2287.01,1714542060000,3,,0,,0,0,0,0,0,false
,2,2287.21,0,2287.23,2287.19,2287.23,2287.19,1714542120000,2,,0,,0,0,0,0,0,false
,4,2286.9125,0,2287.27,2287.01,2287.27,2286.3,1714542180000,4,,0,,0,0,0,0,0,false
,2,2287.365,0,2287.41,2287.32,2287.41,2287.32,1714542240000,2,,0,,0,0,0,0,0,false
,3,2287.1167,0,2287.01,2287.01,2287.33,2287.01,1714542300000,3,,0,,0,0,0,0,0,false
,4,2286.97,0,2286.1,2287.32,2287.33,2286.1,1714542360000,4,,0,,0,0,0,0,0,false
,2,2287.1,0,2287.19,2287.01,2287.19,2287.01,1714542420000,2,,0,,0,0,0,0,0,false
,4,2287.015,0,2286.4,2287.14,2287.33,2286.4,1714542480000,4,,0,,0,0,0,0,0,false
,2,2287.255,0,2287.2,2287.31,2287.31,2287.2,1714542540000,2,,0,,0,0,0,0,0,false
,3,2287.2367,0,2287.14,2287.31,2287.31,2287.14,1714542600000,3,,0,,0,0,0,0,0,false
,3,2287.66,0,2288.16,2287.31,2288.16,2287.31,1714542660000,3,,0,,0,0,0,0,0,false
,2,2287.485,0,2287.68,2287.29,2287.68,2287.29,1714542720000,2,,0,,0,0,0,0,0,false
,3,2287.52,0,2287.45,2287.8,2287.8,2287.31,1714542780000,3,,0,,0,0,0,0,0,false
,2,2287.93,0,2287.95,2287.91,2287.95,2287.91,1714542840000,2,,0,,0,0,0,0,0,false
,3,2287.93,0,2287.42,2288.18,2288.19,2287.42,1714542900000,3,,0,,0,0,0,0,0,false
,3,2288.1667,0,2288.02,2288.18,2288.3,2288.02,1714542960000,3,,0,,0,0,0,0,0,false
,2,2288.24,0,2288.31,2288.17,2288.31,2288.17,1714543020000,2,,0,,0,0,0,0,0,false
,3,2288.0767,0,2287.94,2287.98,2288.31,2287.94,1714543080000,3,,0,,0,0,0,0,0,false
,2,2287.625,0,2287.71,2287.54,2287.71,2287.54,1714543140000,2,,0,,0,0,0,0,0,false
,3,2287.2733,0,2287.98,2286.96,2287.98,2286.88,1714543200000,3,,0,,0,0,0,0,0,false
,3,2286.8667,0,2286.86,2286.96,2286.96,2286.78,1714543260000,3,,0,,0,0,0,0,0,false
,2,2286.825,0,2286.43,2287.22,2287.22,2286.43,1714543320000,2,,0,,0,0,0,0,0,false
,3,2287.1667,0,2287.52,2287.52,2287.52,2286.46,1714543380000,3,,0,,0,0,0,0,0,false
,2,2287,0,2287.05,2286.95,2287.05,2286.95,1714543440000,2,,0,,0,0,0,0,0,false
,3,2286.9,0,2287.48,2286.62,2287.48,2286.6,1714543500000,3,,0,,0,0,0,0,0,false
,3,2286.8,0,2286.74,2286.62,2287.04,2286.62,1714543560000,3,,0,,0,0,0,0,0,false
,2,2287.395,0,2287.37,2287.42,2287.42,2287.37,1714543620000,2,,0,,0,0,0,0,0,false
,3,2287.5133,0,2287.6,2287.6,2287.6,2287.34,1714543680000,3,,0,,0,0,0,0,0,false
,2,2287.275,0,2287.4,2287.15,2287.4,2287.15,1714543740000,2,,0,,0,0,0,0,0,false
,3,2287.4633,0,2287.6,2287.61,2287.61,2287.18,1714543800000,3,,0,,0,0,0,0,0,false
,3,2287.3133,0,2287.43,2287.19,2287.43,2287.19,1714543860000,3,,0,,0,0,0,0,0,false
,2,2287.59,0,2287.43,2287.75,2287.75,2287.43,1714543920000,2,,0,,0,0,0,0,0,false
,3,2287.7167,0,2287.86,2287.86,2287.86,2287.43,1714543980000,3,,0,,0,0,0,0,0,false
,2,2287.68,0,2287.88,2287.48,2287.88,2287.48,1714544040000,2,,0,,0,0,0,0,0,false
,3,2287.7433,0,2287.79,2287.68,2287.79,2287.68,1714544100000,3,,0,,0,0,0,0,0,false
,2,2287.57,0,2287.46,2287.68,2287.68,2287.46,1714544160000,2,,0,,0,0,0,0,0,false
,2,2287.805,0,2287.62,2287.99,2287.99,2287.62,1714544220000,2,,0,,0,0,0,0,0,false
,3,2288.0833,0,2288.28,2288.35,2288.35,2287.62,1714544280000,3,,0,,0,0,0,0,0,false
,2,2288.32,0,2288.2,2288.44,2288.44,2288.2,1714544340000,2,,0,,0,0,0,0,0,false
,3,2288.2633,0,2288.02,2288.33,2288.44,2288.02,1714544400000,3,,0,,0,0,0,0,0,false
,3,2288.5733,0,2288.67,2288.33,2288.72,2288.33,1714544460000,3,,0,,0,0,0,0,0,false
,2,2288.815,0,2289.08,2288.55,2289.08,2288.55,1714544520000,2,,0,,0,0,0,0,0,false
,3,2288.63,0,2288.39,2288.42,2289.08,2288.39,1714544580000,3,,0,,0,0,0,0,0,false
,3,2288.3733,0,2288.6,2288.72,2288.72,2287.8,1714544640000,3,,0,,0,0,0,0,0,false
,3,2288.6367,0,2288.67,2288.64,2288.67,2288.6,1714544700000,3,,0,,0,0,0,0,0,false
,2,2288.645,0,2288.51,2288.78,2288.78,2288.51,1714544760000,2,,0,,0,0,0,0,0,false
,3,2288.7367,0,2288.64,2288.83,2288.83,2288.64,1714544820000,3,,0,,0,0,0,0,0,false
,3,2288.87,0,2289.02,2288.85,2289.02,2288.74,1714544880000,3,,0,,0,0,0,0,0,false
,2,2288.56,0,2288.54,2288.58,2288.58,2288.54,1714544940000,2,,0,,0,0,0,0,0,false
,3,2288.4267,0,2288.29,2288.45,2288.54,2288.29,1714545000000,3,,0,,0,0,0,0,0,false
,2,2288.82,0,2288.6,2289.04,2289.04,2288.6,1714545060000,2,,0,,0,0,0,0,0,false
,3,2289.0867,0,2288.45,2289.43,2289.43,2288.45,1714545120000,3,,0,,0,0,0,0,0,false
,3,2289.0633,0,2289.19,2289.37,2289.37,2288.63,1714545180000,3,,0,,0,0,0,0,0,false
,2,2289.32,0,2289.37,2289.27,2289.37,2289.27,1714545240000,2,,0,,0,0,0,0,0,false
,3,2289.1167,0,2289.14,2288.84,2289.37,2288.84,1714545300000,3,,0,,0,0,0,0,0,false
,2,2288.39,0,2288.43,2288.35,2288.43,2288.35,1714545360000,2,,0,,0,0,0,0,0,false
,4,2288.0575,0,2288.84,2288.18,2288.84,2287.1,1714545420000,4,,0,,0,0,0,0,0,false
,4,2287.835,0,2288.09,2288.04,2288.11,2287.1,1714545480000,4,,0,,0,0,0,0,0,false
,2,2287.745,0,2287.74,2287.75,2287.75,2287.74,1714545540000,2,,0,,0,0,0,0,0,false
,3,2287.8767,0,2287.82,2288.07,2288.07,2287.74,1714545600000,3,,0,,0,0,0,0,0,false
,2,2288.135,0,2287.98,2288.29,2288.29,2287.98,1714545660000,2,,0,,0,0,0,0,0,false
,3,2288.2667,0,2288.07,2288.46,2288.46,2288.07,1714545720000,3,,0,,0,0,0,0,0,false
,3,2288.0867,0,2288.27,2287.98,2288.27,2287.98,1714545780000,3,,0,,0,0,0,0,0,false
,2,2288.535,0,2288.31,2288.76,2288.76,2288.31,1714545840000,2,,0,,0,0,0,0,0,false
,3,2288.6833,0,2288.96,2288.75,2288.96,2288.34,1714545900000,3,,0,,0,0,0,0,0,false
,2,2288.82,0,2288.88,2288.76,2288.88,2288.76,1714545960000,2,,0,,0,0,0,0,0,false
,3,2288.7433,0,2288.75,2288.66,2288.82,2288.66,1714546020000,3,,0,,0,0,0,0,0,false
,3,2288.3,0,2288.13,2287.95,2288.82,2287.95,1714546080000,3,,0,,0,0,0,0,0,false
,2,2288.075,0,2288.02,2288.13,2288.13,2288.02,1714546140000,2,,0,,0,0,0,0,0,false
,3,2287.5367,0,2287.47,2287.03,2288.11,2287.03,1714546200000,3,,0,,0,0,0,0,0,false
,2,2287.175,0,2287.19,2287.16,2287.19,2287.16,1714546260000,2,,0,,0,0,0,0,0,false
,3,2287.2933,0,2287.03,2287.37,2287.48,2287.03,1714546320000,3,,0,,0,0,0,0,0,false
,3,2287.1233,0,2286.85,2287,2287.52,2286.85,1714546380000,3,,0,,0,0,0,0,0,false
,2,2287.425,0,2287.04,2287.81,2287.81,2287.04,1714546440000,2,,0,,0,0,0,0,0,false
,4,2287.335,0,2287.77,2287.83,2287.83,2286.7,1714546500000,4,,0,,0,0,0,0,0,false
,2,2287.8,0,2287.86,2287.74,2287.86,2287.74,1714546560000,2,,0,,0,0,0,0,0,false
,3,2287.76,0,2287.46,2287.89,2287.93,2287.46,1714546620000,3,,0,,0,0,0,0,0,false
,3,2287.52,0,2287.65,2286.98,2287.93,2286.98,1714546680000,3,,0,,0,0,0,0,0,false
,2,2286.67,0,2286.69,2286.65,2286.69,2286.65,1714546740000,2,,0,,0,0,0,0,0,false
,3,2287.1667,0,2286.99,2287.24,2287.27,2286.99,1714546800000,3,,0,,0,0,0,0,0,false
,2,2287.6,0,2287.73,2287.47,2287.73,2287.47,1714546860000,2,,0,,0,0,0,0,0,false
,3,2287.4767,0,2287.24,2287.6,2287.6,2287.24,1714546920000,3,,0,,0,0,0,0,0,false
,3,2287.71,0,2287.91,2287.63,2287.91,2287.59,1714546980000,3,,0,,0,0,0,0,0,false
,3,2287.74,0,2287.71,2287.8,2287.8,2287.71,1714547040000,3,,0,,0,0,0,0,0,false
,3,2287.6167,0,2287.64,2287.5,2287.71,2287.5,1714547100000,3,,0,,0,0,0,0,0,false
,2,2287.185,0,2287.24,2287.13,2287.24,2287.13,1714547160000,2,,0,,0,0,0,0,0,false
,3,2287.4067,0,2287.5,2287.54,2287.54,2287.18,1714547220000,3,,0,,0,0,0,0,0,false
,3,2287.2733,0,2287.56,2287.08,2287.56,2287.08,1714547280000,3,,0,,0,0,0,0,0,false
,2,2287.085,0,2287.13,2287.04,2287.13,2287.04,1714547340000,2,,0,,0,0,0,0,0,false
,3,2287.28,0,2287.41,2287.3,2287.41,2287.13,1714547400000,3,,0,,0,0,0,0,0,false
,2,2287.27,0,2287.35,2287.19,2287.35,2287.19,1714547460000,2,,0,,0,0,0,0,0,false
,3,2287.16,0,2287.3,2286.82,2287.36,2286.82,1714547520000,3,,0,,0,0,0,0,0,false
,3,2286.8267,0,2286.46,2286.66,2287.36,2286.46,1714547580000,3,,0,,0,0,0,0,0,false
,2,2286.385,0,2286.31,2286.46,2286.46,2286.31,1714547640000,2,,0,,0,0,0,0,0,false
,3,2286.32,0,2286.28,2286.36,2286.36,2286.28,1714547700000,3,,0,,0,0,0,0,0,false
,2,2286.47,0,2286.2,2286.74,2286.74,2286.2,1714547760000,2,,0,,0,0,0,0,0,false
,3,2286.7933,0,2286.36,2286.84,2287.18,2286.36,1714547820000,3,,0,,0,0,0,0,0,false
,4,2286.2625,0,2286.5,2286.92,2286.92,2285.4,1714547880000,4,,0,,0,0,0,0,0,false
,2,2286.75,0,2286.68,2286.82,2286.82,2286.68,1714547940000,2,,0,,0,0,0,0,0,false
,3,2286.92,0,2287.1,2286.99,2287.1,2286.67,1714548000000,3,,0,,0,0,0,0,0,false
,2,2286.975,0,2287.18,2286.77,2287.18,2286.77,1714548060000,2,,0,,0,0,0,0,0,false
,3,2286.99,0,2286.99,2287.06,2287.06,2286.92,1714548120000,3,,0,,0,0,0,0,0,false
,3,2286.9533,0,2287.1,2286.92,2287.1,2286.84,1714548180000,3,,0,,0,0,0,0,0,false
,2,2286.49,0,2286.51,2286.47,2286.51,2286.47,1714548240000,2,,0,,0,0,0,0,0,false
,3,2286.44,0,2286.37,2286.45,2286.5,2286.37,1714548300000,3,,0,,0,0,0,0,0,false
,2,2287.055,0,2287.07,2287.04,2287.07,2287.04,1714548360000,2,,0,,0,0,0,0,0,false
,3,2286.6233,0,2286.45,2286.69,2286.73,2286.45,1714548420000,3,,0,,0,0,0,0,0,false
,3,2286.46,0,2286.44,2286.69,2286.69,2286.25,1714548480000,3,,0,,0,0,0,0,0,false
,2,2286.285,0,2286.02,2286.55,2286.55,2286.02,1714548540000,2,,0,,0,0,0,0,0,false
,3,2286.13,0,2286.14,2286.23,2286.23,2286.02,1714548600000,3,,0,,0,0,0,0,0,false
,2,2286.16,0,2286.22,2286.1,2286.22,2286.1,1714548660000,2,,0,,0,0,0,0,0,false
,3,2285.91,0,2286.23,2285.82,2286.23,2285.68,1714548720000,3,,0,,0,0,0,0,0,false
,3,2285.76,0,2285.78,2285.82,2285.82,2285.68,1714548780000,3,,0,,0,0,0,0,0,false
,2,2285.835,0,2285.75,2285.92,2285.92,2285.75,1714548840000,2,,0,,0,0,0,0,0,false
,3,2285.9733,0,2285.91,2286.26,2286.26,2285.75,1714548900000,3,,0,,0,0,0,0,0,false
,2,2286.495,0,2286.56,2286.43,2286.56,2286.43,1714548960000,2,,0,,0,0,0,0,0,false
,3,2285.8967,0,2285.92,2285.74,2286.03,2285.74,1714549020000,3,,0,,0,0,0,0,0,false
,3,2285.58,0,2285.42,2285.74,2285.74,2285.42,1714549080000,3,,0,,0,0,0,0,0,false
,2,2285.545,0,2285.58,2285.51,2285.58,2285.51,1714549140000,2,,0,,0,0,0,0,0,false
,3,2285.4567,0,2285.52,2285.27,2285.58,2285.27,1714549200000,3,,0,,0,0,0,0,0,false
,2,2284.85,0,2285.06,2284.64,2285.06,2284.64,1714549260000,2,,0,,0,0,0,0,0,false
,3,2284.6733,0,2285.27,2284.38,2285.27,2284.37,1714549320000,3,,0,,0,0,0,0,0,false
,3,2284.25,0,2284.64,2284.38,2284.64,2283.73,1714549380000,3,,0,,0,0,0,0,0,false
,2,2283.81,0,2283.75,2283.87,2283.87,2283.75,1714549440000,2,,0,,0,0,0,0,0,false
,3,2284.3,0,2284.5,2284.41,2284.5,2283.99,1714549500000,3,,0,,0,0,0,0,0,false
,2,2283.98,0,2283.95,2284.01,2284.01,2283.95,1714549560000,2,,0,,0,0,0,0,0,false
,3,2284.0333,0,2284.41,2283.94,2284.41,2283.75,1714549620000,3,,0,,0,0,0,0,0,false
,3,2283.9333,0,2284.05,2283.94,2284.05,2283.81,1714549680000,3,,0,,0,0,0,0,0,false
,2,2284.035,0,2284,2284.07,2284.07,2284,1714549740000,2,,0,,0,0,0,0,0,false
,3,2284.2567,0,2284.25,2284.52,2284.52,2284,1714549800000,3,,0,,0,0,0,0,0,false
,2,2284.505,0,2284.45,2284.56,2284.56,2284.45,1714549860000,2,,0,,0,0,0,0,0,false
,4,2284.2,0,2284.52,2284.4,2284.52,2283.4,1714549920000,4,,0,,0,0,0,0,0,false
,3,2284.4267,0,2284.33,2284.4,2284.55,2284.33,1714549980000,3,,0,,0,0,0,0,0,false
,2,2284.785,0,2284.68,2284.89,2284.89,2284.68,1714550040000,2,,0,,0,0,0,0,0,false
,3,2284.6933,0,2284.6,2284.8,2284.8,2284.6,1714550100000,3,,0,,0,0,0,0,0,false
,1,2284.9,0,2284.9,2284.9,2284.9,2284.9,1714550160000,1,,0,,0,0,0,0,0,false
,3,2285.31,0,2284.8,2285.71,2285.71,2284.8,1714550220000,3,,0,,0,0,0,0,0,false
,3,2285.84,0,2285.95,2285.53,2286.04,2285.53,1714550280000,3,,0,,0,0,0,0,0,false
,2,2285.885,0,2285.87,2285.9,2285.9,2285.87,1714550340000,2,,0,,0,0,0,0,0,false
,3,2285.8467,0,2285.88,2285.79,2285.88,2285.79,1714550400000,3,,0,,0,0,0,0,0,false
,2,2286.285,0,2286.14,2286.43,2286.43,2286.14,1714550460000,2,,0,,0,0,0,0,0,false
,3,2285.81,0,2285.79,2285.55,2286.09,2285.55,1714550520000,3,,0,,0,0,0,0,0,false
,2,2284.965,0,2285.14,2284.79,2285.14,2284.79,1714550580000,2,,0,,0,0,0,0,0,false
,2,2284.925,0,2284.98,2284.87,2284.98,2284.87,1714550640000,2,,0,,0,0,0,0,0,false
,3,2284.51,0,2284.77,2284.55,2284.77,2284.21,1714550700000,3,,0,,0,0,0,0,0,false
,3,2284.42,0,2284.63,2283.8,2284.83,2283.8,1714550760000,3,,0,,0,0,0,0,0,false
,4,2284.845,0,2284.55,2285.24,2285.29,2284.3,1714550820000,4,,0,,0,0,0,0,0,false
,3,2285.4567,0,2285.37,2285.24,2285.76,2285.24,1714550880000,3,,0,,0,0,0,0,0,false
,2,2285.64,0,2285.61,2285.67,2285.67,2285.61,1714550940000,2,,0,,0,0,0,0,0,false
,3,2285.52,0,2285.5,2285.66,2285.66,2285.4,1714551000000,3,,0,,0,0,0,0,0,false
,2,2286.14,0,2286.25,2286.03,2286.25,2286.03,1714551060000,2,,0,,0,0,0,0,0,false
,3,2285.9267,0,2285.66,2286.23,2286.23,2285.66,1714551120000,3,,0,,0,0,0,0,0,false
,3,2285.7767,0,2286.07,2286.16,2286.16,2285.1,1714551180000,3,,0,,0,0,0,0,0,false
,3,2285.8667,0,2285.9,2285.89,2285.9,2285.81,1714551240000,3,,0,,0,0,0,0,0,false
,4,2285.2,0,2285.36,2285.12,2285.82,2284.5,1714551300000,4,,0,,0,0,0,0,0,false
,2,2284.7,0,2284.64,2284.76,2284.76,2284.64,1714551360000,2,,0,,0,0,0,0,0,false
,3,2284.81,0,2285.18,2284.47,2285.18,2284.47,1714551420000,3,,0,,0,0,0,0,0,false
,2,2284.395,0,2284.34,2284.45,2284.45,2284.34,1714551480000,2,,0,,0,0,0,0,0,false
,2,2284.235,0,2284.22,2284.25,2284.25,2284.22,1714551540000,2,,0,,0,0,0,0,0,false
,3,2284.1867,0,2284,2284.34,2284.34,2284,1714551600000,3,,0,,0,0,0,0,0,false
,2,2284.59,0,2284.57,2284.61,2284.61,2284.57,1714551660000,2,,0,,0,0,0,0,0,false
,4,2284.415,0,2284.01,2284.76,2284.99,2283.9,1714551720000,4,,0,,0,0,0,0,0,false
,2,2284.48,0,2284.34,2284.62,2284.62,2284.34,1714551780000,2,,0,,0,0,0,0,0,false
,3,2284.4,0,2284.76,2283.92,2284.76,2283.92,1714551840000,3,,0,,0,0,0,0,0,false
,3,2284.31,0,2284.01,2284.4,2284.52,2284.01,1714551900000,3,,0,,0,0,0,0,0,false
,2,2284.825,0,2284.6,2285.05,2285.05,2284.6,1714551960000,2,,0,,0,0,0,0,0,false
,4,2284.7625,0,2284.99,2285.48,2285.48,2284,1714552020000,4,,0,,0,0,0,0,0,false
,2,2285.64,0,2285.47,2285.81,2285.81,2285.47,1714552080000,2,,0,,0,0,0,0,0,false
,3,2285.58,0,2285,2285.88,2285.88,2285,1714552140000,3,,0,,0,0,0,0,0,false
,3,2285.66,0,2285.57,2285.55,2285.86,2285.55,1714552200000,3,,0,,0,0,0,0,0,false
,2,2285.92,0,2285.97,2285.87,2285.97,2285.87,1714552260000,2,,0,,0,0,0,0,0,false
,3,2286.04,0,2286.22,2286.03,2286.22,2285.87,1714552320000,3,,0,,0,0,0,0,0,false
,2,2286.39,0,2286.41,2286.37,2286.41,2286.37,1714552380000,2,,0,,0,0,0,0,0,false
,3,2286.22,0,2286.03,2286.32,2286.32,2286.03,1714552440000,3,,0,,0,0,0,0,0,false
,3,2286.0133,0,2285.95,2285.78,2286.31,2285.78,1714552500000,3,,0,,0,0,0,0,0,false
,2,2285.645,0,2285.79,2285.5,2285.79,2285.5,1714552560000,2,,0,,0,0,0,0,0,false
,3,2285.6367,0,2285.57,2285.55,2285.79,2285.55,1714552620000,3,,0,,0,0,0,0,0,false
,2,2285.335,0,2285.42,2285.25,2285.42,2285.25,1714552680000,2,,0,,0,0,0,0,0,false
,3,2285.31,0,2285.55,2285.01,2285.55,2285.01,1714552740000,3,,0,,0,0,0,0,0,false
,3,2284.9833,0,2284.88,2284.7,2285.37,2284.7,1714552800000,3,,0,,0,0,0,0,0,false
,2,2285.12,0,2285.06,2285.18,2285.18,2285.06,1714552860000,2,,0,,0,0,0,0,0,false
,4,2284.415,0,2284.58,2284.48,2285,2283.6,1714552920000,4,,0,,0,0,0,0,0,false
,2,2284.89,0,2284.84,2284.94,2284.94,2284.84,1714552980000,2,,0,,0,0,0,0,0,false
,3,2284.5067,0,2284.53,2284.53,2284.53,2284.46,1714553040000,3,,0,,0,0,0,0,0,false
,4,2283.9775,0,2284.22,2284.01,2284.48,2283.2,1714553100000,4,,0,,0,0,0,0,0,false
,2,2284.285,0,2284.1,2284.47,2284.47,2284.1,1714553160000,2,,0,,0,0,0,0,0,false
,3,2284.2767,0,2284.65,2284.08,2284.65,2284.08,1714553220000,3,,0,,0,0,0,0,0,false
,2,2284.205,0,2283.86,2284.55,2284.55,2283.86,1714553280000,2,,0,,0,0,0,0,0,false
,3,2284.55,0,2284.08,2284.72,2284.85,2284.08,1714553340000,3,,0,,0,0,0,0,0,false
,3,2284.4233,0,2284.8,2284.56,2284.8,2283.91,1714553400000,3,,0,,0,0,0,0,0,false
,3,2284.2367,0,2284.71,2284.4,2284.71,2283.6,1714553460000,3,,0,,0,0,0,0,0,false
,3,2284.5067,0,2284.49,2284.32,2284.71,2284.32,1714553520000,3,,0,,0,0,0,0,0,false
,2,2284.62,0,2284.7,2284.54,2284.7,2284.54,1714553580000,2,,0,,0,0,0,0,0,false
,4,2284.375,0,2284.32,2284.95,2284.95,2283.6,1714553640000,4,,0,,0,0,0,0,0,false
,3,2284.66,0,2284.66,2284.69,2284.69,2284.63,1714553700000,3,,0,,0,0,0,0,0,false
,2,2285.41,0,2285.27,2285.55,2285.55,2285.27,1714553760000,2,,0,,0,0,0,0,0,false
,3,2285.26,0,2285.38,2285.7,2285.7,2284.7,1714553820000,3,,0,,0,0,0,0,0,false
,2,2286.095,0,2285.9,2286.29,2286.29,2285.9,1714553880000,2,,0,,0,0,0,0,0,false
,3,2285.8267,0,2284.78,2286.32,2286.38,2284.78,1714553940000,3,,0,,0,0,0,0,0,false
,3,2285.6433,0,2285.92,2286.1,2286.1,2284.91,1714554000000,3,,0,,0,0,0,0,0,false
,3,2285.6567,0,2285.88,2285.89,2285.89,2285.2,1714554060000,3,,0,,0,0,0,0,0,false
,3,2285.92,0,2285.8,2286.02,2286.02,2285.8,1714554120000,3,,0,,0,0,0,0,0,false
,2,2286.545,0,2286.48,2286.61,2286.61,2286.48,1714554180000,2,,0,,0,0,0,0,0,false
,3,2286.5267,0,2286.02,2287.12,2287.12,2286.02,1714554240000,3,,0,,0,0,0,0,0,false
,3,2287.11,0,2287.52,2287.37,2287.52,2286.44,1714554300000,3,,0,,0,0,0,0,0,false
,2,2287.91,0,2287.68,2288.14,2288.14,2287.68,1714554360000,2,,0,,0,0,0,0,0,false
,3,2288.0367,0,2288.32,2288.53,2288.53,2287.26,1714554420000,3,,0,,0,0,0,0,0,false
,2,2288.61,0,2288.53,2288.69,2288.69,2288.53,1714554480000,2,,0,,0,0,0,0,0,false
,3,2288.5067,0,2288.53,2288.38,2288.61,2288.38,1714554540000,3,,0,,0,0,0,0,0,false
,3,2288.7067,0,2288.58,2288.93,2288.93,2288.58,1714554600000,3,,0,,0,0,0,0,0,false
,2,2288.85,0,2288.83,2288.87,2288.87,2288.83,1714554660000,2,,0,,0,0,0,0,0,false
,3,2288.4267,0,2288.43,2288.24,2288.61,2288.24,1714554720000,3,,0,,0,0,0,0,0,false
,2,2288.065,0,2288.05,2288.08,2288.08,2288.05,1714554780000,2,,0,,0,0,0,0,0,false
,3,2288.0033,0,2288.24,2288.04,2288.24,2287.73,1714554840000,3,,0,,0,0,0,0,0,false
,3,2287.62,0,2287.67,2287.43,2287.76,2287.43,1714554900000,3,,0,,0,0,0,0,0,false
,2,2287.645,0,2287.57,2287.72,2287.72,2287.57,1714554960000,2,,0,,0,0,0,0,0,false
,3,2287.58,0,2287.49,2287.68,2287.68,2287.49,1714555020000,3,,0,,0,0,0,0,0,false
,2,2287.115,0,2287.17,2287.06,2287.17,2287.06,1714555080000,2,,0,,0,0,0,0,0,false
,3,2287.0567,0,2287.68,2286.55,2287.68,2286.55,1714555140000,3,,0,,0,0,0,0,0,false
,3,2286.5433,0,2286.38,2286.31,2286.94,2286.31,1714555200000,3,,0,,0,0,0,0,0,false
,2,2286.395,0,2286.14,2286.65,2286.65,2286.14,1714555260000,2,,0,,0,0,0,0,0,false
,3,2286.5333,0,2286.84,2286.62,2286.84,2286.14,1714555320000,3,,0,,0,0,0,0,0,false
,2,2287.105,0,2287.1,2287.11,2287.11,2287.1,1714555380000,2,,0,,0,0,0,0,0,false
,3,2286.8533,0,2286.54,2286.87,2287.15,2286.54,1714555440000,3,,0,,0,0,0,0,0,false
,3,2287.2233,0,2287.23,2287.29,2287.29,2287.15,1714555500000,3,,0,,0,0,0,0,0,false
,2,2287.33,0,2287.29,2287.37,2287.37,2287.29,1714555560000,2,,0,,0,0,0,0,0,false
,3,2287.3,0,2287.29,2287.32,2287.32,2287.29,1714555620000,3,,0,,0,0,0,0,0,false
,3,2286.81,0,2287.11,2287.02,2287.11,2286.3,1714555680000,3,,0,,0,0,0,0,0,false
,3,2287.3133,0,2287.32,2287.44,2287.44,2287.18,1714555740000,3,,0,,0,0,0,0,0,false
,3,2287.5667,0,2287.33,2287.93,2287.93,2287.33,1714555800000,3,,0,,0,0,0,0,0,false
,2,2288.12,0,2288.08,2288.16,2288.16,2288.08,1714555860000,2,,0,,0,0,0,0,0,false
,3,2288.5367,0,2288.98,2289.27,2289.27,2287.36,1714555920000,3,,0,,0,0,0,0,0,false
,2,2289.18,0,2289.06,2289.3,2289.3,2289.06,1714555980000,2,,0,,0,0,0,0,0,false
,4,2288.84,0,2288.82,2289.32,2289.32,2288.1,1714556040000,4,,0,,0,0,0,0,0,false
,3,2289.1933,0,2289.17,2289.32,2289.32,2289.09,1714556100000,3,,0,,0,0,0,0,0,false
,2,2289.355,0,2289.38,2289.33,2289.38,2289.33,1714556160000,2,,0,,0,0,0,0,0,false
,3,2289.1167,0,2288.94,2289.03,2289.38,2288.94,1714556220000,3,,0,,0,0,0,0,0,false
,3,2288.8133,0,2289.44,2288.6,2289.44,2288.4,1714556280000,3,,0,,0,0,0,0,0,false
,3,2288.8467,0,2289.03,2288.7,2289.03,2288.7,1714556340000,3,,0,,0,0,0,0,0,false
,3,2288.92,0,2288.94,2288.7,2289.12,2288.7,1714556400000,3,,0,,0,0,0,0,0,false
,2,2289.07,0,2289.12,2289.02,2289.12,2289.02,1714556460000,2,,0,,0,0,0,0,0,false
,3,2289.1067,0,2289.09,2289.11,2289.12,2289.09,1714556520000,3,,0,,0,0,0,0,0,false
,2,2289.415,0,2289.26,2289.57,2289.57,2289.26,1714556580000,2,,0,,0,0,0,0,0,false
,3,2289.3667,0,2289.11,2289.56,2289.56,2289.11,1714556640000,3,,0,,0,0,0,0,0,false
,3,2290.24,0,2290.59,2289.56,2290.59,2289.56,1714556700000,3,,0,,0,0,0,0,0,false
,3,2290.2033,0,2290.6,2290.41,2290.6,2289.6,1714556760000,3,,0,,0,0,0,0,0,false
,3,2290.4933,0,2290.55,2290.52,2290.55,2290.41,1714556820000,3,,0,,0,0,0,0,0,false
,2,2291.02,0,2290.58,2291.46,2291.46,2290.58,1714556880000,2,,0,,0,0,0,0,0,false
,3,2290.96,0,2290.52,2291.26,2291.26,2290.52,1714556940000,3,,0,,0,0,0,0,0,false
,3,2291.6167,0,2291.19,2290.82,2292.84,2290.82,1714557000000,3,,0,,0,0,0,0,0,false
,3,2291.7533,0,2291.86,2291.54,2291.86,2291.54,1714557060000,3,,0,,0,0,0,0,0,false
,4,2291.5825,0,2291.73,2292.27,2292.27,2290.7,1714557120000,4,,0,,0,0,0,0,0,false
,2,2292.12,0,2292.03,2292.21,2292.21,2292.03,1714557180000,2,,0,,0,0,0,0,0,false
,3,2291.9267,0,2291.74,2292,2292.04,2291.74,1714557240000,3,,0,,0,0,0,0,0,false
,3,2291.89,0,2291.93,2292,2292,2291.74,1714557300000,3,,0,,0,0,0,0,0,false
,2,2292.165,0,2292.21,2292.12,2292.21,2292.12,1714557360000,2,,0,,0,0,0,0,0,false
,3,2292.1933,0,2292.11,2292.41,2292.41,2292.06,1714557420000,3,,0,,0,0,0,0,0,false
,2,2292.155,0,2292.12,2292.19,2292.19,2292.12,1714557480000,2,,0,,0,0,0,0,0,false
,3,2292.15,0,2292.41,2291.91,2292.41,2291.91,1714557540000,3,,0,,0,0,0,0,0,false
,2,2291.46,0,2291.66,2291.26,2291.66,2291.26,1714557600000,2,,0,,0,0,0,0,0,false
,3,2291.14,0,2291.91,2290.82,2291.91,2290.69,1714557660000,3,,0,,0,0,0,0,0,false
,3,2290.67,0,2290.56,2290.44,2291.01,2290.44,1714557720000,3,,0,,0,0,0,0,0,false
,2,2290.01,0,2290.16,2289.86,2290.16,2289.86,1714557780000,2,,0,,0,0,0,0,0,false
,3,2290.33,0,2290.44,2290.36,2290.44,2290.19,1714557840000,3,,0,,0,0,0,0,0,false
,2,2290.05,0,2289.89,2290.21,2290.21,2289.89,1714557900000,2,,0,,0,0,0,0,0,false
,3,2290.0667,0,2290.36,2289.96,2290.36,2289.88,1714557960000,3,,0,,0,0,0,0,0,false
,3,2289.79,0,2289.72,2289.76,2289.89,2289.72,1714558020000,3,,0,,0,0,0,0,0,false
,2,2289.495,0,2289.54,2289.45,2289.54,2289.45,1714558080000,2,,0,,0,0,0,0,0,false
,3,2289.4467,0,2289.76,2289.13,2289.76,2289.13,1714558140000,3,,0,,0,0,0,0,0,false
,2,2289.555,0,2289.23,2289.88,2289.88,2289.23,1714558200000,2,,0,,0,0,0,0,0,false
,3,2289.9667,0,2289.44,2290.27,2290.27,2289.44,1714558260000,3,,0,,0,0,0,0,0,false
,3,2289.92,0,2290.15,2290.35,2290.35,2289.26,1714558320000,3,,0,,0,0,0,0,0,false
,2,2291.22,0,2290.76,2291.68,2291.68,2290.76,1714558380000,2,,0,,0,0,0,0,0,false
,3,2291.1567,0,2290.35,2291.49,2291.63,2290.35,1714558440000,3,,0,,0,0,0,0,0,false
,2,2291.64,0,2291.53,2291.75,2291.75,2291.53,1714558500000,2,,0,,0,0,0,0,0,false
,3,2291.5267,0,2291.49,2291.46,2291.63,2291.46,1714558560000,3,,0,,0,0,0,0,0,false
,3,2291.61,0,2291.46,2291.74,2291.74,2291.46,1714558620000,3,,0,,0,0,0,0,0,false
,2,2291.045,0,2291.19,2290.9,2291.19,2290.9,1714558680000,2,,0,,0,0,0,0,0,false
,3,2291.0933,0,2291.74,2290.72,2291.74,2290.72,1714558740000,3,,0,,0,0,0,0,0,false
,2,2291.395,0,2291.52,2291.27,2291.52,2291.27,1714558800000,2,,0,,0,0,0,0,0,false
,3,2290.9567,0,2290.72,2291.15,2291.15,2290.72,1714558860000,3,,0,,0,0,0,0,0,false
,3,2291.02,0,2291.08,2290.98,2291.08,2290.98,1714558920000,3,,0,,0,0,0,0,0,false
,2,2291.175,0,2291.28,2291.07,2291.28,2291.07,1714558980000,2,,0,,0,0,0,0,0,false
,3,2290.9433,0,2291.02,2290.83,2291.02,2290.83,1714559040000,3,,0,,0,0,0,0,0,false
,2,2290.78,0,2291.03,2290.53,2291.03,2290.53,1714559100000,2,,0,,0,0,0,0,0,false
,3,2290.7633,0,2290.83,2290.45,2291.01,2290.45,1714559160000,3,,0,,0,0,0,0,0,false
,4,2290.6625,0,2289.7,2291.16,2291.16,2289.7,1714559220000,4,,0,,0,0,0,0,0,false
,2,2291.25,0,2291.12,2291.38,2291.38,2291.12,1714559280000,2,,0,,0,0,0,0,0,false
,2,2291.14,0,2290.81,2291.47,2291.47,2290.81,1714559340000,2,,0,,0,0,0,0,0,false
,2,2291.68,0,2291.67,2291.69,2291.69,2291.67,1714559400000,2,,0,,0,0,0,0,0,false
,3,2291.6233,0,2291.47,2291.81,2291.81,2291.47,1714559460000,3,,0,,0,0,0,0,0,false
,3,2291.58,0,2291.64,2291.51,2291.64,2291.51,1714559520000,3,,0,,0,0,0,0,0,false
,2,2291.29,0,2291.34,2291.24,2291.34,2291.24,1714559580000,2,,0,,0,0,0,0,0,false
,3,2291.04,0,2290.86,2290.92,2291.34,2290.86,1714559640000,3,,0,,0,0,0,0,0,false
,2,2290.675,0,2290.78,2290.57,2290.78,2290.57,1714559700000,2,,0,,0,0,0,0,0,false
,3,2290.3967,0,2290.92,2290.08,2290.92,2290.08,1714559760000,3,,0,,0,0,0,0,0,false
,3,2290.4833,0,2290.47,2290.73,2290.73,2290.25,1714559820000,3,,0,,0,0,0,0,0,false
,2,2290.515,0,2290.65,2290.38,2290.65,2290.38,1714559880000,2,,0,,0,0,0,0,0,false
,3,2290.5367,0,2290.43,2290.53,2290.65,2290.43,1714559940000,3,,0,,0,0,0,0,0,false
,3,2290.5967,0,2290.85,2291.04,2291.04,2289.9,1714560000000,3,,0,,0,0,0,0,0,false
,3,2291.1333,0,2290.53,2291.53,2291.53,2290.53,1714560060000,3,,0,,0,0,0,0,0,false
,3,2291.6033,0,2291.88,2291.59,2291.88,2291.34,1714560120000,3,,0,,0,0,0,0,0,false
,2,2291.375,0,2291.62,2291.13,2291.62,2291.13,1714560180000,2,,0,,0,0,0,0,0,false
,3,2291.18,0,2291.01,2290.91,2291.62,2290.91,1714560240000,3,,0,,0,0,0,0,0,false
,2,2291.075,0,2291.07,2291.08,2291.08,2291.07,1714560300000,2,,0,,0,0,0,0,0,false
,3,2291.1633,0,2290.91,2291.37,2291.37,2290.91,1714560360000,3,,0,,0,0,0,0,0,false
,3,2291.5233,0,2291.67,2291.69,2291.69,2291.21,1714560420000,3,,0,,0,0,0,0,0,false
,2,2292.245,0,2292.28,2292.21,2292.28,2292.21,1714560480000,2,,0,,0,0,0,0,0,false
,3,2292.5267,0,2292.98,2292.61,2292.98,2291.99,1714560540000,3,,0,,0,0,0,0,0,false
,2,2292.8,0,2292.72,2292.88,2292.88,2292.72,1714560600000,2,,0,,0,0,0,0,0,false
,3,2292.8867,0,2292.61,2293.19,2293.19,2292.61,1714560660000,3,,0,,0,0,0,0,0,false
,4,2292.8925,0,2293.42,2292.89,2293.42,2292.4,1714560720000,4,,0,,0,0,0,0,0,false
,2,2293.2,0,2293.25,2293.15,2293.25,2293.15,1714560780000,2,,0,,0,0,0,0,0,false
,3,2293.1267,0,2293.2,2292.97,2293.21,2292.97,1714560840000,3,,0,,0,0,0,0,0,false
,2,2293.43,0,2293.55,2293.31,2293.55,2293.31,1714560900000,2,,0,,0,0,0,0,0,false
,3,2293.4633,0,2292.97,2293.33,2294.09,2292.97,1714560960000,3,,0,,0,0,0,0,0,false
,3,2293.1467,0,2292.97,2292.86,2293.61,2292.86,1714561020000,3,,0,,0,0,0,0,0,false
,2,2292.725,0,2292.75,2292.7,2292.75,2292.7,1714561080000,2,,0,,0,0,0,0,0,false
,3,2292.9433,0,2293.08,2293,2293.08,2292.75,1714561140000,3,,0,,0,0,0,0,0,false
,2,2293.23,0,2293.37,2293.09,2293.37,2293.09,1714561200000,2,,0,,0,0,0,0,0,false
,4,2292.6425,0,2293,2292.89,2293,2291.8,1714561260000,4,,0,,0,0,0,0,0,false
,3,2292.8433,0,2292.78,2292.87,2292.88,2292.78,1714561320000,3,,0,,0,0,0,0,0,false
,2,2292.53,0,2292.62,2292.44,2292.62,2292.44,1714561380000,2,,0,,0,0,0,0,0,false
,3,2292.1233,0,2292.05,2291.7,2292.62,2291.7,1714561440000,3,,0,,0,0,0,0,0,false
,2,2291.575,0,2291.38,2291.77,2291.77,2291.38,1714561500000,2,,0,,0,0,0,0,0,false
,3,2292.25,0,2291.79,2292.66,2292.66,2291.79,1714561560000,3,,0,,0,0,0,0,0,false
,3,2292.1533,0,2292.37,2292.62,2292.62,2291.47,1714561620000,3,,0,,0,0,0,0,0,false
,2,2292.605,0,2292.36,2292.85,2292.85,2292.36,1714561680000,2,,0,,0,0,0,0,0,false
,3,2292.6233,0,2292.93,2292.58,2292.93,2292.36,1714561740000,3,,0,,0,0,0,0,0,false
,2,2292.515,0,2292.67,2292.36,2292.67,2292.36,1714561800000,2,,0,,0,0,0,0,0,false
,2,2292.435,0,2292.58,2292.29,2292.58,2292.29,1714561860000,2,,0,,0,0,0,0,0,false
,3,2292.3267,0,2292.34,2292.35,2292.35,2292.29,1714561920000,3,,0,,0,0,0,0,0,false
,2,2292.76,0,2292.8,2292.72,2292.8,2292.72,1714561980000,2,,0,,0,0,0,0,0,false
,3,2292.4633,0,2292.44,2292.3,2292.65,2292.3,1714562040000,3,,0,,0,0,0,0,0,false
,2,2292.355,0,2292.37,2292.34,2292.37,2292.34,1714562100000,2,,0,,0,0,0,0,0,false
,3,2292.32,0,2292.3,2292.37,2292.37,2292.29,1714562160000,3,,0,,0,0,0,0,0,false
,3,2292.63,0,2292.86,2292.74,2292.86,2292.29,1714562220000,3,,0,,0,0,0,0,0,false
,2,2292.77,0,2292.65,2292.89,2292.89,2292.65,1714562280000,2,,0,,0,0,0,0,0,false
,3,2292.6933,0,2292.66,2292.77,2292.77,2292.65,1714562340000,3,,0,,0,0,0,0,0,false
,3,2291.8667,0,2292.2,2292.1,2292.2,2291.3,1714562400000,3,,0,,0,0,0,0,0,false
,4,2292.1775,0,2292.77,2291.4,2292.77,2291.4,1714562460000,4,,0,,0,0,0,0,0,false
,3,2292.2833,0,2292.41,2292.24,2292.41,2292.2,1714562520000,3,,0,,0,0,0,0,0,false
,2,2292.315,0,2292.21,2292.42,2292.42,2292.21,1714562580000,2,,0,,0,0,0,0,0,false
,3,2292.51,0,2292.36,2292.96,2292.96,2292.21,1714562640000,3,,0,,0,0,0,0,0,false
,2,2292.89,0,2292.76,2293.02,2293.02,2292.76,1714562700000,2,,0,,0,0,0,0,0,false
,3,2293.17,0,2292.37,2293.83,2293.83,2292.37,1714562760000,3,,0,,0,0,0,0,0,false
,3,2293.67,0,2293.93,2294.16,2294.16,2292.92,1714562820000,3,,0,,0,0,0,0,0,false
,2,2294.43,0,2294.58,2294.28,2294.58,2294.28,1714562880000,2,,0,,0,0,0,0,0,false
,3,2294.02,0,2294.55,2294.6,2294.6,2292.91,1714562940000,3,,0,,0,0,0,0,0,false
,2,2294.54,0,2294.61,2294.47,2294.61,2294.47,1714563000000,2,,0,,0,0,0,0,0,false
,3,2294.7733,0,2294.6,2294.85,2294.87,2294.6,1714563060000,3,,0,,0,0,0,0,0,false
,4,2294.23,0,2294.33,2294.85,2294.85,2293.3,1714563120000,4,,0,,0,0,0,0,0,false
,2,2294.075,0,2294.12,2294.03,2294.12,2294.03,1714563180000,2,,0,,0,0,0,0,0,false
,3,2294.4167,0,2294.42,2294.71,2294.71,2294.12,1714563240000,3,,0,,0,0,0,0,0,false
,2,2294.48,0,2294.48,2294.48,2294.48,2294.48,1714563300000,2,,0,,0,0,0,0,0,false
,3,2294.7833,0,2294.72,2294.91,2294.91,2294.72,1714563360000,3,,0,,0,0,0,0,0,false
,3,2294.74,0,2294.46,2294.91,2294.91,2294.46,1714563420000,3,,0,,0,0,0,0,0,false
,3,2294.6833,0,2294.89,2295.36,2295.36,2293.8,1714563480000,3,,0,,0,0,0,0,0,false
,3,2295.36,0,2295.21,2295.98,2295.98,2294.89,1714563540000,3,,0,,0,0,0,0,0,false
,2,2296.41,0,2296.35,2296.47,2296.47,2296.35,1714563600000,2,,0,,0,0,0,0,0,false
,3,2296.2233,0,2295.29,2296.51,2296.87,2295.29,1714563660000,3,,0,,0,0,0,0,0,false
,3,2295.8633,0,2295.7,2296.51,2296.51,2295.38,1714563720000,3,,0,,0,0,0,0,0,false
,2,2294.955,0,2295.05,2294.86,2295.05,2294.86,1714563780000,2,,0,,0,0,0,0,0,false
,3,2294.68,0,2294.59,2294.4,2295.05,2294.4,1714563840000,3,,0,,0,0,0,0,0,false
,2,2294.34,0,2294.19,2294.49,2294.49,2294.19,1714563900000,2,,0,,0,0,0,0,0,false
,3,2294.46,0,2294.4,2294.47,2294.51,2294.4,1714563960000,3,,0,,0,0,0,0,0,false
,2,2294.25,0,2294.35,2294.15,2294.35,2294.15,1714564020000,2,,0,,0,0,0,0,0,false
,3,2294.09,0,2294.47,2293.81,2294.47,2293.81,1714564080000,3,,0,,0,0,0,0,0,false
,3,2293.8267,0,2293.86,2293.63,2293.99,2293.63,1714564140000,3,,0,,0,0,0,0,0,false
,2,2293.735,0,2293.76,2293.71,2293.76,2293.71,1714564200000,2,,0,,0,0,0,0,0,false
,4,2293.605,0,2293.63,2293.96,2293.96,2292.9,1714564260000,4,,0,,0,0,0,0,0,false
,2,2294.31,0,2294.2,2294.42,2294.42,2294.2,1714564320000,2,,0,,0,0,0,0,0,false
,3,2294.2567,0,2293.96,2294.52,2294.52,2293.96,1714564380000,3,,0,,0,0,0,0,0,false
,3,2294.5233,0,2294.73,2294.55,2294.73,2294.29,1714564440000,3,,0,,0,0,0,0,0,false
,2,2294.62,0,2294.54,2294.7,2294.7,2294.54,1714564500000,2,,0,,0,0,0,0,0,false
,3,2294.3267,0,2294.55,2294.33,2294.55,2294.1,1714564560000,3,,0,,0,0,0,0,0,false
,2,2294.105,0,2293.89,2294.32,2294.32,2293.89,1714564620000,2,,0,,0,0,0,0,0,false
,3,2294.2233,0,2294.33,2294.19,2294.33,2294.15,1714564680000,3,,0,,0,0,0,0,0,false
,3,2294.3633,0,2294.42,2294.52,2294.52,2294.15,1714564740000,3,,0,,0,0,0,0,0,false
,2,2294.615,0,2294.52,2294.71,2294.71,2294.52,1714564800000,2,,0,,0,0,0,0,0,false
,3,2294.46,0,2294.52,2294.72,2294.72,2294.14,1714564860000,3,,0,,0,0,0,0,0,false
,2,2295.045,0,2295.28,2294.81,2295.28,2294.81,1714564920000,2,,0,,0,0,0,0,0,false
,3,2295.2733,0,2294.72,2295.85,2295.85,2294.72,1714564980000,3,,0,,0,0,0,0,0,false
,3,2295.6733,0,2296.01,2295.76,2296.01,2295.25,1714565040000,3,,0,,0,0,0,0,0,false
,2,2295.16,0,2295.24,2295.08,2295.24,2295.08,1714565100000,2,,0,,0,0,0,0,0,false
,3,2295.02,0,2295.76,2294.39,2295.76,2294.39,1714565160000,3,,0,,0,0,0,0,0,false
,2,2295.13,0,2294.78,2295.48,2295.48,2294.78,1714565220000,2,,0,,0,0,0,0,0,false
,2,2295.27,0,2295.25,2295.29,2295.29,2295.25,1714565280000,2,,0,,0,0,0,0,0,false
,3,2295.44,0,2295.88,2295.57,2295.88,2294.87,1714565340000,3,,0,,0,0,0,0,0,false
,2,2296.17,0,2296.02,2296.32,2296.32,2296.02,1714565400000,2,,0,,0,0,0,0,0,false
,3,2296.4833,0,2295.57,2297.17,2297.17,2295.57,1714565460000,3,,0,,0,0,0,0,0,false
,2,2297.075,0,2297.1,2297.05,2297.1,2297.05,1714565520000,2,,0,,0,0,0,0,0,false
,2,2297.58,0,2297.31,2297.85,2297.85,2297.31,1714565580000,2,,0,,0,0,0,0,0,false
,2,2297.31,0,2297.85,2296.77,2297.85,2296.77,1714565640000,2,,0,,0,0,0,0,0,false
,2,2296.16,0,2296.11,2296.21,2296.21,2296.11,1714565700000,2,,0,,0,0,0,0,0,false
,3,2296.73,0,2297.2,2296.2,2297.2,2296.2,1714565760000,3,,0,,0,0,0,0,0,false
,2,2296.45,0,2296,2296.9,2296.9,2296,1714565820000,2,,0,,0,0,0,0,0,false
,3,2297.0267,0,2296.2,2297.88,2297.88,2296.2,1714565880000,3,,0,,0,0,0,0,0,false
,3,2296.8067,0,2297.12,2297.45,2297.45,2295.85,1714565940000,3,,0,,0,0,0,0,0,false
,2,2295.15,0,2295.25,2295.05,2295.25,2295.05,1714566000000,2,,0,,0,0,0,0,0,false
,3,2296.4367,0,2297.45,2295.9,2297.45,2295.9,1714566060000,3,,0,,0,0,0,0,0,false
,2,2295.4,0,2295.76,2295.04,2295.76,2295.04,1714566120000,2,,0,,0,0,0,0,0,false
,3,2295.53,0,2295.9,2295.67,2295.9,2295.02,1714566180000,3,,0,,0,0,0,0,0,false
,3,2295.73,0,2296.18,2295.99,2296.18,2295.02,1714566240000,3,,0,,0,0,0,0,0,false
,2,2295.865,0,2296.03,2295.7,2296.03,2295.7,1714566300000,2,,0,,0,0,0,0,0,false
,3,2295.8933,0,2296.12,2296.1,2296.12,2295.46,1714566360000,3,,0,,0,0,0,0,0,false
,2,2296.11,0,2296.31,2295.91,2296.31,2295.91,1714566420000,2,,0,,0,0,0,0,0,false
,3,2295.6367,0,2295.47,2295.71,2295.73,2295.47,1714566480000,3,,0,,0,0,0,0,0,false
,3,2295.6867,0,2295.82,2295.51,2295.82,2295.51,1714566540000,3,,0,,0,0,0,0,0,false
,2,2295.215,0,2295.52,2294.91,2295.52,2294.91,1714566600000,2,,0,,0,0,0,0,0,false
,3,2295.6767,0,2295.12,2296.4,2296.4,2295.12,1714566660000,3,,0,,0,0,0,0,0,false
,2,2296.87,0,2296.4,2297.34,2297.34,2296.4,1714566720000,2,,0,,0,0,0,0,0,false
,3,2296.6333,0,2295.13,2296.72,2298.05,2295.13,1714566780000,3,,0,,0,0,0,0,0,false
,3,2295.9467,0,2296.12,2296.06,2296.12,2295.66,1714566840000,3,,0,,0,0,0,0,0,false
,2,2297.655,0,2297.26,2298.05,2298.05,2297.26,1714566900000,2,,0,,0,0,0,0,0,false
,3,2297.2833,0,2297.37,2297.98,2297.98,2296.5,1714566960000,3,,0,,0,0,0,0,0,false
,2,2297.795,0,2297.66,2297.93,2297.93,2297.66,1714567020000,2,,0,,0,0,0,0,0,false
,3,2297.55,0,2297.38,2297.53,2297.74,2297.38,1714567080000,3,,0,,0,0,0,0,0,false
,3,2297.5167,0,2297.71,2297.1,2297.74,2297.1,1714567140000,3,,0,,0,0,0,0,0,false
,2,2296.08,0,2296.26,2295.9,2296.26,2295.9,1714567200000,2,,0,,0,0,0,0,0,false
,3,2296.0133,0,2295.98,2295.18,2296.88,2295.18,1714567260000,3,,0,,0,0,0,0,0,false
,3,2295.9433,0,2296.13,2296.6,2296.6,2295.1,1714567320000,3,,0,,0,0,0,0,0,false
,3,2296.59,0,2295.97,2297.04,2297.04,2295.97,1714567380000,3,,0,,0,0,0,0,0,false
,3,2297.0333,0,2296.95,2297.39,2297.39,2296.76,1714567440000,3,,0,,0,0,0,0,0,false
,2,2297.325,0,2297.56,2297.09,2297.56,2297.09,1714567500000,2,,0,,0,0,0,0,0,false
,4,2297.175,0,2297.05,2298.04,2298.04,2295.9,1714567560000,4,,0,,0,0,0,0,0,false
,2,2297.75,0,2297.41,2298.09,2298.09,2297.41,1714567620000,2,,0,,0,0,0,0,0,false
,3,2298.2867,0,2297.06,2299.02,2299.02,2297.06,1714567680000,3,,0,,0,0,0,0,0,false
,2,2298.695,0,2298.68,2298.71,2298.71,2298.68,1714567740000,2,,0,,0,0,0,0,0,false
,2,2298.92,0,2298.87,2298.97,2298.97,2298.87,1714567800000,2,,0,,0,0,0,0,0,false
,3,2298.48,0,2298.48,2298.09,2298.87,2298.09,1714567860000,3,,0,,0,0,0,0,0,false
,2,2298.555,0,2298.46,2298.65,2298.65,2298.46,1714567920000,2,,0,,0,0,0,0,0,false
,3,2298.9,0,2298.26,2299.57,2299.57,2298.26,1714567980000,3,,0,,0,0,0,0,0,false
,3,2299.2633,0,2299.69,2299.23,2299.69,2298.87,1714568040000,3,,0,,0,0,0,0,0,false
,2,2298.745,0,2298.84,2298.65,2298.84,2298.65,1714568100000,2,,0,,0,0,0,0,0,false
,3,2298.7833,0,2298.65,2298.86,2298.86,2298.65,1714568160000,3,,0,,0,0,0,0,0,false
,2,2298.35,0,2298.21,2298.49,2298.49,2298.21,1714568220000,2,,0,,0,0,0,0,0,false
,3,2298.44,0,2298.86,2298.25,2298.86,2298.21,1714568280000,3,,0,,0,0,0,0,0,false
,3,2298.2133,0,2298.18,2298.25,2298.25,2298.18,1714568340000,3,,0,,0,0,0,0,0,false
,2,2298.27,0,2298.18,2298.36,2298.36,2298.18,1714568400000,2,,0,,0,0,0,0,0,false
,3,2297.7867,0,2297.48,2297.7,2298.18,2297.48,1714568460000,3,,0,,0,0,0,0,0,false
,2,2297.895,0,2297.73,2298.06,2298.06,2297.73,1714568520000,2,,0,,0,0,0,0,0,false
,3,2297.76,0,2297.71,2297.84,2297.84,2297.71,1714568580000,3,,0,,0,0,0,0,0,false
,3,2297.6633,0,2297.93,2297.33,2297.93,2297.33,1714568640000,3,,0,,0,0,0,0,0,false
,2,2296.905,0,2296.97,2296.84,2296.97,2296.84,1714568700000,2,,0,,0,0,0,0,0,false
,3,2296.4667,0,2296.22,2295.9,2297.28,2295.9,1714568760000,3,,0,,0,0,0,0,0,false
,2,2297.08,0,2297.09,2297.07,2297.09,2297.07,1714568820000,2,,0,,0,0,0,0,0,false
,3,2296.3867,0,2295.9,2296.1,2297.16,2295.9,1714568880000,3,,0,,0,0,0,0,0,false
,3,2296.4533,0,2295.94,2296.1,2297.32,2295.94,1714568940000,3,,0,,0,0,0,0,0,false
,2,2295.82,0,2295.35,2296.29,2296.29,2295.35,1714569000000,2,,0,,0,0,0,0,0,false
,2,2295.965,0,2296,2295.93,2296,2295.93,1714569060000,2,,0,,0,0,0,0,0,false
,2,2295.69,0,2295.86,2295.52,2295.86,2295.52,1714569120000,2,,0,,0,0,0,0,0,false
,3,2295.7133,0,2295.93,2295.65,2295.93,2295.56,1714569180000,3,,0,,0,0,0,0,0,false
,2,2295.77,0,2295.96,2295.58,2295.96,2295.58,1714569240000,2,,0,,0,0,0,0,0,false
,3,2296.2133,0,2296.14,2296.3,2296.3,2296.14,1714569300000,3,,0,,0,0,0,0,0,false
,4,2295.6725,0,2295.8,2295.99,2296.2,2294.7,1714569360000,4,,0,,0,0,0,0,0,false
,1,2296.22,0,2296.22,2296.22,2296.22,2296.22,1714569420000,1,,0,,0,0,0,0,0,false
,3,2296.1133,0,2296.23,2296.12,2296.23,2295.99,1714569480000,3,,0,,0,0,0,0,0,false
,3,2297.0433,0,2297.15,2296.12,2297.86,2296.12,1714569540000,3,,0,,0,0,0,0,0,false
,2,2298.37,0,2298.14,2298.6,2298.6,2298.14,1714569600000,2,,0,,0,0,0,0,0,false
,3,2298.5567,0,2299.35,2296.81,2299.51,2296.81,1714569660000,3,,0,,0,0,0,0,0,false
,2,2299.535,0,2299.3,2299.77,2299.77,2299.3,1714569720000,2,,0,,0,0,0,0,0,false
,3,2299.5333,0,2299.35,2300.08,2300.08,2299.17,1714569780000,3,,0,,0,0,0,0,0,false
,3,2299.5067,0,2300.3,2298.71,2300.3,2298.71,1714569840000,3,,0,,0,0,0,0,0,false
,2,2299.995,0,2299.32,2300.67,2300.67,2299.32,1714569900000,2,,0,,0,0,0,0,0,false
,3,2300.4467,0,2300.51,2299.76,2301.07,2299.76,1714569960000,3,,0,,0,0,0,0,0,false
,2,2301.53,0,2301.18,2301.88,2301.88,2301.18,1714570020000,2,,0,,0,0,0,0,0,false
,3,2301.01,0,2300.96,2300.89,2301.18,2300.89,1714570080000,3,,0,,0,0,0,0,0,false
,3,2300.36,0,2300.5,2300.89,2300.89,2299.69,1714570140000,3,,0,,0,0,0,0,0,false
,2,2301.27,0,2300.99,2301.55,2301.55,2300.99,1714570200000,2,,0,,0,0,0,0,0,false
,2,2301.255,0,2301.58,2300.93,2301.58,2300.93,1714570260000,2,,0,,0,0,0,0,0,false
,2,2301.9,0,2301.25,2302.55,2302.55,2301.25,1714570320000,2,,0,,0,0,0,0,0,false
,3,2301.92,0,2302.39,2302.12,2302.39,2301.25,1714570380000,3,,0,,0,0,0,0,0,false
,2,2301.85,0,2302.29,2301.41,2302.29,2301.41,1714570440000,2,,0,,0,0,0,0,0,false
,3,2301.0633,0,2300.27,2300.63,2302.29,2300.27,1714570500000,3,,0,,0,0,0,0,0,false
,3,2300.53,0,2300.69,2300.63,2300.69,2300.27,1714570560000,3,,0,,0,0,0,0,0,false
,2,2300.435,0,2300.36,2300.51,2300.51,2300.36,1714570620000,2,,0,,0,0,0,0,0,false
,3,2299.9933,0,2300.02,2299.6,2300.36,2299.6,1714570680000,3,,0,,0,0,0,0,0,false
,2,2300.825,0,2300.57,2301.08,2301.08,2300.57,1714570740000,2,,0,,0,0,0,0,0,false
,3,2300.5867,0,2301.59,2299.88,2301.59,2299.88,1714570800000,3,,0,,0,0,0,0,0,false
,3,2300.1367,0,2299.91,2300.01,2300.49,2299.91,1714570860000,3,,0,,0,0,0,0,0,false
,2,2301.2,0,2301.02,2301.38,2301.38,2301.02,1714570920000,2,,0,,0,0,0,0,0,false
,2,2301.8,0,2301.85,2301.75,2301.85,2301.75,1714570980000,2,,0,,0,0,0,0,0,false
,2,2302.66,0,2302.55,2302.77,2302.77,2302.55,1714571040000,2,,0,,0,0,0,0,0,false
,3,2302.0033,0,2301.93,2301.97,2302.11,2301.93,1714571100000,3,,0,,0,0,0,0,0,false
,3,2301.7033,0,2301.61,2301.97,2301.97,2301.53,1714571160000,3,,0,,0,0,0,0,0,false
,2,2300.985,0,2300.88,2301.09,2301.09,2300.88,1714571220000,2,,0,,0,0,0,0,0,false
,3,2300.73,0,2300.72,2299.95,2301.52,2299.95,1714571280000,3,,0,,0,0,0,0,0,false
,2,2300.275,0,2300.36,2300.19,2300.36,2300.19,1714571340000,2,,0,,0,0,0,0,0,false
,3,2301.0233,0,2301,2301.71,2301.71,2300.36,1714571400000,3,,0,,0,0,0,0,0,false
,3,2300.62,0,2300.84,2301,2301,2300.02,1714571460000,3,,0,,0,0,0,0,0,false
,3,2300.1467,0,2300.42,2300.62,2300.62,2299.4,1714571520000,3,,0,,0,0,0,0,0,false
,3,2300.4867,0,2300.46,2300.58,2300.58,2300.42,1714571580000,3,,0,,0,0,0,0,0,false
,2,2301.65,0,2301.49,2301.81,2301.81,2301.49,1714571640000,2,,0,,0,0,0,0,0,false
,3,2301.3833,0,2301.69,2301.58,2301.69,2300.88,1714571700000,3,,0,,0,0,0,0,0,false
,3,2301.7267,0,2302.09,2301.34,2302.09,2301.34,1714571760000,3,,0,,0,0,0,0,0,false
,2,2302.395,0,2301.85,2302.94,2302.94,2301.85,1714571820000,2,,0,,0,0,0,0,0,false
,3,2302.4033,0,2303.03,2302.33,2303.03,2301.85,1714571880000,3,,0,,0,0,0,0,0,false
,2,2302.545,0,2302.63,2302.46,2302.63,2302.46,1714571940000,2,,0,,0,0,0,0,0,false
,3,2303.5833,0,2305,2303.12,2305,2302.63,1714572000000,3,,0,,0,0,0,0,0,false
,3,2303.66,0,2303.89,2303.15,2303.94,2303.15,1714572060000,3,,0,,0,0,0,0,0,false
,2,2303.515,0,2302.92,2304.11,2304.11,2302.92,1714572120000,2,,0,,0,0,0,0,0,false
,3,2304.05,0,2304.21,2305.02,2305.02,2302.92,1714572180000,3,,0,,0,0,0,0,0,false
,2,2305.125,0,2305.93,2304.32,2305.93,2304.32,1714572240000,2,,0,,0,0,0,0,0,false
,3,2304.44,0,2304.1,2306.01,2306.01,2303.21,1714572300000,3,,0,,0,0,0,0,0,false
,3,2307.3467,0,2308,2305.92,2308.12,2305.92,1714572360000,3,,0,,0,0,0,0,0,false
,2,2307.45,0,2306.96,2307.94,2307.94,2306.96,1714572420000,2,,0,,0,0,0,0,0,false
,2,2308.99,0,2309.33,2308.65,2309.33,2308.65,1714572480000,2,,0,,0,0,0,0,0,false
,2,2307.135,0,2307.53,2306.74,2307.53,2306.74,1714572540000,2,,0,,0,0,0,0,0,false
,4,2306.9275,0,2307.11,2305.91,2308.39,2305.91,1714572600000,4,,0,,0,0,0,0,0,false
,3,2306.9433,0,2306.94,2307.1,2307.1,2306.79,1714572660000,3,,0,,0,0,0,0,0,false
,2,2307.125,0,2307.02,2307.23,2307.23,2307.02,1714572720000,2,,0,,0,0,0,0,0,false
,3,2307.74,0,2308.26,2307.94,2308.26,2307.02,1714572780000,3,,0,,0,0,0,0,0,false
,2,2309.04,0,2308.28,2309.8,2309.8,2308.28,1714572840000,2,,0,,0,0,0,0,0,false
,3,2308.8767,0,2309.48,2309.07,2309.48,2308.08,1714572900000,3,,0,,0,0,0,0,0,false
,3,2308.1,0,2307.76,2309.07,2309.07,2307.47,1714572960000,3,,0,,0,0,0,0,0,false
,2,2306.795,0,2307.01,2306.58,2307.01,2306.58,1714573020000,2,,0,,0,0,0,0,0,false
,3,2306.9633,0,2306.48,2306.95,2307.46,2306.48,1714573080000,3,,0,,0,0,0,0,0,false
,2,2306.45,0,2306.75,2306.15,2306.75,2306.15,1714573140000,2,,0,,0,0,0,0,0,false
,3,2306.1833,0,2306.02,2305.88,2306.65,2305.88,1714573200000,3,,0,,0,0,0,0,0,false
,4,2306.0925,0,2307.04,2305.88,2307.04,2305.45,1714573260000,4,,0,,0,0,0,0,0,false
,2,2306.76,0,2306.55,2306.97,2306.97,2306.55,1714573320000,2,,0,,0,0,0,0,0,false
,3,2305.96,0,2306.25,2305.62,2306.25,2305.62,1714573380000,3,,0,,0,0,0,0,0,false
,2,2304.35,0,2304.68,2304.02,2304.68,2304.02,1714573440000,2,,0,,0,0,0,0,0,false
,3,2304.3867,0,2303.97,2304.49,2304.7,2303.97,1714573500000,3,,0,,0,0,0,0,0,false
,3,2304.6333,0,2304.53,2303.98,2305.39,2303.98,1714573560000,3,,0,,0,0,0,0,0,false
,2,2305.2,0,2305.68,2304.72,2305.68,2304.72,1714573620000,2,,0,,0,0,0,0,0,false
,3,2304.5867,0,2304.89,2304.97,2304.97,2303.9,1714573680000,3,,0,,0,0,0,0,0,false
,2,2305.375,0,2304.95,2305.8,2305.8,2304.95,1714573740000,2,,0,,0,0,0,0,0,false
,3,2305.07,0,2306.06,2304.2,2306.06,2304.2,1714573800000,3,,0,,0,0,0,0,0,false
,3,2304.67,0,2304.83,2304.19,2304.99,2304.19,1714573860000,3,,0,,0,0,0,0,0,false
,2,2304.245,0,2305.05,2303.44,2305.05,2303.44,1714573920000,2,,0,,0,0,0,0,0,false
,3,2303.9433,0,2303.3,2305.05,2305.05,2303.3,1714573980000,3,,0,,0,0,0,0,0,false
,2,2302.05,0,2302.38,2301.72,2302.38,2301.72,1714574040000,2,,0,,0,0,0,0,0,false
,3,2302.2067,0,2301.89,2302.19,2302.54,2301.89,1714574100000,3,,0,,0,0,0,0,0,false
,3,2302.4833,0,2302.47,2302.02,2302.96,2302.02,1714574160000,3,,0,,0,0,0,0,0,false
,2,2302.455,0,2302.79,2302.12,2302.79,2302.12,1714574220000,2,,0,,0,0,0,0,0,false
,3,2302.2633,0,2301.74,2302.78,2302.78,2301.74,1714574280000,3,,0,,0,0,0,0,0,false
,2,2302.51,0,2302.76,2302.26,2302.76,2302.26,1714574340000,2,,0,,0,0,0,0,0,false
,3,2302.02,0,2301.76,2301.43,2302.87,2301.43,1714574400000,3,,0,,0,0,0,0,0,false
,3,2300.6033,0,2300.55,2301.43,2301.43,2299.83,1714574460000,3,,0,,0,0,0,0,0,false
,2,2300.64,0,2300.26,2301.02,2301.02,2300.26,1714574520000,2,,0,,0,0,0,0,0,false
,3,2300.53,0,2301,2299.71,2301,2299.71,1714574580000,3,,0,,0,0,0,0,0,false
,2,2300.7,0,2301.08,2300.32,2301.08,2300.32,1714574640000,2,,0,,0,0,0,0,0,false
,3,2299.6767,0,2299.91,2299.11,2300.01,2299.11,1714574700000,3,,0,,0,0,0,0,0,false
,3,2298.68,0,2298.36,2299.9,2299.9,2297.78,1714574760000,3,,0,,0,0,0,0,0,false
,2,2299.07,0,2299,2299.14,2299.14,2299,1714574820000,2,,0,,0,0,0,0,0,false
,3,2298.9867,0,2298.74,2299.14,2299.14,2298.74,1714574880000,3,,0,,0,0,0,0,0,false
,2,2299.655,0,2299.32,2299.99,2299.99,2299.32,1714574940000,2,,0,,0,0,0,0,0,false
,3,2300.0733,0,2300.34,2300.56,2300.56,2299.32,1714575000000,3,,0,,0,0,0,0,0,false
,3,2300.15,0,2300.31,2299.82,2300.32,2299.82,1714575060000,3,,0,,0,0,0,0,0,false
,3,2299.7033,0,2300.09,2299.82,2300.09,2299.2,1714575120000,3,,0,,0,0,0,0,0,false
,3,2299.9867,0,2299.72,2299.82,2300.42,2299.72,1714575180000,3,,0,,0,0,0,0,0,false
,2,2300.87,0,2300.87,2300.87,2300.87,2300.87,1714575240000,2,,0,,0,0,0,0,0,false
,3,2301.2533,0,2301.45,2302.5,2302.5,2299.81,1714575300000,3,,0,,0,0,0,0,0,false
,2,2302.375,0,2301.95,2302.8,2302.8,2301.95,1714575360000,2,,0,,0,0,0,0,0,false
,2,2303.31,0,2303.47,2303.15,2303.47,2303.15,1714575420000,2,,0,,0,0,0,0,0,false
,3,2303.8567,0,2304.32,2303.15,2304.32,2303.15,1714575480000,3,,0,,0,0,0,0,0,false
,3,2303.6567,0,2303.81,2304.26,2304.26,2302.9,1714575540000,3,,0,,0,0,0,0,0,false
,3,2304.52,0,2304.63,2305.12,2305.12,2303.81,1714575600000,3,,0,,0,0,0,0,0,false
,2,2304.475,0,2304.62,2304.33,2304.62,2304.33,1714575660000,2,,0,,0,0,0,0,0,false
,2,2304.15,0,2304.49,2303.81,2304.49,2303.81,1714575720000,2,,0,,0,0,0,0,0,false
,3,2304.0467,0,2304.2,2303.81,2304.2,2303.81,1714575780000,3,,0,,0,0,0,0,0,false
,2,2303.755,0,2303.6,2303.91,2303.91,2303.6,1714575840000,2,,0,,0,0,0,0,0,false
,4,2303.9575,0,2304.26,2304.77,2304.77,2303.2,1714575900000,4,,0,,0,0,0,0,0,false
,3,2304.46,0,2304.75,2304.62,2304.75,2304.01,1714575960000,3,,0,,0,0,0,0,0,false
,2,2304.545,0,2304.21,2304.88,2304.88,2304.21,1714576020000,2,,0,,0,0,0,0,0,false
,3,2304.9767,0,2305.59,2304.04,2305.59,2304.04,1714576080000,3,,0,,0,0,0,0,0,false
,2,2305.075,0,2304.9,2305.25,2305.25,2304.9,1714576140000,2,,0,,0,0,0,0,0,false
,3,2304.9,0,2305.04,2304.76,2305.04,2304.76,1714576200000,3,,0,,0,0,0,0,0,false
,3,2304.4767,0,2304.2,2304.76,2304.76,2304.2,1714576260000,3,,0,,0,0,0,0,0,false
,2,2304.685,0,2304.37,2305,2305,2304.37,1714576320000,2,,0,,0,0,0,0,0,false
,3,2304.8867,0,2305.25,2304.38,2305.25,2304.38,1714576380000,3,,0,,0,0,0,0,0,false
,2,2304.43,0,2304.84,2304.02,2304.84,2304.02,1714576440000,2,,0,,0,0,0,0,0,false
,3,2305.26,0,2305.07,2305.87,2305.87,2304.84,1714576500000,3,,0,,0,0,0,0,0,false
,2,2305.59,0,2305.4,2305.78,2305.78,2305.4,1714576560000,2,,0,,0,0,0,0,0,false
,2,2304.505,0,2304.9,2304.11,2304.9,2304.11,1714576620000,2,,0,,0,0,0,0,0,false
,3,2303.9867,0,2304.06,2304.71,2304.71,2303.19,1714576680000,3,,0,,0,0,0,0,0,false
,2,2303.96,0,2303.9,2304.02,2304.02,2303.9,1714576740000,2,,0,,0,0,0,0,0,false
,3,2303.63,0,2304.01,2302.98,2304.01,2302.98,1714576800000,3,,0,,0,0,0,0,0,false
,2,2302.915,0,2303,2302.83,2303,2302.83,1714576860000,2,,0,,0,0,0,0,0,false
,3,2303.78,0,2304,2303.91,2304,2303.43,1714576920000,3,,0,,0,0,0,0,0,false
,3,2304.18,0,2304.11,2303.91,2304.52,2303.91,1714576980000,3,,0,,0,0,0,0,0,false
,2,2305.065,0,2304.91,2305.22,2305.22,2304.91,1714577040000,2,,0,,0,0,0,0,0,false
,3,2305.1533,0,2305.81,2305.37,2305.81,2304.28,1714577100000,3,,0,,0,0,0,0,0,false
,2,2305.39,0,2305.51,2305.27,2305.51,2305.27,1714577160000,2,,0,,0,0,0,0,0,false
,4,2305.65,0,2305.37,2306.34,2306.34,2305,1714577220000,4,,0,,0,0,0,0,0,false
,2,2307.075,0,2306.85,2307.3,2307.3,2306.85,1714577280000,2,,0,,0,0,0,0,0,false
,2,2308.265,0,2307.82,2308.71,2308.71,2307.82,1714577340000,2,,0,,0,0,0,0,0,false
,3,2308.4533,0,2308.97,2308.49,2308.97,2307.9,1714577400000,3,,0,,0,0,0,0,0,false
,2,2307.695,0,2308,2307.39,2308,2307.39,1714577460000,2,,0,,0,0,0,0,0,false
,3,2308.23,0,2308.49,2308.43,2308.49,2307.77,1714577520000,3,,0,,0,0,0,0,0,false
,3,2308.5167,0,2308.91,2307.46,2309.18,2307.46,1714577580000,3,,0,,0,0,0,0,0,false
,2,2309.505,0,2309.36,2309.65,2309.65,2309.36,1714577640000,2,,0,,0,0,0,0,0,false
,3,2309.3533,0,2310.25,2309.8,2310.25,2308.01,1714577700000,3,,0,,0,0,0,0,0,false
,2,2308.515,0,2308.62,2308.41,2308.62,2308.41,1714577760000,2,,0,,0,0,0,0,0,false
,3,2308.43,0,2308.63,2308.04,2308.63,2308.04,1714577820000,3,,0,,0,0,0,0,0,false
,3,2308.2633,0,2308.2,2308.62,2308.62,2307.97,1714577880000,3,,0,,0,0,0,0,0,false
,2,2307.715,0,2307.76,2307.67,2307.76,2307.67,1714577940000,2,,0,,0,0,0,0,0,false
,3,2307.8767,0,2307.9,2307.97,2307.97,2307.76,1714578000000,3,,0,,0,0,0,0,0,false
,2,2307.55,0,2307.49,2307.61,2307.61,2307.49,1714578060000,2,,0,,0,0,0,0,0,false
,3,2307.9067,0,2308.32,2307.75,2308.32,2307.65,1714578120000,3,,0,,0,0,0,0,0,false
,3,2307.97,0,2307.93,2307.75,2308.23,2307.75,1714578180000,3,,0,,0,0,0,0,0,false
,2,2307.35,0,2307.26,2307.44,2307.44,2307.26,1714578240000,2,,0,,0,0,0,0,0,false
,3,2307.7533,0,2307.62,2307.73,2307.91,2307.62,1714578300000,3,,0,,0,0,0,0,0,false
,2,2307.88,0,2307.63,2308.13,2308.13,2307.63,1714578360000,2,,0,,0,0,0,0,0,false
,3,2307.8433,0,2308.17,2307.73,2308.17,2307.63,1714578420000,3,,0,,0,0,0,0,0,false
,3,2307.3033,0,2307.25,2307.73,2307.73,2306.93,1714578480000,3,,0,,0,0,0,0,0,false
,2,2306.525,0,2306.68,2306.37,2306.68,2306.37,1714578540000,2,,0,,0,0,0,0,0,false
,3,2306.4667,0,2306.27,2306.45,2306.68,2306.27,1714578600000,3,,0,,0,0,0,0,0,false
,2,2306.37,0,2306.48,2306.26,2306.48,2306.26,1714578660000,2,,0,,0,0,0,0,0,false
,3,2306.25,0,2305.97,2306.3,2306.48,2305.97,1714578720000,3,,0,,0,0,0,0,0,false
,3,2306.25,0,2306.26,2306.27,2306.27,2306.22,1714578780000,3,,0,,0,0,0,0,0,false
,2,2306.8,0,2307.13,2306.47,2307.13,2306.47,1714578840000,2,,0,,0,0,0,0,0,false
,3,2306.31,0,2305.96,2306.45,2306.52,2305.96,1714578900000,3,,0,,0,0,0,0,0,false
,2,2306.845,0,2306.73,2306.96,2306.96,2306.73,1714578960000,2,,0,,0,0,0,0,0,false
,3,2306.2467,0,2306.52,2306.23,2306.52,2305.99,1714579020000,3,,0,,0,0,0,0,0,false
,3,2306.5033,0,2306.67,2306.23,2306.67,2306.23,1714579080000,3,,0,,0,0,0,0,0,false
,2,2306.875,0,2306.77,2306.98,2306.98,2306.77,1714579140000,2,,0,,0,0,0,0,0,false
,3,2306.6267,0,2307.17,2305.94,2307.17,2305.94,1714579200000,3,,0,,0,0,0,0,0,false
,3,2305.2667,0,2305.59,2305.41,2305.59,2304.8,1714579260000,3,,0,,0,0,0,0,0,false
,3,2305.8533,0,2305.59,2305.51,2306.46,2305.51,1714579320000,3,,0,,0,0,0,0,0,false
,3,2305.5567,0,2305.8,2305.51,2305.8,2305.36,1714579380000,3,,0,,0,0,0,0,0,false
,2,2304.98,0,2304.95,2305.01,2305.01,2304.95,1714579440000,2,,0,,0,0,0,0,0,false
,3,2304.9433,0,2304.87,2304.99,2304.99,2304.87,1714579500000,3,,0,,0,0,0,0,0,false
,3,2304.58,0,2304.88,2304.86,2304.88,2304,1714579560000,3,,0,,0,0,0,0,0,false
,3,2304.6667,0,2304.49,2304.63,2304.88,2304.49,1714579620000,3,,0,,0,0,0,0,0,false
,3,2304.58,0,2304.63,2304.63,2304.63,2304.48,1714579680000,3,,0,,0,0,0,0,0,false
,2,2304.345,0,2304.32,2304.37,2304.37,2304.32,1714579740000,2,,0,,0,0,0,0,0,false
,3,2304.3133,0,2304.35,2304.27,2304.35,2304.27,1714579800000,3,,0,,0,0,0,0,0,false
,2,2304.445,0,2304.58,2304.31,2304.58,2304.31,1714579860000,2,,0,,0,0,0,0,0,false
,3,2303.8167,0,2303.63,2303.25,2304.57,2303.25,1714579920000,3,,0,,0,0,0,0,0,false
,3,2303.8733,0,2304.13,2303.66,2304.13,2303.66,1714579980000,3,,0,,0,0,0,0,0,false
,2,2303.885,0,2303.54,2304.23,2304.23,2303.54,1714580040000,2,,0,,0,0,0,0,0,false
,3,2304.0433,0,2304.42,2304.17,2304.42,2303.54,1714580100000,3,,0,,0,0,0,0,0,false
,2,2303.22,0,2303.41,2303.03,2303.41,2303.03,1714580160000,2,,0,,0,0,0,0,0,false
,3,2303.76,0,2303.75,2304.12,2304.12,2303.41,1714580220000,3,,0,,0,0,0,0,0,false
,3,2304.1033,0,2304,2304.12,2304.19,2304,1714580280000,3,,0,,0,0,0,0,0,false
,2,2303.71,0,2303.6,2303.82,2303.82,2303.6,1714580340000,2,,0,,0,0,0,0,0,false
,3,2303.1233,0,2303.33,2302.23,2303.81,2302.23,1714580400000,3,,0,,0,0,0,0,0,false
,2,2302.195,0,2302.05,2302.34,2302.34,2302.05,1714580460000,2,,0,,0,0,0,0,0,false
,3,2302.5333,0,2302.54,2303.01,2303.01,2302.05,1714580520000,3,,0,,0,0,0,0,0,false
,3,2302.78,0,2302.9,2302.55,2302.9,2302.55,1714580580000,3,,0,,0,0,0,0,0,false
,2,2302.77,0,2302.94,2302.6,2302.94,2302.6,1714580640000,2,,0,,0,0,0,0,0,false
,3,2302.97,0,2302.99,2302.98,2302.99,2302.94,1714580700000,3,,0,,0,0,0,0,0,false
,2,2304.21,0,2304.14,2304.28,2304.28,2304.14,1714580760000,2,,0,,0,0,0,0,0,false
,3,2304.1733,0,2304.7,2304.4,2304.7,2303.42,1714580820000,3,,0,,0,0,0,0,0,false
,3,2304.4733,0,2304.71,2304.4,2304.71,2304.31,1714580880000,3,,0,,0,0,0,0,0,false
,2,2305.125,0,2304.79,2305.46,2305.46,2304.79,1714580940000,2,,0,,0,0,0,0,0,false
,3,2305.3133,0,2305.55,2305.48,2305.55,2304.91,1714581000000,3,,0,,0,0,0,0,0,false
,2,2306.35,0,2306.13,2306.57,2306.57,2306.13,1714581060000,2,,0,,0,0,0,0,0,false
,3,2306.15,0,2306.49,2306.12,2306.49,2305.84,1714581120000,3,,0,,0,0,0,0,0,false
,3,2305.9633,0,2306.04,2306.12,2306.12,2305.73,1714581180000,3,,0,,0,0,0,0,0,false
,2,2305.555,0,2305.68,2305.43,2305.68,2305.43,1714581240000,2,,0,,0,0,0,0,0,false
,3,2305.5933,0,2305.2,2305.9,2305.9,2305.2,1714581300000,3,,0,,0,0,0,0,0,false
,2,2305.55,0,2305.73,2305.37,2305.73,2305.37,1714581360000,2,,0,,0,0,0,0,0,false
,3,2305.0167,0,2305,2304.82,2305.23,2304.82,1714581420000,3,,0,,0,0,0,0,0,false
,3,2304.7067,0,2304.73,2304.82,2304.82,2304.57,1714581480000,3,,0,,0,0,0,0,0,false
,2,2304.365,0,2304.49,2304.24,2304.49,2304.24,1714581540000,2,,0,,0,0,0,0,0,false
,3,2304.42,0,2304.31,2304.71,2304.71,2304.24,1714581600000,3,,0,,0,0,0,0,0,false
,2,2305.05,0,2304.95,2305.15,2305.15,2304.95,1714581660000,2,,0,,0,0,0,0,0,false
,3,2304.7333,0,2305.01,2304.85,2305.01,2304.34,1714581720000,3,,0,,0,0,0,0,0,false
,3,2304.6467,0,2304.49,2304.85,2304.85,2304.49,1714581780000,3,,0,,0,0,0,0,0,false
,2,2304.52,0,2304.66,2304.38,2304.66,2304.38,1714581840000,2,,0,,0,0,0,0,0,false
,3,2304.0467,0,2303.95,2304.38,2304.38,2303.81,1714581900000,3,,0,,0,0,0,0,0,false
,2,2303.81,0,2303.77,2303.85,2303.85,2303.77,1714581960000,2,,0,,0,0,0,0,0,false
,3,2303.6367,0,2303.76,2303.38,2303.77,2303.38,1714582020000,3,,0,,0,0,0,0,0,false
,3,2303.77,0,2303.67,2303.75,2303.89,2303.67,1714582080000,3,,0,,0,0,0,0,0,false
,2,2304.25,0,2304.13,2304.37,2304.37,2304.13,1714582140000,2,,0,,0,0,0,0,0,false
,3,2304.31,0,2304.13,2304.37,2304.43,2304.13,1714582200000,3,,0,,0,0,0,0,0,false
,2,2305.04,0,2304.87,2305.21,2305.21,2304.87,1714582260000,2,,0,,0,0,0,0,0,false
,3,2305.25,0,2305.38,2305.64,2305.64,2304.73,1714582320000,3,,0,,0,0,0,0,0,false
,3,2305.8767,0,2305.89,2305.75,2305.99,2305.75,1714582380000,3,,0,,0,0,0,0,0,false
,2,2306.65,0,2306.53,2306.77,2306.77,2306.53,1714582440000,2,,0,,0,0,0,0,0,false
,3,2306.7267,0,2306.71,2306.77,2306.77,2306.7,1714582500000,3,,0,,0,0,0,0,0,false
,2,2305.57,0,2305.96,2305.18,2305.96,2305.18,1714582560000,2,,0,,0,0,0,0,0,false
,3,2305.1033,0,2304.67,2304.32,2306.32,2304.32,1714582620000,3,,0,,0,0,0,0,0,false
,2,2304.535,0,2304.08,2304.99,2304.99,2304.08,1714582680000,2,,0,,0,0,0,0,0,false
,2,2303.715,0,2303.86,2303.57,2303.86,2303.57,1714582740000,2,,0,,0,0,0,0,0,false
,3,2303.57,0,2303.73,2303.57,2303.73,2303.41,1714582800000,3,,0,,0,0,0,0,0,false
,2,2302.895,0,2303.21,2302.58,2303.21,2302.58,1714582860000,2,,0,,0,0,0,0,0,false
,3,2302.86,0,2302.55,2302.62,2303.41,2302.55,1714582920000,3,,0,,0,0,0,0,0,false
,2,2302.675,0,2302.55,2302.8,2302.8,2302.55,1714582980000,2,,0,,0,0,0,0,0,false
,3,2302.3367,0,2302.62,2302.19,2302.62,2302.19,1714583040000,3,,0,,0,0,0,0,0,false
,3,2302.2933,0,2302.32,2302.19,2302.37,2302.19,1714583100000,3,,0,,0,0,0,0,0,false
,2,2302.305,0,2302.29,2302.32,2302.32,2302.29,1714583160000,2,,0,,0,0,0,0,0,false
,3,2302.92,0,2303.13,2303.34,2303.34,2302.29,1714583220000,3,,0,,0,0,0,0,0,false
,2,2304.195,0,2303.89,2304.5,2304.5,2303.89,1714583280000,2,,0,,0,0,0,0,0,false
,3,2304,0,2302.95,2304.39,2304.66,2302.95,1714583340000,3,,0,,0,0,0,0,0,false
,3,2304.34,0,2304.72,2303.62,2304.72,2303.62,1714583400000,3,,0,,0,0,0,0,0,false
,2,2304.62,0,2304.6,2304.64,2304.64,2304.6,1714583460000,2,,0,,0,0,0,0,0,false
,3,2303.82,0,2303.89,2304.06,2304.06,2303.51,1714583520000,3,,0,,0,0,0,0,0,false
,2,2304.09,0,2304.09,2304.09,2304.09,2304.09,1714583580000,2,,0,,0,0,0,0,0,false
,3,2303.8967,0,2304.06,2303.96,2304.06,2303.67,1714583640000,3,,0,,0,0,0,0,0,false
,3,2303.53,0,2303.29,2303.96,2303.96,2303.29,1714583700000,3,,0,,0,0,0,0,0,false
,2,2303.08,0,2302.76,2303.4,2303.4,2302.76,1714583760000,2,,0,,0,0,0,0,0,false
,3,2303.6433,0,2303.73,2304.18,2304.18,2303.02,1714583820000,3,,0,,0,0,0,0,0,false
,2,2304.125,0,2304.11,2304.14,2304.14,2304.11,1714583880000,2,,0,,0,0,0,0,0,false
,3,2303.8233,0,2304.04,2303.5,2304.04,2303.5,1714583940000,3,,0,,0,0,0,0,0,false
,3,2303.5633,0,2303.77,2303.5,2303.77,2303.42,1714584000000,3,,0,,0,0,0,0,0,false
,2,2302.865,0,2303.53,2302.2,2303.53,2302.2,1714584060000,2,,0,,0,0,0,0,0,false
,3,2302.81,0,2302.53,2302.37,2303.53,2302.37,1714584120000,3,,0,,0,0,0,0,0,false
,2,2302.265,0,2302.17,2302.36,2302.36,2302.17,1714584180000,2,,0,,0,0,0,0,0,false
,3,2301.8833,0,2302.37,2301.45,2302.37,2301.45,1714584240000,3,,0,,0,0,0,0,0,false
,3,2301.3133,0,2301.23,2301.29,2301.42,2301.23,1714584300000,3,,0,,0,0,0,0,0,false
,3,2301.32,0,2301.25,2302.31,2302.31,2300.4,1714584360000,3,,0,,0,0,0,0,0,false
,3,2301.9167,0,2302.11,2302.39,2302.39,2301.25,1714584420000,3,,0,,0,0,0,0,0,false
,2,2301.6,0,2301.93,2301.27,2301.93,2301.27,1714584480000,2,,0,,0,0,0,0,0,false
,3,2300.72,0,2301.75,2299.94,2301.75,2299.94,1714584540000,3,,0,,0,0,0,0,0,false
,2,2299.95,0,2300.13,2299.77,2300.13,2299.77,1714584600000,2,,0,,0,0,0,0,0,false
,2,2298.73,0,2298.78,2298.68,2298.78,2298.68,1714584660000,2,,0,,0,0,0,0,0,false
,3,2298.8467,0,2298.55,2298.6,2299.39,2298.55,1714584720000,3,,0,,0,0,0,0,0,false
,2,2299.05,0,2298.94,2299.16,2299.16,2298.94,1714584780000,2,,0,,0,0,0,0,0,false
,3,2299.38,0,2298.6,2300.13,2300.13,2298.6,1714584840000,3,,0,,0,0,0,0,0,false
,3,2300.0733,0,2300.33,2299.42,2300.47,2299.42,1714584900000,3,,0,,0,0,0,0,0,false
,2,2300.29,0,2300.28,2300.3,2300.3,2300.28,1714584960000,2,,0,,0,0,0,0,0,false
,4,2299.8525,0,2300.22,2300.02,2300.22,2299.2,1714585020000,4,,0,,0,0,0,0,0,false
,2,2300.035,0,2300.02,2300.05,2300.05,2300.02,1714585080000,2,,0,,0,0,0,0,0,false
,3,2300.61,0,2300.02,2301.04,2301.04,2300.02,1714585140000,3,,0,,0,0,0,0,0,false
,3,2300.41,0,2300.7,2300.68,2300.7,2299.85,1714585200000,3,,0,,0,0,0,0,0,false
,3,2299.42,0,2299.57,2300.09,2300.09,2298.6,1714585260000,3,,0,,0,0,0,0,0,false
,3,2299.73,0,2299.67,2299.95,2299.95,2299.57,1714585320000,3,,0,,0,0,0,0,0,false
,2,2300.07,0,2300.05,2300.09,2300.09,2300.05,1714585380000,2,,0,,0,0,0,0,0,false
,3,2300.1033,0,2299.82,2300.44,2300.44,2299.82,1714585440000,3,,0,,0,0,0,0,0,false
,3,2300.2267,0,2300.24,2299.83,2300.61,2299.83,1714585500000,3,,0,,0,0,0,0,0,false
,2,2299.75,0,2300.07,2299.43,2300.07,2299.43,1714585560000,2,,0,,0,0,0,0,0,false
,3,2299.3767,0,2299.12,2298.94,2300.07,2298.94,1714585620000,3,,0,,0,0,0,0,0,false
,2,2298.685,0,2298.7,2298.67,2298.7,2298.67,1714585680000,2,,0,,0,0,0,0,0,false
,2,2298.515,0,2298.42,2298.61,2298.61,2298.42,1714585740000,2,,0,,0,0,0,0,0,false
,3,2298.7767,0,2298.86,2298.61,2298.86,2298.61,1714585800000,3,,0,,0,0,0,0,0,false
,2,2298.955,0,2298.83,2299.08,2299.08,2298.83,1714585860000,2,,0,,0,0,0,0,0,false
,3,2298.8267,0,2299.06,2298.59,2299.06,2298.59,1714585920000,3,,0,,0,0,0,0,0,false
,2,2298.93,0,2298.98,2298.88,2298.98,2298.88,1714585980000,2,,0,,0,0,0,0,0,false
,3,2299.0467,0,2299.31,2298.85,2299.31,2298.85,1714586040000,3,,0,,0,0,0,0,0,false
,3,2298.6967,0,2298.54,2298.85,2298.85,2298.54,1714586100000,3,,0,,0,0,0,0,0,false
,2,2297.98,0,2297.77,2298.19,2298.19,2297.77,1714586160000,2,,0,,0,0,0,0,0,false
,3,2298.15,0,2297.99,2298.1,2298.36,2297.99,1714586220000,3,,0,,0,0,0,0,0,false
,2,2298.855,0,2298.44,2299.27,2299.27,2298.44,1714586280000,2,,0,,0,0,0,0,0,false
,4,2298.775,0,2299.19,2299.21,2299.21,2298.3,1714586340000,4,,0,,0,0,0,0,0,false
,3,2299.8533,0,2300.76,2299.21,2300.76,2299.21,1714586400000,3,,0,,0,0,0,0,0,false
,2,2302.395,0,2301.68,2303.11,2303.11,2301.68,1714586460000,2,,0,,0,0,0,0,0,false
,4,2302.28,0,2302.4,2303.51,2303.51,2300.05,1714586520000,4,,0,,0,0,0,0,0,false
,2,2304.75,0,2305.05,2304.45,2305.05,2304.45,1714586580000,2,,0,,0,0,0,0,0,false
,4,2305.2625,0,2306.01,2305.92,2306.01,2303.82,1714586640000,4,,0,,0,0,0,0,0,false
,3,2305.1733,0,2306.08,2305.04,2306.08,2304.4,1714586700000,3,,0,,0,0,0,0,0,false
,2,2305.585,0,2305.33,2305.84,2305.84,2305.33,1714586760000,2,,0,,0,0,0,0,0,false
,3,2305.01,0,2304.85,2304.85,2305.33,2304.85,1714586820000,3,,0,,0,0,0,0,0,false
,2,2302.675,0,2301.87,2303.48,2303.48,2301.87,1714586880000,2,,0,,0,0,0,0,0,false
,3,2303.14,0,2302.96,2302.07,2304.39,2302.07,1714586940000,3,,0,,0,0,0,0,0,false
,3,2302.8367,0,2302.23,2302.95,2303.33,2302.23,1714587000000,3,,0,,0,0,0,0,0,false
,2,2302.84,0,2303.22,2302.46,2303.22,2302.46,1714587060000,2,,0,,0,0,0,0,0,false
,3,2303.4933,0,2303.43,2304.17,2304.17,2302.88,1714587120000,3,,0,,0,0,0,0,0,false
,2,2304.42,0,2304.6,2304.24,2304.6,2304.24,1714587180000,2,,0,,0,0,0,0,0,false
,3,2303.4767,0,2303.77,2304.35,2304.35,2302.31,1714587240000,3,,0,,0,0,0,0,0,false
,3,2303.9067,0,2303.82,2303.78,2304.12,2303.78,1714587300000,3,,0,,0,0,0,0,0,false
,2,2303.675,0,2303.7,2303.65,2303.7,2303.65,1714587360000,2,,0,,0,0,0,0,0,false
,3,2303.88,0,2303.87,2304.07,2304.07,2303.7,1714587420000,3,,0,,0,0,0,0,0,false
,2,2303.7,0,2303.18,2304.22,2304.22,2303.18,1714587480000,2,,0,,0,0,0,0,0,false
,3,2304.8333,0,2304.82,2305.95,2305.95,2303.73,1714587540000,3,,0,,0,0,0,0,0,false
,2,2305.09,0,2304.88,2305.3,2305.3,2304.88,1714587600000,2,,0,,0,0,0,0,0,false
,2,2305.75,0,2305.63,2305.87,2305.87,2305.63,1714587660000,2,,0,,0,0,0,0,0,false
,3,2305.3,0,2305.74,2304.53,2305.74,2304.53,1714587720000,3,,0,,0,0,0,0,0,false
,2,2305.46,0,2305.02,2305.9,2305.9,2305.02,1714587780000,2,,0,,0,0,0,0,0,false
,3,2306.7467,0,2308.07,2307.15,2308.07,2305.02,1714587840000,3,,0,,0,0,0,0,0,false
,3,2306.5733,0,2307.04,2305.72,2307.04,2305.72,1714587900000,3,,0,,0,0,0,0,0,false
,2,2307.945,0,2307.59,2308.3,2308.3,2307.59,1714587960000,2,,0,,0,0,0,0,0,false
,3,2308.5367,0,2308.66,2309.39,2309.39,2307.56,1714588020000,3,,0,,0,0,0,0,0,false
,2,2309.19,0,2308.97,2309.41,2309.41,2308.97,1714588080000,2,,0,,0,0,0,0,0,false
,3,2311.35,0,2311.86,2313.22,2313.22,2308.97,1714588140000,3,,0,,0,0,0,0,0,false
,2,2312.44,0,2312.69,2312.19,2312.69,2312.19,1714588200000,2,,0,,0,0,0,0,0,false
,2,2310.87,0,2311.07,2310.67,2311.07,2310.67,1714588260000,2,,0,,0,0,0,0,0,false
,3,2309.51,0,2308.39,2309.07,2311.07,2308.39,1714588320000,3,,0,,0,0,0,0,0,false
,2,2309.48,0,2308.99,2309.97,2309.97,2308.99,1714588380000,2,,0,,0,0,0,0,0,false
,4,2312.1475,0,2313.37,2314.03,2314.03,2308.99,1714588440000,4,,0,,0,0,0,0,0,false
,3,2312.08,0,2314.41,2309.04,2314.41,2309.04,1714588500000,3,,0,,0,0,0,0,0,false
,2,2312.12,0,2311.97,2312.27,2312.27,2311.97,1714588560000,2,,0,,0,0,0,0,0,false
,2,2313.14,0,2313.26,2313.02,2313.26,2313.02,1714588620000,2,,0,,0,0,0,0,0,false
,3,2314.7367,0,2314.72,2316.39,2316.39,2313.1,1714588680000,3,,0,,0,0,0,0,0,false
,3,2316.1267,0,2317.96,2319.71,2319.71,2310.71,1714588740000,3,,0,,0,0,0,0,0,false
,2,2318.565,0,2318.28,2318.85,2318.85,2318.28,1714588800000,2,,0,,0,0,0,0,0,false
,2,2320.91,0,2321.13,2320.69,2321.13,2320.69,1714588860000,2,,0,,0,0,0,0,0,false
,3,2321.3867,0,2322.63,2321.27,2322.63,2320.26,1714588920000,3,,0,,0,0,0,0,0,false
,2,2322.97,0,2322.85,2323.09,2323.09,2322.85,1714588980000,2,,0,,0,0,0,0,0,false
,3,2322.7333,0,2323.19,2323.8,2323.8,2321.21,1714589040000,3,,0,,0,0,0,0,0,false
,3,2323.6967,0,2324.2,2323.14,2324.2,2323.14,1714589100000,3,,0,,0,0,0,0,0,false
,2,2323.12,0,2323.89,2322.35,2323.89,2322.35,1714589160000,2,,0,,0,0,0,0,0,false
,3,2322.4267,0,2321.85,2323.88,2323.88,2321.55,1714589220000,3,,0,,0,0,0,0,0,false
,2,2324.22,0,2323.43,2325.01,2325.01,2323.43,1714589280000,2,,0,,0,0,0,0,0,false
,3,2323.3633,0,2324.09,2324.99,2324.99,2321.01,1714589340000,3,,0,,0,0,0,0,0,false
,2,2325.84,0,2325.98,2325.7,2325.98,2325.7,1714589400000,2,,0,,0,0,0,0,0,false
,3,2325.7233,0,2323.04,2327.08,2327.08,2323.04,1714589460000,3,,0,,0,0,0,0,0,false
,3,2326.77,0,2326.94,2327.08,2327.08,2326.29,1714589520000,3,,0,,0,0,0,0,0,false
,2,2325.66,0,2325.39,2325.93,2325.93,2325.39,1714589580000,2,,0,,0,0,0,0,0,false
,3,2326.0833,0,2326.7,2326.16,2326.7,2325.39,1714589640000,3,,0,,0,0,0,0,0,false
,2,2326.94,0,2327.31,2326.57,2327.31,2326.57,1714589700000,2,,0,,0,0,0,0,0,false
,3,2325.6233,0,2326.16,2324.83,2326.16,2324.83,1714589760000,3,,0,,0,0,0,0,0,false
,3,2324.54,0,2323.76,2325.87,2325.87,2323.76,1714589820000,3,,0,,0,0,0,0,0,false
,2,2325.385,0,2325.13,2325.64,2325.64,2325.13,1714589880000,2,,0,,0,0,0,0,0,false
,2,2325.415,0,2325.99,2324.84,2325.99,2324.84,1714589940000,2,,0,,0,0,0,0,0,false
,2,2324.835,0,2324.51,2325.16,2325.16,2324.51,1714590000000,2,,0,,0,0,0,0,0,false
,2,2326.335,0,2326.28,2326.39,2326.39,2326.28,1714590060000,2,,0,,0,0,0,0,0,false
,2,2326.815,0,2326.83,2326.8,2326.83,2326.8,1714590120000,2,,0,,0,0,0,0,0,false
,2,2324.76,0,2324.98,2324.54,2324.98,2324.54,1714590180000,2,,0,,0,0,0,0,0,false
,3,2324.9267,0,2324.33,2324.27,2326.18,2324.27,1714590240000,3,,0,,0,0,0,0,0,false
,3,2323.32,0,2323.75,2323.31,2323.75,2322.9,1714590300000,3,,0,,0,0,0,0,0,false
,3,2323.52,0,2324.27,2323.38,2324.27,2322.91,1714590360000,3,,0,,0,0,0,0,0,false
,4,2321.7875,0,2316.7,2323.46,2323.91,2316.7,1714590420000,4,,0,,0,0,0,0,0,false
,2,2323.455,0,2323.49,2323.42,2323.49,2323.42,1714590480000,2,,0,,0,0,0,0,0,false
,3,2323.4967,0,2324.31,2322.69,2324.31,2322.69,1714590540000,3,,0,,0,0,0,0,0,false
,2,2321.43,0,2322.09,2320.77,2322.09,2320.77,1714590600000,2,,0,,0,0,0,0,0,false
,3,2320.5967,0,2323.09,2319.8,2323.09,2318.9,1714590660000,3,,0,,0,0,0,0,0,false
,2,2319.36,0,2319.29,2319.43,2319.43,2319.29,1714590720000,2,,0,,0,0,0,0,0,false
,2,2321.26,0,2321.08,2321.44,2321.44,2321.08,1714590780000,2,,0,,0,0,0,0,0,false
,3,2322.5167,0,2323.91,2323.29,2323.91,2320.35,1714590840000,3,,0,,0,0,0,0,0,false
,2,2323.09,0,2323.69,2322.49,2323.69,2322.49,1714590900000,2,,0,,0,0,0,0,0,false
,3,2322.9833,0,2323.29,2322.61,2323.29,2322.61,1714590960000,3,,0,,0,0,0,0,0,false
,3,2322.0633,0,2322.32,2322.61,2322.61,2321.26,1714591020000,3,,0,,0,0,0,0,0,false
,2,2319.925,0,2320.52,2319.33,2320.52,2319.33,1714591080000,2,,0,,0,0,0,0,0,false
,3,2320.05,0,2319.92,2318.98,2321.25,2318.98,1714591140000,3,,0,,0,0,0,0,0,false
,2,2315.66,0,2315.03,2316.29,2316.29,2315.03,1714591200000,2,,0,,0,0,0,0,0,false
,3,2317.5833,0,2319.91,2316.02,2319.91,2316.02,1714591260000,3,,0,,0,0,0,0,0,false
,3,2315.8933,0,2316.2,2316.02,2316.2,2315.46,1714591320000,3,,0,,0,0,0,0,0,false
,2,2317.88,0,2316.75,2319.01,2319.01,2316.75,1714591380000,2,,0,,0,0,0,0,0,false
,3,2318.34,0,2319.36,2320.45,2320.45,2315.21,1714591440000,3,,0,,0,0,0,0,0,false
,2,2320.415,0,2320.82,2320.01,2320.82,2320.01,1714591500000,2,,0,,0,0,0,0,0,false
,3,2319.7467,0,2316.42,2321.79,2321.79,2316.42,1714591560000,3,,0,,0,0,0,0,0,false
,3,2321.3167,0,2321.98,2320.74,2321.98,2320.74,1714591620000,3,,0,,0,0,0,0,0,false
,2,2321.105,0,2321.21,2321,2321.21,2321,1714591680000,2,,0,,0,0,0,0,0,false
,3,2320.8633,0,2320.39,2320.99,2321.21,2320.39,1714591740000,3,,0,,0,0,0,0,0,false
,2,2320.485,0,2320.45,2320.52,2320.52,2320.45,1714591800000,2,,0,,0,0,0,0,0,false
,3,2321.9833,0,2320.99,2322.64,2322.64,2320.99,1714591860000,3,,0,,0,0,0,0,0,false
,3,2321.3133,0,2321.89,2321.57,2321.89,2320.48,1714591920000,3,,0,,0,0,0,0,0,false
,3,2319.51,0,2319.66,2320.17,2320.17,2318.7,1714591980000,3,,0,,0,0,0,0,0,false
,3,2319.4467,0,2318.48,2318.97,2320.89,2318.48,1714592040000,3,,0,,0,0,0,0,0,false
,2,2317.93,0,2318.08,2317.78,2318.08,2317.78,1714592100000,2,,0,,0,0,0,0,0,false
,3,2318.23,0,2318.97,2318.28,2318.97,2317.44,1714592160000,3,,0,,0,0,0,0,0,false
,3,2317.59,0,2317.58,2317.45,2317.74,2317.45,1714592220000,3,,0,,0,0,0,0,0,false
,2,2317.455,0,2317.5,2317.41,2317.5,2317.41,1714592280000,2,,0,,0,0,0,0,0,false
,3,2316.47,0,2316.6,2315.31,2317.5,2315.31,1714592340000,3,,0,,0,0,0,0,0,false
,2,2315.815,0,2314.71,2316.92,2316.92,2314.71,1714592400000,2,,0,,0,0,0,0,0,false
,3,2316,0,2316.6,2316.36,2316.6,2315.04,1714592460000,3,,0,,0,0,0,0,0,false
,3,2315.76,0,2315.94,2316.36,2316.36,2314.98,1714592520000,3,,0,,0,0,0,0,0,false
,2,2315.01,0,2314.92,2315.1,2315.1,2314.92,1714592580000,2,,0,,0,0,0,0,0,false
,3,2314.6967,0,2314.24,2314.93,2314.93,2314.24,1714592640000,3,,0,,0,0,0,0,0,false
,2,2314.66,0,2314.43,2314.89,2314.89,2314.43,1714592700000,2,,0,,0,0,0,0,0,false
,3,2316.1633,0,2316.61,2317.41,2317.41,2314.47,1714592760000,3,,0,,0,0,0,0,0,false
,2,2316.99,0,2317.28,2316.7,2317.28,2316.7,1714592820000,2,,0,,0,0,0,0,0,false
,2,2315.995,0,2316.45,2315.54,2316.45,2315.54,1714592880000,2,,0,,0,0,0,0,0,false
,3,2315.9833,0,2315.77,2315.73,2316.45,2315.73,1714592940000,3,,0,,0,0,0,0,0,false
,2,2315.3,0,2315.42,2315.18,2315.42,2315.18,1714593000000,2,,0,,0,0,0,0,0,false
,3,2315.4967,0,2315.71,2315.36,2315.71,2315.36,1714593060000,3,,0,,0,0,0,0,0,false
,3,2314.6667,0,2314.47,2315.36,2315.36,2314.17,1714593120000,3,,0,,0,0,0,0,0,false
,2,2314.54,0,2314.53,2314.55,2314.55,2314.53,1714593180000,2,,0,,0,0,0,0,0,false
,3,2314.35,0,2314.66,2313.86,2314.66,2313.86,1714593240000,3,,0,,0,0,0,0,0,false
,2,2312.6,0,2313.85,2311.35,2313.85,2311.35,1714593300000,2,,0,,0,0,0,0,0,false
,3,2312.7433,0,2311.89,2312.33,2314.01,2311.89,1714593360000,3,,0,,0,0,0,0,0,false
,3,2311.8433,0,2311.81,2312.33,2312.33,2311.39,1714593420000,3,,0,,0,0,0,0,0,false
,2,2311.16,0,2311.04,2311.28,2311.28,2311.04,1714593480000,2,,0,,0,0,0,0,0,false
,3,2310.36,0,2310.03,2310.01,2311.04,2310.01,1714593540000,3,,0,,0,0,0,0,0,false
,2,2309.04,0,2308.88,2309.2,2309.2,2308.88,1714593600000,2,,0,,0,0,0,0,0,false
,3,2307.81,0,2307.14,2307.38,2308.91,2307.14,1714593660000,3,,0,,0,0,0,0,0,false
,3,2307.71,0,2308,2307.38,2308,2307.38,1714593720000,3,,0,,0,0,0,0,0,false
,2,2309.715,0,2309.5,2309.93,2309.93,2309.5,1714593780000,2,,0,,0,0,0,0,0,false
,3,2310.2267,0,2310.98,2311.03,2311.03,2308.67,1714593840000,3,,0,,0,0,0,0,0,false
,2,2311.035,0,2311.07,2311,2311.07,2311,1714593900000,2,,0,,0,0,0,0,0,false
,4,2310.765,0,2311.01,2310.98,2311.07,2310,1714593960000,4,,0,,0,0,0,0,0,false
,3,2310.76,0,2311.23,2310.98,2311.23,2310.07,1714594020000,3,,0,,0,0,0,0,0,false
,2,2310.64,0,2310.34,2310.94,2310.94,2310.34,1714594080000,2,,0,,0,0,0,0,0,false
,3,2311,0,2311.19,2311.47,2311.47,2310.34,1714594140000,3,,0,,0,0,0,0,0,false
,2,2311.87,0,2311.73,2312.01,2312.01,2311.73,1714594200000,2,,0,,0,0,0,0,0,false
,2,2312.2,0,2312,2312.4,2312.4,2312,1714594260000,2,,0,,0,0,0,0,0,false
,3,2312.5967,0,2312.3,2312.28,2313.21,2312.28,1714594320000,3,,0,,0,0,0,0,0,false
,2,2313.565,0,2313.47,2313.66,2313.66,2313.47,1714594380000,2,,0,,0,0,0,0,0,false
,3,2312.85,0,2313.27,2313.87,2313.87,2311.41,1714594440000,3,,0,,0,0,0,0,0,false
,2,2314.175,0,2314.13,2314.22,2314.22,2314.13,1714594500000,2,,0,,0,0,0,0,0,false
,3,2314.66,0,2313.96,2315.89,2315.89,2313.96,1714594560000,3,,0,,0,0,0,0,0,false
,3,2315.4233,0,2316.19,2314.28,2316.19,2314.28,1714594620000,3,,0,,0,0,0,0,0,false
,2,2313.99,0,2313.89,2314.09,2314.09,2313.89,1714594680000,2,,0,,0,0,0,0,0,false
,3,2314.42,0,2314.18,2314.29,2314.79,2314.18,1714594740000,3,,0,,0,0,0,0,0,false
,2,2315.025,0,2315.09,2314.96,2315.09,2314.96,1714594800000,2,,0,,0,0,0,0,0,false
,3,2315.27,0,2315.75,2315.17,2315.75,2314.89,1714594860000,3,,0,,0,0,0,0,0,false
,3,2315.0067,0,2314.81,2315.17,2315.17,2314.81,1714594920000,3,,0,,0,0,0,0,0,false
,2,2314.87,0,2314.73,2315.01,2315.01,2314.73,1714594980000,2,,0,,0,0,0,0,0,false
,3,2315.51,0,2315.64,2316.16,2316.16,2314.73,1714595040000,3,,0,,0,0,0,0,0,false
,2,2316.895,0,2316.81,2316.98,2316.98,2316.81,1714595100000,2,,0,,0,0,0,0,0,false
,3,2316.6833,0,2317.36,2316.97,2317.36,2315.72,1714595160000,3,,0,,0,0,0,0,0,false
,3,2316.8933,0,2316.57,2316.42,2317.69,2316.42,1714595220000,3,,0,,0,0,0,0,0,false
,2,2317.52,0,2317.53,2317.51,2317.53,2317.51,1714595280000,2,,0,,0,0,0,0,0,false
,3,2317.1833,0,2317.51,2317.3,2317.51,2316.74,1714595340000,3,,0,,0,0,0,0,0,false
,2,2318.01,0,2318.13,2317.89,2318.13,2317.89,1714595400000,2,,0,,0,0,0,0,0,false
,2,2317.51,0,2317.53,2317.49,2317.53,2317.49,1714595460000,2,,0,,0,0,0,0,0,false
,2,2317.885,0,2317.47,2318.3,2318.3,2317.47,1714595520000,2,,0,,0,0,0,0,0,false
,3,2318.0633,0,2317.49,2318.07,2318.63,2317.49,1714595580000,3,,0,,0,0,0,0,0,false
,3,2318.2367,0,2318.57,2318.58,2318.58,2317.56,1714595640000,3,,0,,0,0,0,0,0,false
,2,2318.31,0,2318.05,2318.57,2318.57,2318.05,1714595700000,2,,0,,0,0,0,0,0,false
,3,2318.35,0,2318.74,2318.26,2318.74,2318.05,1714595760000,3,,0,,0,0,0,0,0,false
,2,2319.195,0,2318.73,2319.66,2319.66,2318.73,1714595820000,2,,0,,0,0,0,0,0,false
,3,2319.5267,0,2318.73,2319.77,2320.08,2318.73,1714595880000,3,,0,,0,0,0,0,0,false
,3,2319.7667,0,2319.78,2319.77,2319.78,2319.75,1714595940000,3,,0,,0,0,0,0,0,false
,2,2319.12,0,2319.09,2319.15,2319.15,2319.09,1714596000000,2,,0,,0,0,0,0,0,false
,3,2319.0233,0,2319.16,2318.54,2319.37,2318.54,1714596060000,3,,0,,0,0,0,0,0,false
,2,2317.85,0,2317.96,2317.74,2317.96,2317.74,1714596120000,2,,0,,0,0,0,0,0,false
,3,2317.8967,0,2319.15,2316.98,2319.15,2316.98,1714596180000,3,,0,,0,0,0,0,0,false
,3,2317.4833,0,2317.19,2317.55,2317.71,2317.19,1714596240000,3,,0,,0,0,0,0,0,false
,2,2317.82,0,2317.66,2317.98,2317.98,2317.66,1714596300000,2,,0,,0,0,0,0,0,false
,3,2318.2933,0,2318.58,2318.78,2318.78,2317.52,1714596360000,3,,0,,0,0,0,0,0,false
,2,2318.48,0,2318.44,2318.52,2318.52,2318.44,1714596420000,2,,0,,0,0,0,0,0,false
,4,2318.4,0,2318.78,2318.46,2318.78,2317.7,1714596480000,4,,0,,0,0,0,0,0,false
,3,2318.8833,0,2318.7,2318.46,2319.49,2318.46,1714596540000,3,,0,,0,0,0,0,0,false
,3,2319.1633,0,2319.79,2319,2319.79,2318.7,1714596600000,3,,0,,0,0,0,0,0,false
,3,2318.6967,0,2318.8,2318.56,2318.8,2318.56,1714596660000,3,,0,,0,0,0,0,0,false
,2,2318.49,0,2318.58,2318.4,2318.58,2318.4,1714596720000,2,,0,,0,0,0,0,0,false
,3,2318.1167,0,2318.56,2317.8,2318.56,2317.8,1714596780000,3,,0,,0,0,0,0,0,false
,3,2317.9267,0,2317.8,2317.8,2318.18,2317.8,1714596840000,3,,0,,0,0,0,0,0,false
,2,2317.535,0,2318.07,2317,2318.07,2317,1714596900000,2,,0,,0,0,0,0,0,false
,3,2317.29,0,2316.99,2317.05,2317.83,2316.99,1714596960000,3,,0,,0,0,0,0,0,false
,2,2317.61,0,2317.59,2317.63,2317.63,2317.59,1714597020000,2,,0,,0,0,0,0,0,false
,3,2317.8167,0,2317.05,2318.44,2318.44,2317.05,1714597080000,3,,0,,0,0,0,0,0,false
,2,2318.68,0,2319.43,2317.93,2319.43,2317.93,1714597140000,2,,0,,0,0,0,0,0,false
,1,2317.93,0,2317.93,2317.93,2317.93,2317.93,1714597200000,1,,0,,0,0,0,0,0,false
,3,2318.71,0,2319.07,2319.09,2319.09,2317.97,1714600860000,3,,0,,0,0,0,0,0,false
,2,2318.75,0,2318.79,2318.71,2318.79,2318.71,1714600920000,2,,0,,0,0,0,0,0,false
,3,2319.25,0,2319.44,2319.52,2319.52,2318.79,1714600980000,3,,0,,0,0,0,0,0,false
,3,2319.9,0,2320.03,2319.4,2320.27,2319.4,1714601040000,3,,0,,0,0,0,0,0,false
,2,2320.92,0,2320.7,2321.14,2321.14,2320.7,1714601100000,2,,0,,0,0,0,0,0,false
,2,2321.09,0,2321.34,2320.84,2321.34,2320.84,1714601160000,2,,0,,0,0,0,0,0,false
,2,2320.765,0,2320.79,2320.74,2320.79,2320.74,1714601220000,2,,0,,0,0,0,0,0,false
,3,2320.0633,0,2320.16,2319.72,2320.31,2319.72,1714601280000,3,,0,,0,0,0,0,0,false
,3,2320.13,0,2320.55,2319.67,2320.55,2319.67,1714601340000,3,,0,,0,0,0,0,0,false
,2,2320.08,0,2320.46,2319.7,2320.46,2319.7,1714601400000,2,,0,,0,0,0,0,0,false
,3,2319.9733,0,2320.42,2320.5,2320.5,2319,1714601460000,3,,0,,0,0,0,0,0,false
,2,2320.35,0,2320.36,2320.34,2320.36,2320.34,1714601520000,2,,0,,0,0,0,0,0,false
,4,2320.315,0,2321.43,2320.41,2321.43,2319.01,1714601580000,4,,0,,0,0,0,0,0,false
,2,2324.47,0,2324.49,2324.45,2324.49,2324.45,1714616040000,2,,0,,0,0,0,0,0,false
,3,2324.5767,0,2324.51,2324.73,2324.73,2324.49,1714616100000,3,,0,,0,0,0,0,0,false
,2,2324.75,0,2324.73,2324.77,2324.77,2324.73,1714616160000,2,,0,,0,0,0,0,0,false
,3,2324.7633,0,2324.64,2324.92,2324.92,2324.64,1714616220000,3,,0,,0,0,0,0,0,false
,2,2324.07,0,2324.68,2323.46,2324.68,2323.46,1714616280000,2,,0,,0,0,0,0,0,false
,3,2323.84,0,2324.92,2323.25,2324.92,2323.25,1714616340000,3,,0,,0,0,0,0,0,false
,3,2323.3267,0,2323.19,2322.76,2324.03,2322.76,1714616400000,3,,0,,0,0,0,0,0,false
,3,2322.6833,0,2323.22,2322.73,2323.22,2322.1,1714616460000,3,,0,,0,0,0,0,0,false
,3,2322.9733,0,2322.95,2322.75,2323.22,2322.75,1714616520000,3,,0,,0,0,0,0,0,false
,2,2322.75,0,2322.94,2322.56,2322.94,2322.56,1714616580000,2,,0,,0,0,0,0,0,false
,3,2322.4533,0,2322.75,2322.36,2322.75,2322.25,1714616640000,3,,0,,0,0,0,0,0,false
,4,2322.3325,0,2322.87,2322.51,2322.87,2321.7,1714616700000,4,,0,,0,0,0,0,0,false
,2,2322.115,0,2322.23,2322,2322.23,2322,1714616760000,2,,0,,0,0,0,0,0,false
,3,2322.1133,0,2321.99,2322.12,2322.23,2321.99,1714616820000,3,,0,,0,0,0,0,0,false
,2,2321.865,0,2321.93,2321.8,2321.93,2321.8,1714616880000,2,,0,,0,0,0,0,0,false
,4,2321.665,0,2322.12,2322.03,2322.12,2320.7,1714616940000,4,,0,,0,0,0,0,0,false
,3,2321.98,0,2321.9,2322.23,2322.23,2321.81,1714617000000,3,,0,,0,0,0,0,0,false
,2,2321.865,0,2321.9,2321.83,2321.9,2321.83,1714617060000,2,,0,,0,0,0,0,0,false
,3,2321.6867,0,2321.62,2321.54,2321.9,2321.54,1714617120000,3,,0,,0,0,0,0,0,false
,2,2321.175,0,2321.13,2321.22,2321.22,2321.13,1714617180000,2,,0,,0,0,0,0,0,false
,3,2321.1533,0,2321.54,2320.95,2321.54,2320.95,1714617240000,3,,0,,0,0,0,0,0,false
,3,2320.7667,0,2320.75,2320.58,2320.97,2320.58,1714617300000,3,,0,,0,0,0,0,0,false
,2,2320.38,0,2320.47,2320.29,2320.47,2320.29,1714617360000,2,,0,,0,0,0,0,0,false
,3,2320.47,0,2320.45,2320.49,2320.49,2320.45,1714617420000,3,,0,,0,0,0,0,0,false
,2,2320.59,0,2320.59,2320.59,2320.59,2320.59,1714617480000,2,,0,,0,0,0,0,0,false
,3,2320.4967,0,2320.49,2320.45,2320.55,2320.45,1714617540000,3,,0,,0,0,0,0,0,false
,3,2320.6867,0,2320.57,2320.94,2320.94,2320.55,1714617600000,3,,0,,0,0,0,0,0,false
,2,2321.23,0,2321.11,2321.35,2321.35,2321.11,1714617660000,2,,0,,0,0,0,0,0,false
,3,2321.0967,0,2321.28,2321.41,2321.41,2320.6,1714617720000,3,,0,,0,0,0,0,0,false
,2,2321.195,0,2321.09,2321.3,2321.3,2321.09,1714617780000,2,,0,,0,0,0,0,0,false
,3,2321.13,0,2321.41,2320.89,2321.41,2320.89,1714617840000,3,,0,,0,0,0,0,0,false
,3,2320.8667,0,2320.5,2321.09,2321.09,2320.5,1714617900000,3,,0,,0,0,0,0,0,false
,2,2320.835,0,2320.88,2320.79,2320.88,2320.79,1714617960000,2,,0,,0,0,0,0,0,false
,3,2320.3667,0,2320.49,2319.73,2320.88,2319.73,1714618020000,3,,0,,0,0,0,0,0,false
,2,2319.245,0,2319.16,2319.33,2319.33,2319.16,1714618080000,2,,0,,0,0,0,0,0,false
,2,2319.095,0,2319.37,2318.82,2319.37,2318.82,1714618140000,2,,0,,0,0,0,0,0,false
,3,2319.2233,0,2318.95,2319.36,2319.36,2318.95,1714618200000,3,,0,,0,0,0,0,0,false
,2,2319.77,0,2319.5,2320.04,2320.04,2319.5,1714618260000,2,,0,,0,0,0,0,0,false
,3,2319.97,0,2320.32,2320.47,2320.47,2319.12,1714618320000,3,,0,,0,0,0,0,0,false
,2,2320.325,0,2320.42,2320.23,2320.42,2320.23,1714618380000,2,,0,,0,0,0,0,0,false
,4,2320.13,0,2320.47,2320.01,2320.47,2320.01,1714618440000,4,,0,,0,0,0,0,0,false
,3,2320.47,0,2320.31,2320.01,2321.09,2320.01,1714618500000,3,,0,,0,0,0,0,0,false
,2,2320.98,0,2320.98,2320.98,2320.98,2320.98,1714618560000,2,,0,,0,0,0,0,0,false
,3,2320.57,0,2320.52,2320.71,2320.71,2320.48,1714618620000,3,,0,,0,0,0,0,0,false
,2,2320.395,0,2320.51,2320.28,2320.51,2320.28,1714618680000,2,,0,,0,0,0,0,0,false
,3,2320.53,0,2320.71,2320.41,2320.71,2320.41,1714618740000,3,,0,,0,0,0,0,0,false
,3,2319.9033,0,2319.97,2320.41,2320.41,2319.33,1714618800000,3,,0,,0,0,0,0,0,false
,2,2319.925,0,2319.84,2320.01,2320.01,2319.84,1714618860000,2,,0,,0,0,0,0,0,false
,3,2319.9733,0,2320.07,2320.01,2320.07,2319.84,1714618920000,3,,0,,0,0,0,0,0,false
,2,2319.78,0,2319.99,2319.57,2319.99,2319.57,1714618980000,2,,0,,0,0,0,0,0,false
,3,2319.23,0,2320.01,2318.7,2320.01,2318.7,1714619040000,3,,0,,0,0,0,0,0,false
,3,2318.5233,0,2318.27,2318.97,2318.97,2318.27,1714619100000,3,,0,,0,0,0,0,0,false
,2,2318.7,0,2318.57,2318.83,2318.83,2318.57,1714619160000,2,,0,,0,0,0,0,0,false
,3,2318.4367,0,2318.43,2318.31,2318.57,2318.31,1714619220000,3,,0,,0,0,0,0,0,false
,2,2317.86,0,2318.16,2317.56,2318.16,2317.56,1714619280000,2,,0,,0,0,0,0,0,false
,3,2317.6733,0,2318.31,2317.37,2318.31,2317.34,1714619340000,3,,0,,0,0,0,0,0,false
,4,2317.59,0,2317.94,2317.37,2318.25,2316.8,1714619400000,4,,0,,0,0,0,0,0,false
,2,2318.35,0,2318.27,2318.43,2318.43,2318.27,1714619460000,2,,0,,0,0,0,0,0,false
,3,2318.5733,0,2318.52,2318.98,2318.98,2318.22,1714619520000,3,,0,,0,0,0,0,0,false
,2,2319.05,0,2319.04,2319.06,2319.06,2319.04,1714619580000,2,,0,,0,0,0,0,0,false
,3,2318.7267,0,2318.53,2318.72,2318.93,2318.53,1714619640000,3,,0,,0,0,0,0,0,false
,3,2318.9433,0,2318.95,2318.72,2319.16,2318.72,1714619700000,3,,0,,0,0,0,0,0,false
,2,2319.14,0,2319.12,2319.16,2319.16,2319.12,1714619760000,2,,0,,0,0,0,0,0,false
,4,2318.39,0,2318.58,2318.36,2319.12,2317.5,1714619820000,4,,0,,0,0,0,0,0,false
,2,2318.555,0,2318.62,2318.49,2318.62,2318.49,1714619880000,2,,0,,0,0,0,0,0,false
,3,2318.3967,0,2318.51,2318.22,2318.51,2318.22,1714619940000,3,,0,,0,0,0,0,0,false
,3,2318.1733,0,2318.23,2318.22,2318.23,2318.07,1714620000000,3,,0,,0,0,0,0,0,false
,2,2317.985,0,2318.13,2317.84,2318.13,2317.84,1714620060000,2,,0,,0,0,0,0,0,false
,4,2317.4975,0,2317.63,2317.63,2318.13,2316.6,1714620120000,4,,0,,0,0,0,0,0,false
,2,2317.78,0,2317.58,2317.98,2317.98,2317.58,1714620180000,2,,0,,0,0,0,0,0,false
,3,2317.9333,0,2317.63,2318.31,2318.31,2317.63,1714620240000,3,,0,,0,0,0,0,0,false
,2,2318.285,0,2318.59,2317.98,2318.59,2317.98,1714620300000,2,,0,,0,0,0,0,0,false
,2,2318.86,0,2318.73,2318.99,2318.99,2318.73,1714620360000,2,,0,,0,0,0,0,0,false
,3,2318.98,0,2319.06,2319.15,2319.15,2318.73,1714620420000,3,,0,,0,0,0,0,0,false
,2,2319.28,0,2319.28,2319.28,2319.28,2319.28,1714620480000,2,,0,,0,0,0,0,0,false
,3,2319.2833,0,2319.15,2319.52,2319.52,2319.15,1714620540000,3,,0,,0,0,0,0,0,false
,3,2319.5833,0,2319.76,2319.19,2319.8,2319.19,1714620600000,3,,0,,0,0,0,0,0,false
,2,2320.19,0,2320.22,2320.16,2320.22,2320.16,1714620660000,2,,0,,0,0,0,0,0,false
,3,2319.2433,0,2318.89,2319.1,2319.74,2318.89,1714620720000,3,,0,,0,0,0,0,0,false
,2,2319.04,0,2318.97,2319.11,2319.11,2318.97,1714620780000,2,,0,,0,0,0,0,0,false
,3,2319.47,0,2319.1,2319.95,2319.95,2319.1,1714620840000,3,,0,,0,0,0,0,0,false
,3,2319.46,0,2319.75,2319.37,2319.75,2319.26,1714620900000,3,,0,,0,0,0,0,0,false
,2,2319.3,0,2319.25,2319.35,2319.35,2319.25,1714620960000,2,,0,,0,0,0,0,0,false
,3,2319.6033,0,2319.69,2319.87,2319.87,2319.25,1714621020000,3,,0,,0,0,0,0,0,false
,2,2319.295,0,2319.38,2319.21,2319.38,2319.21,1714621080000,2,,0,,0,0,0,0,0,false
,3,2319.1533,0,2319.87,2318.86,2319.87,2318.73,1714621140000,3,,0,,0,0,0,0,0,false
,2,2318.78,0,2318.98,2318.58,2318.98,2318.58,1714621200000,2,,0,,0,0,0,0,0,false
,4,2318.285,0,2318.86,2318.31,2318.86,2317.5,1714621260000,4,,0,,0,0,0,0,0,false
,3,2318.4633,0,2318.4,2318.52,2318.52,2318.4,1714621320000,3,,0,,0,0,0,0,0,false
,2,2318.39,0,2318.56,2318.22,2318.56,2318.22,1714621380000,2,,0,,0,0,0,0,0,false
,3,2318.2967,0,2318.52,2318.06,2318.52,2318.06,1714621440000,3,,0,,0,0,0,0,0,false
,2,2318.93,0,2318.81,2319.05,2319.05,2318.81,1714621500000,2,,0,,0,0,0,0,0,false
,3,2318.5833,0,2318.06,2318.82,2318.87,2318.06,1714621560000,3,,0,,0,0,0,0,0,false
,3,2318.7167,0,2318.81,2318.47,2318.87,2318.47,1714621620000,3,,0,,0,0,0,0,0,false
,2,2318.705,0,2318.9,2318.51,2318.9,2318.51,1714621680000,2,,0,,0,0,0,0,0,false
,3,2318.2733,0,2318.82,2318.5,2318.82,2317.5,1714621740000,3,,0,,0,0,0,0,0,false
,2,2318.535,0,2318.51,2318.56,2318.56,2318.51,1714621800000,2,,0,,0,0,0,0,0,false
,3,2318.48,0,2318.5,2318.55,2318.55,2318.39,1714621860000,3,,0,,0,0,0,0,0,false
,3,2318.6833,0,2318.71,2318.95,2318.95,2318.39,1714621920000,3,,0,,0,0,0,0,0,false
,2,2318.685,0,2318.81,2318.56,2318.81,2318.56,1714621980000,2,,0,,0,0,0,0,0,false
,3,2318.8667,0,2318.63,2319.16,2319.16,2318.63,1714622040000,3,,0,,0,0,0,0,0,false
,2,2319.42,0,2319.48,2319.36,2319.48,2319.36,1714622100000,2,,0,,0,0,0,0,0,false
,3,2319.3233,0,2318.64,2319.72,2319.72,2318.64,1714622160000,3,,0,,0,0,0,0,0,false
,3,2319.61,0,2319.73,2319.62,2319.73,2319.48,1714622220000,3,,0,,0,0,0,0,0,false
,2,2319.685,0,2319.66,2319.71,2319.71,2319.66,1714622280000,2,,0,,0,0,0,0,0,false
,3,2319.6367,0,2319.72,2319.53,2319.72,2319.53,1714622340000,3,,0,,0,0,0,0,0,false
,3,2319.21,0,2319.45,2319.78,2319.78,2318.4,1714622400000,3,,0,,0,0,0,0,0,false
,3,2319.6,0,2319.53,2319.49,2319.78,2319.49,1714622460000,3,,0,,0,0,0,0,0,false
,3,2319.6667,0,2319.69,2319.83,2319.83,2319.48,1714622520000,3,,0,,0,0,0,0,0,false
,2,2319.565,0,2319.49,2319.64,2319.64,2319.49,1714622580000,2,,0,,0,0,0,0,0,false
,3,2319.61,0,2319.46,2319.55,2319.82,2319.46,1714622640000,3,,0,,0,0,0,0,0,false
,2,2319.61,0,2319.56,2319.66,2319.66,2319.56,1714622700000,2,,0,,0,0,0,0,0,false
,3,2319.42,0,2319.55,2319.31,2319.55,2319.31,1714622760000,3,,0,,0,0,0,0,0,false
,3,2319.44,0,2319.26,2319.66,2319.66,2319.26,1714622820000,3,,0,,0,0,0,0,0,false
,2,2319.83,0,2319.75,2319.91,2319.91,2319.75,1714622880000,2,,0,,0,0,0,0,0,false
,3,2319.9633,0,2319.99,2320.32,2320.32,2319.58,1714622940000,3,,0,,0,0,0,0,0,false
,2,2320.125,0,2320.25,2320,2320.25,2320,1714623000000,2,,0,,0,0,0,0,0,false
,2,2320.21,0,2320.09,2320.33,2320.33,2320.09,1714623060000,2,,0,,0,0,0,0,0,false
,3,2320.4533,0,2320.74,2320.53,2320.74,2320.09,1714623120000,3,,0,,0,0,0,0,0,false
,2,2320.765,0,2320.78,2320.75,2320.78,2320.75,1714623180000,2,,0,,0,0,0,0,0,false
,3,2320.5333,0,2320.51,2320.31,2320.78,2320.31,1714623240000,3,,0,,0,0,0,0,0,false
,2,2320.2,0,2320.38,2320.02,2320.38,2320.02,1714623300000,2,,0,,0,0,0,0,0,false
,3,2320.2267,0,2320.31,2320.43,2320.43,2319.94,1714623360000,3,,0,,0,0,0,0,0,false
,3,2320.2033,0,2320.43,2320.24,2320.43,2319.94,1714623420000,3,,0,,0,0,0,0,0,false
,2,2319.885,0,2319.93,2319.84,2319.93,2319.84,1714623480000,2,,0,,0,0,0,0,0,false
,3,2319.8833,0,2319.86,2319.86,2319.93,2319.86,1714623540000,3,,0,,0,0,0,0,0,false
,2,2319.685,0,2319.56,2319.81,2319.81,2319.56,1714623600000,2,,0,,0,0,0,0,0,false
,3,2319.8933,0,2319.86,2320.03,2320.03,2319.79,1714623660000,3,,0,,0,0,0,0,0,false
,3,2320.0633,0,2320.06,2320.34,2320.34,2319.79,1714623720000,3,,0,,0,0,0,0,0,false
,3,2319.71,0,2320.17,2319.86,2320.17,2319.1,1714623780000,3,,0,,0,0,0,0,0,false
,3,2320.18,0,2320.02,2320.35,2320.35,2320.02,1714623840000,3,,0,,0,0,0,0,0,false
,2,2320.13,0,2320.24,2320.02,2320.24,2320.02,1714623900000,2,,0,,0,0,0,0,0,false
,3,2319.9867,0,2320.03,2320.15,2320.15,2319.78,1714623960000,3,,0,,0,0,0,0,0,false
,3,2319.88,0,2319.92,2319.94,2319.94,2319.78,1714624020000,3,,0,,0,0,0,0,0,false
,2,2319.9,0,2319.95,2319.85,2319.95,2319.85,1714624080000,2,,0,,0,0,0,0,0,false
,3,2319.86,0,2319.89,2319.74,2319.95,2319.74,1714624140000,3,,0,,0,0,0,0,0,false
,3,2319.8033,0,2320.12,2320.19,2320.19,2319.1,1714624200000,3,,0,,0,0,0,0,0,false
,3,2320.2233,0,2319.74,2320.51,2320.51,2319.74,1714624260000,3,,0,,0,0,0,0,0,false
,3,2320.3967,0,2320.44,2320.33,2320.44,2320.33,1714624320000,3,,0,,0,0,0,0,0,false
,2,2319.985,0,2319.96,2320.01,2320.01,2319.96,1714624380000,2,,0,,0,0,0,0,0,false
,3,2319.8533,0,2319.81,2319.74,2320.01,2319.74,1714624440000,3,,0,,0,0,0,0,0,false
,2,2319.665,0,2319.53,2319.8,2319.8,2319.53,1714624500000,2,,0,,0,0,0,0,0,false
,3,2319.7633,0,2319.74,2319.77,2319.78,2319.74,1714624560000,3,,0,,0,0,0,0,0,false
,3,2319.7067,0,2319.74,2319.6,2319.78,2319.6,1714624620000,3,,0,,0,0,0,0,0,false
,2,2319.63,0,2319.75,2319.51,2319.75,2319.51,1714624680000,2,,0,,0,0,0,0,0,false
,3,2319.4533,0,2319.35,2319.26,2319.75,2319.26,1714624740000,3,,0,,0,0,0,0,0,false
,2,2319.195,0,2319.28,2319.11,2319.28,2319.11,1714624800000,2,,0,,0,0,0,0,0,false
,3,2319.17,0,2319.26,2319.14,2319.26,2319.11,1714624860000,3,,0,,0,0,0,0,0,false
,4,2318.805,0,2319.08,2319.03,2319.11,2318,1714624920000,4,,0,,0,0,0,0,0,false
,1,2318.97,0,2318.97,2318.97,2318.97,2318.97,1714624980000,1,,0,,0,0,0,0,0,false
,3,2318.9867,0,2319.07,2318.92,2319.07,2318.92,1714625040000,3,,0,,0,0,0,0,0,false
,2,2318.815,0,2318.84,2318.79,2318.84,2318.79,1714625100000,2,,0,,0,0,0,0,0,false
,3,2319.05,0,2318.92,2319.11,2319.12,2318.92,1714625160000,3,,0,,0,0,0,0,0,false
,3,2319.0633,0,2318.96,2319.14,2319.14,2318.96,1714625220000,3,,0,,0,0,0,0,0,false
,2,2319.035,0,2319.07,2319,2319.07,2319,1714625280000,2,,0,,0,0,0,0,0,false
,3,2318.63,0,2318.49,2318.33,2319.07,2318.33,1714625340000,3,,0,,0,0,0,0,0,false
,3,2318.0567,0,2317.3,2318.51,2318.51,2317.3,1714625400000,3,,0,,0,0,0,0,0,false
,3,2318.4167,0,2318.35,2318.41,2318.49,2318.35,1714625460000,3,,0,,0,0,0,0,0,false
,3,2318.3133,0,2318.19,2318.41,2318.41,2318.19,1714625520000,3,,0,,0,0,0,0,0,false
,2,2318.58,0,2318.59,2318.57,2318.59,2318.57,1714625580000,2,,0,,0,0,0,0,0,false
,3,2318.61,0,2318.57,2318.67,2318.67,2318.57,1714625640000,3,,0,,0,0,0,0,0,false
,2,2318.645,0,2318.7,2318.59,2318.7,2318.59,1714625700000,2,,0,,0,0,0,0,0,false
,3,2318.5267,0,2318.67,2318.44,2318.67,2318.44,1714625760000,3,,0,,0,0,0,0,0,false
,3,2318.4667,0,2318.48,2318.44,2318.48,2318.44,1714625820000,3,,0,,0,0,0,0,0,false
,2,2318.43,0,2318.32,2318.54,2318.54,2318.32,1714625880000,2,,0,,0,0,0,0,0,false
,4,2317.9125,0,2318.17,2318.16,2318.32,2317,1714625940000,4,,0,,0,0,0,0,0,false
,2,2318.145,0,2317.98,2318.31,2318.31,2317.98,1714626000000,2,,0,,0,0,0,0,0,false
,3,2318.13,0,2318.16,2318.11,2318.16,2318.11,1714626060000,3,,0,,0,0,0,0,0,false
,3,2318.0133,0,2318.02,2318.11,2318.11,2317.91,1714626120000,3,,0,,0,0,0,0,0,false
,2,2317.895,0,2317.95,2317.84,2317.95,2317.84,1714626180000,2,,0,,0,0,0,0,0,false
,3,2317.73,0,2317.76,2317.48,2317.95,2317.48,1714626240000,3,,0,,0,0,0,0,0,false
,2,2317.12,0,2316.87,2317.37,2317.37,2316.87,1714626300000,2,,0,,0,0,0,0,0,false
,3,2317.12,0,2317.48,2316.81,2317.48,2316.81,1714626360000,3,,0,,0,0,0,0,0,false
,3,2316.4367,0,2316.31,2316.81,2316.81,2316.19,1714626420000,3,,0,,0,0,0,0,0,false
,2,2316.52,0,2316.38,2316.66,2316.66,2316.38,1714626480000,2,,0,,0,0,0,0,0,false
,3,2316.5633,0,2316.55,2316.76,2316.76,2316.38,1714626540000,3,,0,,0,0,0,0,0,false
,2,2316.14,0,2316.32,2315.96,2316.32,2315.96,1714626600000,2,,0,,0,0,0,0,0,false
,3,2316.3033,0,2316.76,2315.89,2316.76,2315.89,1714626660000,3,,0,,0,0,0,0,0,false
,3,2315.74,0,2315.74,2315.89,2315.89,2315.59,1714626720000,3,,0,,0,0,0,0,0,false
,2,2315.305,0,2315.39,2315.22,2315.39,2315.22,1714626780000,2,,0,,0,0,0,0,0,false
,3,2315.3567,0,2315.26,2315.42,2315.42,2315.26,1714626840000,3,,0,,0,0,0,0,0,false
,2,2315.715,0,2315.55,2315.88,2315.88,2315.55,1714626900000,2,,0,,0,0,0,0,0,false
,3,2316.04,0,2315.42,2316.36,2316.36,2315.42,1714626960000,3,,0,,0,0,0,0,0,false
,3,2315.9633,0,2316.09,2315.95,2316.09,2315.85,1714627020000,3,,0,,0,0,0,0,0,false
,2,2315.405,0,2315.4,2315.41,2315.41,2315.4,1714627080000,2,,0,,0,0,0,0,0,false
,3,2315.23,0,2315.39,2314.9,2315.4,2314.9,1714627140000,3,,0,,0,0,0,0,0,false
,2,2314.445,0,2314.61,2314.28,2314.61,2314.28,1714627200000,2,,0,,0,0,0,0,0,false
,3,2314.7833,0,2315.38,2314.67,2315.38,2314.3,1714627260000,3,,0,,0,0,0,0,0,false
,3,2314.96,0,2314.87,2314.67,2315.34,2314.67,1714627320000,3,,0,,0,0,0,0,0,false
,2,2315.63,0,2315.68,2315.58,2315.68,2315.58,1714627380000,2,,0,,0,0,0,0,0,false
,3,2314.6367,0,2314.49,2314.22,2315.2,2314.22,1714627440000,3,,0,,0,0,0,0,0,false
,2,2313.26,0,2313.16,2313.36,2313.36,2313.16,1714627500000,2,,0,,0,0,0,0,0,false
,3,2313.9767,0,2314.22,2313.75,2314.22,2313.75,1714627560000,3,,0,,0,0,0,0,0,false
,2,2314.055,0,2314.14,2313.97,2314.14,2313.97,1714627620000,2,,0,,0,0,0,0,0,false
,3,2313.9667,0,2313.75,2314.23,2314.23,2313.75,1714627680000,3,,0,,0,0,0,0,0,false
,3,2314.2367,0,2314.39,2314.4,2314.4,2313.92,1714627740000,3,,0,,0,0,0,0,0,false
,2,2314.98,0,2314.96,2315,2315,2314.96,1714627800000,2,,0,,0,0,0,0,0,false
,3,2314.76,0,2314.4,2314.98,2314.98,2314.4,1714627860000,3,,0,,0,0,0,0,0,false
,2,2314.665,0,2314.6,2314.73,2314.73,2314.6,1714627920000,2,,0,,0,0,0,0,0,false
,3,2314.6767,0,2314.98,2314.5,2314.98,2314.5,1714627980000,3,,0,,0,0,0,0,0,false
,3,2314.3633,0,2314.14,2314.4,2314.55,2314.14,1714628040000,3,,0,,0,0,0,0,0,false
,2,2314.6,0,2314.6,2314.6,2314.6,2314.6,1714628100000,2,,0,,0,0,0,0,0,false
,4,2314.5375,0,2314.4,2315.22,2315.22,2313.7,1714628160000,4,,0,,0,0,0,0,0,false
,2,2315.05,0,2314.87,2315.23,2315.23,2314.87,1714628220000,2,,0,,0,0,0,0,0,false
,4,2314.685,0,2315.13,2314.86,2315.13,2313.8,1714628280000,4,,0,,0,0,0,0,0,false
,3,2314.9433,0,2314.83,2315.08,2315.08,2314.83,1714628340000,3,,0,,0,0,0,0,0,false
,2,2315.02,0,2315.05,2314.99,2315.05,2314.99,1714628400000,2,,0,,0,0,0,0,0,false
,2,2315.32,0,2315.17,2315.47,2315.47,2315.17,1714628460000,2,,0,,0,0,0,0,0,false
,2,2315.56,0,2315.53,2315.59,2315.59,2315.53,1714628520000,2,,0,,0,0,0,0,0,false
,3,2315.65,0,2315.47,2315.64,2315.84,2315.47,1714628580000,3,,0,,0,0,0,0,0,false
,3,2315.8767,0,2315.98,2315.81,2315.98,2315.81,1714628640000,3,,0,,0,0,0,0,0,false
,2,2315.685,0,2315.89,2315.48,2315.89,2315.48,1714628700000,2,,0,,0,0,0,0,0,false
,3,2315.7433,0,2315.81,2315.79,2315.81,2315.63,1714628760000,3,,0,,0,0,0,0,0,false
,2,2315.61,0,2315.67,2315.55,2315.67,2315.55,1714628820000,2,,0,,0,0,0,0,0,false
,3,2315.68,0,2315.79,2315.5,2315.79,2315.5,1714628880000,3,,0,,0,0,0,0,0,false
,3,2315.2933,0,2315.07,2315.06,2315.75,2315.06,1714628940000,3,,0,,0,0,0,0,0,false
,2,2314.945,0,2315.03,2314.86,2315.03,2314.86,1714629000000,2,,0,,0,0,0,0,0,false
,2,2314.775,0,2314.67,2314.88,2314.88,2314.67,1714629060000,2,,0,,0,0,0,0,0,false
,2,2315.15,0,2315.24,2315.06,2315.24,2315.06,1714629120000,2,,0,,0,0,0,0,0,false
,3,2315.11,0,2314.88,2315.16,2315.29,2314.88,1714629180000,3,,0,,0,0,0,0,0,false
,3,2315.2567,0,2315.23,2315.25,2315.29,2315.23,1714629240000,3,,0,,0,0,0,0,0,false
,2,2315.515,0,2315.4,2315.63,2315.63,2315.4,1714629300000,2,,0,,0,0,0,0,0,false
,3,2315.41,0,2315.21,2315.62,2315.62,2315.21,1714629360000,3,,0,,0,0,0,0,0,false
,2,2315.515,0,2315.54,2315.49,2315.54,2315.49,1714629420000,2,,0,,0,0,0,0,0,false
,3,2315.4733,0,2315.62,2315.48,2315.62,2315.32,1714629480000,3,,0,,0,0,0,0,0,false
,3,2315.2267,0,2315.33,2315.03,2315.33,2315.03,1714629540000,3,,0,,0,0,0,0,0,false
,2,2314.675,0,2314.55,2314.8,2314.8,2314.55,1714629600000,2,,0,,0,0,0,0,0,false
,3,2314.3633,0,2314.55,2313.83,2314.71,2313.83,1714629660000,3,,0,,0,0,0,0,0,false
,2,2314.305,0,2314.36,2314.25,2314.36,2314.25,1714629720000,2,,0,,0,0,0,0,0,false
,3,2313.0767,0,2313.68,2313.05,2313.68,2312.5,1714629780000,3,,0,,0,0,0,0,0,false
,3,2313.3933,0,2312.8,2313.45,2313.93,2312.8,1714629840000,3,,0,,0,0,0,0,0,false
,2,2313.97,0,2313.62,2314.32,2314.32,2313.62,1714629900000,2,,0,,0,0,0,0,0,false
,3,2313.9233,0,2313.99,2314.16,2314.16,2313.62,1714629960000,3,,0,,0,0,0,0,0,false
,2,2313.675,0,2313.51,2313.84,2313.84,2313.51,1714630020000,2,,0,,0,0,0,0,0,false
,3,2314.0333,0,2314.16,2313.94,2314.16,2313.94,1714630080000,3,,0,,0,0,0,0,0,false
,3,2314.5567,0,2314.59,2315.08,2315.08,2314,1714630140000,3,,0,,0,0,0,0,0,false
,2,2315.08,0,2315.33,2314.83,2315.33,2314.83,1714630200000,2,,0,,0,0,0,0,0,false
,3,2315.4133,0,2315.56,2315.61,2315.61,2315.07,1714630260000,3,,0,,0,0,0,0,0,false
,2,2315.69,0,2315.63,2315.75,2315.75,2315.63,1714630320000,2,,0,,0,0,0,0,0,false
,3,2315.9867,0,2315.61,2316.28,2316.28,2315.61,1714630380000,3,,0,,0,0,0,0,0,false
,3,2316.1333,0,2316.03,2316.3,2316.3,2316.03,1714630440000,3,,0,,0,0,0,0,0,false
,2,2316.115,0,2316.17,2316.06,2316.17,2316.06,1714630500000,2,,0,,0,0,0,0,0,false
,3,2316.06,0,2315.99,2316.02,2316.17,2315.99,1714630560000,3,,0,,0,0,0,0,0,false
,2,2316.255,0,2316.21,2316.3,2316.3,2316.21,1714630620000,2,,0,,0,0,0,0,0,false
,3,2316.3433,0,2316.02,2316.52,2316.52,2316.02,1714630680000,3,,0,,0,0,0,0,0,false
,3,2316.68,0,2316.61,2316.94,2316.94,2316.49,1714630740000,3,,0,,0,0,0,0,0,false
,2,2317.885,0,2317.74,2318.03,2318.03,2317.74,1714630800000,2,,0,,0,0,0,0,0,false
,3,2317.4467,0,2317.77,2317.93,2317.93,2316.64,1714630860000,3,,0,,0,0,0,0,0,false
,2,2317.675,0,2317.73,2317.62,2317.73,2317.62,1714630920000,2,,0,,0,0,0,0,0,false
,3,2317.3633,0,2318.1,2317.03,2318.1,2316.96,1714630980000,3,,0,,0,0,0,0,0,false
,3,2316.6767,0,2316.73,2316.62,2316.73,2316.62,1714631040000,3,,0,,0,0,0,0,0,false
,2,2316.82,0,2316.67,2316.97,2316.97,2316.67,1714631100000,2,,0,,0,0,0,0,0,false
,3,2317.2133,0,2317.4,2317.57,2317.57,2316.67,1714631160000,3,,0,,0,0,0,0,0,false
,2,2316.825,0,2316.56,2317.09,2317.09,2316.56,1714631220000,2,,0,,0,0,0,0,0,false
,3,2317.0833,0,2317.57,2316.57,2317.57,2316.57,1714631280000,3,,0,,0,0,0,0,0,false
,3,2316.8133,0,2316.69,2316.64,2317.11,2316.64,1714631340000,3,,0,,0,0,0,0,0,false
,2,2316.74,0,2316.63,2316.85,2316.85,2316.63,1714631400000,2,,0,,0,0,0,0,0,false
,3,2317.04,0,2317.15,2317.34,2317.34,2316.63,1714631460000,3,,0,,0,0,0,0,0,false
,2,2317.755,0,2317.6,2317.91,2317.91,2317.6,1714631520000,2,,0,,0,0,0,0,0,false
,3,2317.7,0,2317.34,2317.99,2317.99,2317.34,1714631580000,3,,0,,0,0,0,0,0,false
,3,2318.0067,0,2318.03,2318.36,2318.36,2317.63,1714631640000,3,,0,,0,0,0,0,0,false
,2,2318.76,0,2318.74,2318.78,2318.78,2318.74,1714631700000,2,,0,,0,0,0,0,0,false
,3,2318.23,0,2318.13,2317.82,2318.74,2317.82,1714631760000,3,,0,,0,0,0,0,0,false
,2,2317.765,0,2317.53,2318,2318,2317.53,1714631820000,2,,0,,0,0,0,0,0,false
,3,2317.65,0,2317.95,2317.31,2317.95,2317.31,1714631880000,3,,0,,0,0,0,0,0,false
,3,2317.1967,0,2317.01,2316.89,2317.69,2316.89,1714631940000,3,,0,,0,0,0,0,0,false
,2,2316.825,0,2317.01,2316.64,2317.01,2316.64,1714632000000,2,,0,,0,0,0,0,0,false
,3,2316.4233,0,2316.38,2315.88,2317.01,2315.88,1714632060000,3,,0,,0,0,0,0,0,false
,2,2315.435,0,2315.66,2315.21,2315.66,2315.21,1714632120000,2,,0,,0,0,0,0,0,false
,3,2315.34,0,2316.37,2314.63,2316.37,2314.63,1714632180000,3,,0,,0,0,0,0,0,false
,3,2314.5467,0,2314.55,2314.07,2315.02,2314.07,1714632240000,3,,0,,0,0,0,0,0,false
,2,2313.67,0,2313.63,2313.71,2313.71,2313.63,1714632300000,2,,0,,0,0,0,0,0,false
,3,2313.3633,0,2313.36,2313.25,2313.48,2313.25,1714632360000,3,,0,,0,0,0,0,0,false
,2,2313.78,0,2313.59,2313.97,2313.97,2313.59,1714632420000,2,,0,,0,0,0,0,0,false
,3,2313.9333,0,2313.25,2314.22,2314.33,2313.25,1714632480000,3,,0,,0,0,0,0,0,false
,3,2314.6033,0,2314.69,2314.79,2314.79,2314.33,1714632540000,3,,0,,0,0,0,0,0,false
,2,2315.195,0,2314.98,2315.41,2315.41,2314.98,1714632600000,2,,0,,0,0,0,0,0,false
,2,2315.05,0,2315.12,2314.98,2315.12,2314.98,1714632660000,2,,0,,0,0,0,0,0,false
,2,2314.66,0,2314.83,2314.49,2314.83,2314.49,1714632720000,2,,0,,0,0,0,0,0,false
,3,2314.6367,0,2314.98,2314.37,2314.98,2314.37,1714632780000,3,,0,,0,0,0,0,0,false
,3,2314.21,0,2314.15,2314.37,2314.37,2314.11,1714632840000,3,,0,,0,0,0,0,0,false
,2,2313.86,0,2314.01,2313.71,2314.01,2313.71,1714632900000,2,,0,,0,0,0,0,0,false
,3,2313.44,0,2313.12,2313.19,2314.01,2313.12,1714632960000,3,,0,,0,0,0,0,0,false
,2,2313.19,0,2313.13,2313.25,2313.25,2313.13,1714633020000,2,,0,,0,0,0,0,0,false
,4,2312.8025,0,2313.19,2312.95,2313.19,2312,1714633080000,4,,0,,0,0,0,0,0,false
,3,2313.36,0,2313.6,2312.95,2313.6,2312.95,1714633140000,3,,0,,0,0,0,0,0,false
,2,2313.165,0,2312.83,2313.5,2313.5,2312.83,1714633200000,2,,0,,0,0,0,0,0,false
,3,2313.7867,0,2313.68,2314.47,2314.47,2313.21,1714633260000,3,,0,,0,0,0,0,0,false
,2,2314.925,0,2314.93,2314.92,2314.93,2314.92,1714633320000,2,,0,,0,0,0,0,0,false
,3,2314.21,0,2313.69,2314.44,2314.5,2313.69,1714633380000,3,,0,,0,0,0,0,0,false
,3,2314.47,0,2314.54,2314.38,2314.54,2314.38,1714633440000,3,,0,,0,0,0,0,0,false
,2,2314.63,0,2314.48,2314.78,2314.78,2314.48,1714633500000,2,,0,,0,0,0,0,0,false
,3,2314.3567,0,2314.09,2314.5,2314.5,2314.09,1714633560000,3,,0,,0,0,0,0,0,false
,2,2313.66,0,2314.01,2313.31,2314.01,2313.31,1714633620000,2,,0,,0,0,0,0,0,false
,3,2313.3033,0,2314.5,2312.26,2314.5,2312.26,1714633680000,3,,0,,0,0,0,0,0,false
,3,2311.8267,0,2311.46,2313.14,2313.14,2310.88,1714633740000,3,,0,,0,0,0,0,0,false
,2,2310.95,0,2311.41,2310.49,2311.41,2310.49,1714633800000,2,,0,,0,0,0,0,0,false
,3,2310.9933,0,2311.16,2311.31,2311.31,2310.51,1714633860000,3,,0,,0,0,0,0,0,false
,2,2310.675,0,2310.85,2310.5,2310.85,2310.5,1714633920000,2,,0,,0,0,0,0,0,false
,3,2310.5333,0,2310.88,2310.33,2310.88,2310.33,1714633980000,3,,0,,0,0,0,0,0,false
,2,2310.005,0,2310.21,2309.8,2310.21,2309.8,1714634040000,2,,0,,0,0,0,0,0,false
,3,2309.3367,0,2310.33,2308.43,2310.33,2308.43,1714634100000,3,,0,,0,0,0,0,0,false
,3,2308.6567,0,2308.22,2308.19,2309.56,2308.19,1714634160000,3,,0,,0,0,0,0,0,false
,2,2309.165,0,2308.86,2309.47,2309.47,2308.86,1714634220000,2,,0,,0,0,0,0,0,false
,3,2308.94,0,2308.19,2309.44,2309.44,2308.19,1714634280000,3,,0,,0,0,0,0,0,false
,2,2310.34,0,2310.19,2310.49,2310.49,2310.19,1714634340000,2,,0,,0,0,0,0,0,false
,3,2309.7933,0,2308.64,2310.3,2310.44,2308.64,1714634400000,3,,0,,0,0,0,0,0,false
,2,2310.5,0,2310.5,2310.5,2310.5,2310.5,1714634460000,2,,0,,0,0,0,0,0,false
,2,2310.535,0,2310.49,2310.58,2310.58,2310.49,1714634520000,2,,0,,0,0,0,0,0,false
,3,2310.8933,0,2310.78,2311.21,2311.21,2310.69,1714634580000,3,,0,,0,0,0,0,0,false
,2,2311.65,0,2311.48,2311.82,2311.82,2311.48,1714634640000,2,,0,,0,0,0,0,0,false
,2,2311.885,0,2311.94,2311.83,2311.94,2311.83,1714634700000,2,,0,,0,0,0,0,0,false
,3,2311.83,0,2311.76,2311.79,2311.94,2311.76,1714634760000,3,,0,,0,0,0,0,0,false
,2,2311.82,0,2312.03,2311.61,2312.03,2311.61,1714634820000,2,,0,,0,0,0,0,0,false
,3,2311.43,0,2311.79,2311.33,2311.79,2311.17,1714634880000,3,,0,,0,0,0,0,0,false
,2,2310.86,0,2310.82,2310.9,2310.9,2310.82,1714634940000,2,,0,,0,0,0,0,0,false
,3,2310.7367,0,2311.33,2310.54,2311.33,2310.34,1714635000000,3,,0,,0,0,0,0,0,false
,3,2310.76,0,2310.88,2310.84,2310.88,2310.56,1714635060000,3,,0,,0,0,0,0,0,false
,2,2311.245,0,2311.29,2311.2,2311.29,2311.2,1714635120000,2,,0,,0,0,0,0,0,false
,3,2310.76,0,2310.84,2310.66,2310.84,2310.66,1714635180000,3,,0,,0,0,0,0,0,false
,2,2310.645,0,2310.5,2310.79,2310.79,2310.5,1714635240000,2,,0,,0,0,0,0,0,false
,3,2310.54,0,2310.66,2310.39,2310.66,2310.39,1714635300000,3,,0,,0,0,0,0,0,false
,3,2310.79,0,2310.74,2311.06,2311.06,2310.57,1714635360000,3,,0,,0,0,0,0,0,false
,3,2310.9333,0,2311.36,2310.94,2311.36,2310.5,1714635420000,3,,0,,0,0,0,0,0,false
,2,2311.15,0,2311.16,2311.14,2311.16,2311.14,1714635480000,2,,0,,0,0,0,0,0,false
,2,2312.285,0,2311.98,2312.59,2312.59,2311.98,1714635540000,2,,0,,0,0,0,0,0,false
,3,2311.8833,0,2311.14,2311.88,2312.63,2311.14,1714635600000,3,,0,,0,0,0,0,0,false
,3,2311.3633,0,2310.99,2311.11,2311.99,2310.99,1714635660000,3,,0,,0,0,0,0,0,false
,2,2310.74,0,2310.69,2310.79,2310.79,2310.69,1714635720000,2,,0,,0,0,0,0,0,false
,3,2310.7167,0,2311.04,2310.68,2311.04,2310.43,1714635780000,3,,0,,0,0,0,0,0,false
,2,2310.26,0,2310.19,2310.33,2310.33,2310.19,1714635840000,2,,0,,0,0,0,0,0,false
,3,2310.5733,0,2310.68,2310.54,2310.68,2310.5,1714635900000,3,,0,,0,0,0,0,0,false
,3,2310.5867,0,2310.48,2310.78,2310.78,2310.48,1714635960000,3,,0,,0,0,0,0,0,false
,2,2310.445,0,2310.32,2310.57,2310.57,2310.32,1714636020000,2,,0,,0,0,0,0,0,false
,3,2310.36,0,2310.78,2309.86,2310.78,2309.86,1714636080000,3,,0,,0,0,0,0,0,false
,2,2310.09,0,2309.93,2310.25,2310.25,2309.93,1714636140000,2,,0,,0,0,0,0,0,false
,3,2310.68,0,2310.12,2311.17,2311.17,2310.12,1714636200000,3,,0,,0,0,0,0,0,false
,3,2310.36,0,2310.58,2310.52,2310.58,2309.98,1714636260000,3,,0,,0,0,0,0,0,false
,2,2310.365,0,2310.46,2310.27,2310.46,2310.27,1714636320000,2,,0,,0,0,0,0,0,false
,2,2309.89,0,2310.06,2309.72,2310.06,2309.72,1714636380000,2,,0,,0,0,0,0,0,false
,2,2309.73,0,2309.77,2309.69,2309.77,2309.69,1714636440000,2,,0,,0,0,0,0,0,false
,3,2309.6567,0,2310.05,2309.32,2310.05,2309.32,1714636500000,3,,0,,0,0,0,0,0,false
,3,2309.23,0,2309.16,2308.93,2309.6,2308.93,1714636560000,3,,0,,0,0,0,0,0,false
,2,2308.91,0,2308.95,2308.87,2308.95,2308.87,1714636620000,2,,0,,0,0,0,0,0,false
,3,2308.8733,0,2308.58,2309.09,2309.09,2308.58,1714636680000,3,,0,,0,0,0,0,0,false
,2,2308.905,0,2308.84,2308.97,2308.97,2308.84,1714636740000,2,,0,,0,0,0,0,0,false
,3,2309.1967,0,2308.59,2309.37,2309.63,2308.59,1714636800000,3,,0,,0,0,0,0,0,false
,3,2309.36,0,2309.53,2309.41,2309.53,2309.14,1714636860000,3,,0,,0,0,0,0,0,false
,2,2309.47,0,2309.34,2309.6,2309.6,2309.34,1714636920000,2,,0,,0,0,0,0,0,false
,3,2309.7667,0,2309.88,2310.08,2310.08,2309.34,1714636980000,3,,0,,0,0,0,0,0,false
,2,2310.195,0,2310.37,2310.02,2310.37,2310.02,1714637040000,2,,0,,0,0,0,0,0,false
,3,2310.22,0,2310.08,2310.11,2310.47,2310.08,1714637100000,3,,0,,0,0,0,0,0,false
,3,2310.2167,0,2310.15,2310.12,2310.38,2310.12,1714637160000,3,,0,,0,0,0,0,0,false
,2,2310.31,0,2310,2310.62,2310.62,2310,1714637220000,2,,0,,0,0,0,0,0,false
,3,2310.2933,0,2310.92,2309.96,2310.92,2309.96,1714637280000,3,,0,,0,0,0,0,0,false
,2,2309.66,0,2309.84,2309.48,2309.84,2309.48,1714637340000,2,,0,,0,0,0,0,0,false
,3,2309.2933,0,2309.96,2308.87,2309.96,2308.87,1714637400000,3,,0,,0,0,0,0,0,false
,2,2308.525,0,2308.69,2308.36,2308.69,2308.36,1714637460000,2,,0,,0,0,0,0,0,false
,2,2308.1,0,2308.26,2307.94,2308.26,2307.94,1714637520000,2,,0,,0,0,0,0,0,false
,3,2307.4867,0,2307.01,2307.19,2308.26,2307.01,1714637580000,3,,0,,0,0,0,0,0,false
,2,2307.72,0,2307.74,2307.7,2307.74,2307.7,1714637640000,2,,0,,0,0,0,0,0,false
,3,2307.4667,0,2307.24,2307.56,2307.6,2307.24,1714637700000,3,,0,,0,0,0,0,0,false
,3,2307.49,0,2307.13,2307.74,2307.74,2307.13,1714637760000,3,,0,,0,0,0,0,0,false
,2,2307.68,0,2307.92,2307.44,2307.92,2307.44,1714637820000,2,,0,,0,0,0,0,0,false
,3,2307.28,0,2307.44,2306.45,2307.95,2306.45,1714637880000,3,,0,,0,0,0,0,0,false
,2,2306.52,0,2306.16,2306.88,2306.88,2306.16,1714637940000,2,,0,,0,0,0,0,0,false
,3,2307.1033,0,2307.43,2306.73,2307.43,2306.73,1714638000000,3,,0,,0,0,0,0,0,false
,3,2307.01,0,2306.79,2307.09,2307.15,2306.79,1714638060000,3,,0,,0,0,0,0,0,false
,2,2307.1,0,2307.03,2307.17,2307.17,2307.03,1714638120000,2,,0,,0,0,0,0,0,false
,3,2307.5033,0,2307.58,2307.9,2307.9,2307.03,1714638180000,3,,0,,0,0,0,0,0,false
,2,2307.775,0,2307.94,2307.61,2307.94,2307.61,1714638240000,2,,0,,0,0,0,0,0,false
,3,2307.5767,0,2307.86,2307.5,2307.86,2307.37,1714638300000,3,,0,,0,0,0,0,0,false
,3,2307.2433,0,2307.24,2307.12,2307.37,2307.12,1714638360000,3,,0,,0,0,0,0,0,false
,2,2306.515,0,2306.62,2306.41,2306.62,2306.41,1714638420000,2,,0,,0,0,0,0,0,false
,3,2305.6533,0,2305.33,2304.83,2306.8,2304.83,1714638480000,3,,0,,0,0,0,0,0,false
,2,2304.655,0,2304.9,2304.41,2304.9,2304.41,1714638540000,2,,0,,0,0,0,0,0,false
,3,2305.0033,0,2305.04,2305.09,2305.09,2304.88,1714638600000,3,,0,,0,0,0,0,0,false
,3,2305.4133,0,2305.34,2305.89,2305.89,2305.01,1714638660000,3,,0,,0,0,0,0,0,false
,2,2306.065,0,2306.01,2306.12,2306.12,2306.01,1714638720000,2,,0,,0,0,0,0,0,false
,3,2305.9567,0,2306.07,2306,2306.07,2305.8,1714638780000,3,,0,,0,0,0,0,0,false
,2,2305.71,0,2305.83,2305.59,2305.83,2305.59,1714638840000,2,,0,,0,0,0,0,0,false
,3,2305.98,0,2306,2306.5,2306.5,2305.44,1714638900000,3,,0,,0,0,0,0,0,false
,3,2305.8333,0,2306.12,2305.94,2306.12,2305.44,1714638960000,3,,0,,0,0,0,0,0,false
,2,2306.07,0,2305.84,2306.3,2306.3,2305.84,1714639020000,2,,0,,0,0,0,0,0,false
,3,2305.9933,0,2306.18,2305.96,2306.18,2305.84,1714639080000,3,,0,,0,0,0,0,0,false
,2,2305.535,0,2305.97,2305.1,2305.97,2305.1,1714639140000,2,,0,,0,0,0,0,0,false
,3,2305.48,0,2305.96,2305.16,2305.96,2305.16,1714639200000,3,,0,,0,0,0,0,0,false
,3,2305.4,0,2305.14,2305.74,2305.74,2305.14,1714639260000,3,,0,,0,0,0,0,0,false
,2,2306.1,0,2306.09,2306.11,2306.11,2306.09,1714639320000,2,,0,,0,0,0,0,0,false
,3,2306.0433,0,2306.35,2306.32,2306.35,2305.46,1714639380000,3,,0,,0,0,0,0,0,false
,2,2305.88,0,2305.85,2305.91,2305.91,2305.85,1714639440000,2,,0,,0,0,0,0,0,false
,3,2306.4867,0,2306.48,2306.22,2306.76,2306.22,1714639500000,3,,0,,0,0,0,0,0,false
,3,2306.5033,0,2306.45,2306.55,2306.55,2306.45,1714639560000,3,,0,,0,0,0,0,0,false
,2,2306.775,0,2307.02,2306.53,2307.02,2306.53,1714639620000,2,,0,,0,0,0,0,0,false
,3,2306.8467,0,2306.75,2306.88,2306.91,2306.75,1714639680000,3,,0,,0,0,0,0,0,false
,2,2306.57,0,2306.64,2306.5,2306.64,2306.5,1714639740000,2,,0,,0,0,0,0,0,false
,3,2306.2967,0,2306.88,2305.73,2306.88,2305.73,1714639800000,3,,0,,0,0,0,0,0,false
,3,2305.7933,0,2305.71,2306.28,2306.28,2305.39,1714639860000,3,,0,,0,0,0,0,0,false
,2,2304.905,0,2305.09,2304.72,2305.09,2304.72,1714639920000,2,,0,,0,0,0,0,0,false
,3,2304.87,0,2304.61,2304.91,2305.09,2304.61,1714639980000,3,,0,,0,0,0,0,0,false
,2,2304.65,0,2305.06,2304.24,2305.06,2304.24,1714640040000,2,,0,,0,0,0,0,0,false
,3,2304.0867,0,2304.91,2303.94,2304.91,2303.41,1714640100000,3,,0,,0,0,0,0,0,false
,3,2304.0233,0,2303.98,2304.05,2304.05,2303.98,1714640160000,3,,0,,0,0,0,0,0,false
,2,2304.005,0,2303.9,2304.11,2304.11,2303.9,1714640220000,2,,0,,0,0,0,0,0,false
,4,2304.1,0,2304.48,2304.52,2304.52,2303.5,1714640280000,4,,0,,0,0,0,0,0,false
,2,2304.355,0,2304.79,2303.92,2304.79,2303.92,1714640340000,2,,0,,0,0,0,0,0,false
,3,2304.07,0,2304.52,2304.18,2304.52,2303.51,1714640400000,3,,0,,0,0,0,0,0,false
,2,2304.275,0,2304.23,2304.32,2304.32,2304.23,1714640460000,2,,0,,0,0,0,0,0,false
,3,2304.1267,0,2304.18,2304.04,2304.18,2304.04,1714640520000,3,,0,,0,0,0,0,0,false
,3,2304.0333,0,2303.9,2304.04,2304.16,2303.9,1714640580000,3,,0,,0,0,0,0,0,false
,2,2303.99,0,2303.89,2304.09,2304.09,2303.89,1714640640000,2,,0,,0,0,0,0,0,false
,3,2304.1567,0,2304.04,2304.25,2304.25,2304.04,1714640700000,3,,0,,0,0,0,0,0,false
,2,2304.34,0,2304.3,2304.38,2304.38,2304.3,1714640760000,2,,0,,0,0,0,0,0,false
,3,2304.34,0,2304.25,2304.48,2304.48,2304.25,1714640820000,3,,0,,0,0,0,0,0,false
,3,2304.36,0,2304.46,2304.33,2304.46,2304.29,1714640880000,3,,0,,0,0,0,0,0,false
,2,2303.805,0,2304.07,2303.54,2304.07,2303.54,1714640940000,2,,0,,0,0,0,0,0,false
,3,2304.0567,0,2304.33,2303.88,2304.33,2303.88,1714641000000,3,,0,,0,0,0,0,0,false
,2,2303.675,0,2303.7,2303.65,2303.7,2303.65,1714641060000,2,,0,,0,0,0,0,0,false
,3,2304.0333,0,2303.88,2304.22,2304.22,2303.88,1714641120000,3,,0,,0,0,0,0,0,false
,3,2304.29,0,2304.31,2304.61,2304.61,2303.95,1714641180000,3,,0,,0,0,0,0,0,false
,2,2304.945,0,2304.98,2304.91,2304.98,2304.91,1714641240000,2,,0,,0,0,0,0,0,false
,3,2304.8933,0,2304.61,2305.14,2305.14,2304.61,1714641300000,3,,0,,0,0,0,0,0,false
,2,2305.11,0,2304.96,2305.26,2305.26,2304.96,1714641360000,2,,0,,0,0,0,0,0,false
,3,2304.8667,0,2305.14,2304.64,2305.14,2304.64,1714641420000,3,,0,,0,0,0,0,0,false
,3,2304.8033,0,2304.77,2304.7,2304.94,2304.7,1714641480000,3,,0,,0,0,0,0,0,false
,2,2304.38,0,2304.46,2304.3,2304.46,2304.3,1714641540000,2,,0,,0,0,0,0,0,false
,3,2304.25,0,2304.7,2303.83,2304.7,2303.83,1714641600000,3,,0,,0,0,0,0,0,false
,2,2303.475,0,2303.64,2303.31,2303.64,2303.31,1714641660000,2,,0,,0,0,0,0,0,false
,4,2303.2,0,2304.21,2303.36,2304.21,2302.1,1714641720000,4,,0,,0,0,0,0,0,false
,3,2303.13,0,2302.96,2303.3,2303.3,2302.96,1714641780000,3,,0,,0,0,0,0,0,false
,2,2303.7,0,2303.56,2303.84,2303.84,2303.56,1714641840000,2,,0,,0,0,0,0,0,false
,3,2303.32,0,2303.3,2303.04,2303.62,2303.04,1714641900000,3,,0,,0,0,0,0,0,false
,2,2303.05,0,2302.88,2303.22,2303.22,2302.88,1714641960000,2,,0,,0,0,0,0,0,false
,3,2303.1633,0,2303.3,2303.03,2303.3,2303.03,1714642020000,3,,0,,0,0,0,0,0,false
,3,2302.99,0,2302.82,2302.78,2303.37,2302.78,1714642080000,3,,0,,0,0,0,0,0,false
,2,2302.265,0,2302.6,2301.93,2302.6,2301.93,1714642140000,2,,0,,0,0,0,0,0,false
,3,2301.7167,0,2302.78,2301.11,2302.78,2301.11,1714642200000,3,,0,,0,0,0,0,0,false
,2,2300.755,0,2300.85,2300.66,2300.85,2300.66,1714642260000,2,,0,,0,0,0,0,0,false
,2,2301.145,0,2301.16,2301.13,2301.16,2301.13,1714642320000,2,,0,,0,0,0,0,0,false
,3,2300.7533,0,2300.79,2301.26,2301.26,2300.21,1714642380000,3,,0,,0,0,0,0,0,false
,2,2300.2,0,2300.09,2300.31,2300.31,2300.09,1714642440000,2,,0,,0,0,0,0,0,false
,3,2300.05,0,2300.05,2300.01,2300.09,2300.01,1714642500000,3,,0,,0,0,0,0,0,false
,2,2299.725,0,2299.46,2299.99,2299.99,2299.46,1714642560000,2,,0,,0,0,0,0,0,false
,3,2300,0,2300.12,2299.88,2300.12,2299.88,1714642620000,3,,0,,0,0,0,0,0,false
,3,2299.4467,0,2299.28,2299.88,2299.88,2299.18,1714642680000,3,,0,,0,0,0,0,0,false
,2,2299.085,0,2298.81,2299.36,2299.36,2298.81,1714642740000,2,,0,,0,0,0,0,0,false
,3,2299.4267,0,2299.86,2299.56,2299.86,2298.86,1714642800000,3,,0,,0,0,0,0,0,false
,2,2299.865,0,2299.41,2300.32,2300.32,2299.41,1714642860000,2,,0,,0,0,0,0,0,false
,3,2300.5033,0,2300.89,2301.21,2301.21,2299.41,1714642920000,3,,0,,0,0,0,0,0,false
,2,2301.115,0,2301.1,2301.13,2301.13,2301.1,1714642980000,2,,0,,0,0,0,0,0,false
,2,2300.89,0,2300.8,2300.98,2300.98,2300.8,1714643040000,2,,0,,0,0,0,0,0,false
,3,2300.93,0,2301.15,2300.84,2301.15,2300.8,1714643100000,3,,0,,0,0,0,0,0,false
,2,2301.03,0,2300.83,2301.23,2301.23,2300.83,1714643160000,2,,0,,0,0,0,0,0,false
,3,2300.93,0,2300.94,2301.02,2301.02,2300.83,1714643220000,3,,0,,0,0,0,0,0,false
,3,2301.1567,0,2301.25,2301.02,2301.25,2301.02,1714643280000,3,,0,,0,0,0,0,0,false
,2,2301.215,0,2301.21,2301.22,2301.22,2301.21,1714643340000,2,,0,,0,0,0,0,0,false
,3,2301.59,0,2301.57,2301.99,2301.99,2301.21,1714643400000,3,,0,,0,0,0,0,0,false
,2,2301.29,0,2301.41,2301.17,2301.41,2301.17,1714643460000,2,,0,,0,0,0,0,0,false
,3,2301.2733,0,2301.15,2301.26,2301.41,2301.15,1714643520000,3,,0,,0,0,0,0,0,false
,3,2301.3167,0,2301.38,2301.26,2301.38,2301.26,1714643580000,3,,0,,0,0,0,0,0,false
,2,2301.365,0,2301.47,2301.26,2301.47,2301.26,1714643640000,2,,0,,0,0,0,0,0,false
,3,2301.8133,0,2301.87,2302.1,2302.1,2301.47,1714643700000,3,,0,,0,0,0,0,0,false
,2,2302.275,0,2302.18,2302.37,2302.37,2302.18,1714643760000,2,,0,,0,0,0,0,0,false
,3,2301.9733,0,2302.21,2301.74,2302.21,2301.74,1714643820000,3,,0,,0,0,0,0,0,false
,3,2301.7167,0,2301.55,2302.2,2302.2,2301.4,1714643880000,3,,0,,0,0,0,0,0,false
,2,2301.83,0,2301.76,2301.9,2301.9,2301.76,1714643940000,2,,0,,0,0,0,0,0,false
,3,2301.71,0,2301.77,2301.9,2301.9,2301.46,1714644000000,3,,0,,0,0,0,0,0,false
,2,2301.405,0,2301.59,2301.22,2301.59,2301.22,1714644060000,2,,0,,0,0,0,0,0,false
,3,2300.95,0,2300.87,2300.39,2301.59,2300.39,1714644120000,3,,0,,0,0,0,0,0,false
,3,2299.6667,0,2300.27,2300.57,2300.57,2298.16,1714644180000,3,,0,,0,0,0,0,0,false
,2,2297.845,0,2297.38,2298.31,2298.31,2297.38,1714644240000,2,,0,,0,0,0,0,0,false
,3,2298.1433,0,2298.24,2298.27,2298.27,2297.92,1714644300000,3,,0,,0,0,0,0,0,false
,2,2297.96,0,2297.85,2298.07,2298.07,2297.85,1714644360000,2,,0,,0,0,0,0,0,false
,3,2298.43,0,2298.84,2298.6,2298.84,2297.85,1714644420000,3,,0,,0,0,0,0,0,false
,3,2298.54,0,2298.92,2298.6,2298.92,2298.1,1714644480000,3,,0,,0,0,0,0,0,false
,1,2298.32,0,2298.32,2298.32,2298.32,2298.32,1714644540000,1,,0,,0,0,0,0,0,false
,3,2298.11,0,2298.2,2298.32,2298.32,2297.81,1714644600000,3,,0,,0,0,0,0,0,false
,2,2297.315,0,2297.21,2297.42,2297.42,2297.21,1714644660000,2,,0,,0,0,0,0,0,false
,4,2297.41,0,2297.42,2297.25,2297.55,2297.25,1714644720000,4,,0,,0,0,0,0,0,false
,3,2296.6633,0,2296.63,2297.25,2297.25,2296.11,1714644780000,3,,0,,0,0,0,0,0,false
,2,2296.57,0,2296.68,2296.46,2296.68,2296.46,1714644840000,2,,0,,0,0,0,0,0,false
,3,2296.71,0,2296.95,2296.46,2296.95,2296.46,1714644900000,3,,0,,0,0,0,0,0,false
,2,2296.97,0,2296.9,2297.04,2297.04,2296.9,1714644960000,2,,0,,0,0,0,0,0,false
,3,2297.6467,0,2297.89,2298.15,2298.15,2296.9,1714645020000,3,,0,,0,0,0,0,0,false
,3,2297.7867,0,2297.82,2297.73,2297.82,2297.73,1714645080000,3,,0,,0,0,0,0,0,false
,2,2296.73,0,2297.28,2296.18,2297.28,2296.18,1714645140000,2,,0,,0,0,0,0,0,false
,3,2296.8067,0,2296.89,2296.26,2297.27,2296.26,1714645200000,3,,0,,0,0,0,0,0,false
,2,2297.515,0,2297.51,2297.52,2297.52,2297.51,1714645260000,2,,0,,0,0,0,0,0,false
,2,2297.155,0,2297.01,2297.3,2297.3,2297.01,1714645320000,2,,0,,0,0,0,0,0,false
,3,2297.66,0,2297.79,2297.3,2297.89,2297.3,1714645380000,3,,0,,0,0,0,0,0,false
,2,2297.435,0,2297.36,2297.51,2297.51,2297.36,1714645440000,2,,0,,0,0,0,0,0,false
,3,2297.78,0,2297.71,2297.51,2298.12,2297.51,1714645500000,3,,0,,0,0,0,0,0,false
,2,2297.77,0,2298.14,2297.4,2298.14,2297.4,1714645560000,2,,0,,0,0,0,0,0,false
,3,2297.2467,0,2296.73,2297.13,2297.88,2296.73,1714645620000,3,,0,,0,0,0,0,0,false
,3,2296.9233,0,2297.01,2296.74,2297.02,2296.74,1714645680000,3,,0,,0,0,0,0,0,false
,3,2296.6,0,2297,2296.9,2297,2295.9,1714645740000,3,,0,,0,0,0,0,0,false
,3,2296.1067,0,2295.79,2296.9,2296.9,2295.63,1714645800000,3,,0,,0,0,0,0,0,false
,2,2295.65,0,2295.45,2295.85,2295.85,2295.45,1714645860000,2,,0,,0,0,0,0,0,false
,3,2295.97,0,2296.23,2295.94,2296.23,2295.74,1714645920000,3,,0,,0,0,0,0,0,false
,3,2296.1167,0,2296.18,2295.94,2296.23,2295.94,1714645980000,3,,0,,0,0,0,0,0,false
,2,2296.01,0,2296.02,2296,2296.02,2296,1714646040000,2,,0,,0,0,0,0,0,false
,3,2295.76,0,2295.58,2296,2296,2295.58,1714646100000,3,,0,,0,0,0,0,0,false
,2,2296.335,0,2296.44,2296.23,2296.44,2296.23,1714646160000,2,,0,,0,0,0,0,0,false
,3,2296.2733,0,2296.2,2296.62,2296.62,2296,1714646220000,3,,0,,0,0,0,0,0,false
,3,2296.5033,0,2296.45,2296.21,2296.85,2296.21,1714646280000,3,,0,,0,0,0,0,0,false
,2,2296.86,0,2297.05,2296.67,2297.05,2296.67,1714646340000,2,,0,,0,0,0,0,0,false
,3,2297.29,0,2297.37,2296.67,2297.83,2296.67,1714646400000,3,,0,,0,0,0,0,0,false
,2,2297.48,0,2297.61,2297.35,2297.61,2297.35,1714646460000,2,,0,,0,0,0,0,0,false
,3,2297.2633,0,2297.08,2297.1,2297.61,2297.08,1714646520000,3,,0,,0,0,0,0,0,false
,3,2296.85,0,2296.77,2297.1,2297.1,2296.68,1714646580000,3,,0,,0,0,0,0,0,false
,2,2296.755,0,2296.86,2296.65,2296.86,2296.65,1714646640000,2,,0,,0,0,0,0,0,false
,3,2296.6667,0,2296.62,2296.65,2296.73,2296.62,1714646700000,3,,0,,0,0,0,0,0,false
,3,2296.4967,0,2296.78,2296.81,2296.81,2295.9,1714646760000,3,,0,,0,0,0,0,0,false
,3,2296.66,0,2296.61,2296.59,2296.78,2296.59,1714646820000,3,,0,,0,0,0,0,0,false
,2,2297.025,0,2297.05,2297,2297.05,2297,1714646880000,2,,0,,0,0,0,0,0,false
,3,2296.43,0,2296.59,2296.14,2296.59,2296.14,1714646940000,3,,0,,0,0,0,0,0,false
,3,2296.8233,0,2296.5,2296.35,2297.62,2296.35,1714647000000,3,,0,,0,0,0,0,0,false
,2,2297.82,0,2297.73,2297.91,2297.91,2297.73,1714647060000,2,,0,,0,0,0,0,0,false
,2,2297.655,0,2297.69,2297.62,2297.69,2297.62,1714647120000,2,,0,,0,0,0,0,0,false
,2,2297.555,0,2297.48,2297.63,2297.63,2297.48,1714647180000,2,,0,,0,0,0,0,0,false
,3,2297.8533,0,2297.62,2298.08,2298.08,2297.62,1714647240000,3,,0,,0,0,0,0,0,false
,3,2297.9633,0,2297.82,2298.08,2298.08,2297.82,1714647300000,3,,0,,0,0,0,0,0,false
,2,2298.52,0,2298.46,2298.58,2298.58,2298.46,1714647360000,2,,0,,0,0,0,0,0,false
,3,2298.5333,0,2299.01,2298.3,2299.01,2298.29,1714647420000,3,,0,,0,0,0,0,0,false
,2,2298.42,0,2298.24,2298.6,2298.6,2298.24,1714647480000,2,,0,,0,0,0,0,0,false
,4,2298.5,0,2298.8,2299.26,2299.26,2297.7,1714647540000,4,,0,,0,0,0,0,0,false
,3,2299.1467,0,2299.57,2298.94,2299.57,2298.93,1714647600000,3,,0,,0,0,0,0,0,false
,2,2298.785,0,2298.96,2298.61,2298.96,2298.61,1714647660000,2,,0,,0,0,0,0,0,false
,3,2298.8667,0,2298.61,2299.03,2299.03,2298.61,1714647720000,3,,0,,0,0,0,0,0,false
,2,2299.325,0,2299.25,2299.4,2299.4,2299.25,1714647780000,2,,0,,0,0,0,0,0,false
,3,2299.59,0,2299.93,2300.14,2300.14,2298.7,1714647840000,3,,0,,0,0,0,0,0,false
,3,2299.97,0,2299.65,2300.14,2300.14,2299.65,1714647900000,3,,0,,0,0,0,0,0,false
,2,2300.65,0,2300.31,2300.99,2300.99,2300.31,1714647960000,2,,0,,0,0,0,0,0,false
,3,2301.2133,0,2301.73,2301.6,2301.73,2300.31,1714648020000,3,,0,,0,0,0,0,0,false
,2,2301.81,0,2301.79,2301.83,2301.83,2301.79,1714648080000,2,,0,,0,0,0,0,0,false
,4,2301.67,0,2302.6,2301.87,2302.6,2300.61,1714648140000,4,,0,,0,0,0,0,0,false
,3,2301.91,0,2301.86,2301.74,2302.13,2301.74,1714648200000,3,,0,,0,0,0,0,0,false
,2,2301.93,0,2301.86,2302,2302,2301.86,1714648260000,2,,0,,0,0,0,0,0,false
,3,2302.2433,0,2302.38,2302.49,2302.49,2301.86,1714648320000,3,,0,,0,0,0,0,0,false
,2,2301.975,0,2302.06,2301.89,2302.06,2301.89,1714648380000,2,,0,,0,0,0,0,0,false
,3,2301.4567,0,2300.95,2301.27,2302.15,2300.95,1714648440000,3,,0,,0,0,0,0,0,false
,3,2300.9567,0,2301.07,2301.27,2301.27,2300.53,1714648500000,3,,0,,0,0,0,0,0,false
,2,2300.49,0,2300.63,2300.35,2300.63,2300.35,1714648560000,2,,0,,0,0,0,0,0,false
,3,2300.3467,0,2300.23,2300.18,2300.63,2300.18,1714648620000,3,,0,,0,0,0,0,0,false
,3,2299.3867,0,2299.81,2299.65,2299.81,2298.7,1714648680000,3,,0,,0,0,0,0,0,false
,3,2299.94,0,2300.07,2299.89,2300.07,2299.86,1714648740000,3,,0,,0,0,0,0,0,false
,3,2299.76,0,2299.75,2299.89,2299.89,2299.64,1714648800000,3,,0,,0,0,0,0,0,false
,2,2299.84,0,2299.95,2299.73,2299.95,2299.73,1714648860000,2,,0,,0,0,0,0,0,false
,3,2300.04,0,2300.07,2300.11,2300.11,2299.94,1714648920000,3,,0,,0,0,0,0,0,false
,2,2300.52,0,2300.59,2300.45,2300.59,2300.45,1714648980000,2,,0,,0,0,0,0,0,false
,3,2300.1333,0,2300.28,2299.71,2300.41,2299.71,1714649040000,3,,0,,0,0,0,0,0,false
,3,2299.7367,0,2299.47,2300.27,2300.27,2299.47,1714649100000,3,,0,,0,0,0,0,0,false
,2,2298.83,0,2298.93,2298.73,2298.93,2298.73,1714649160000,2,,0,,0,0,0,0,0,false
,3,2299.0267,0,2298.8,2298.82,2299.46,2298.8,1714649220000,3,,0,,0,0,0,0,0,false
,2,2298.205,0,2297.7,2298.71,2298.71,2297.7,1714649280000,2,,0,,0,0,0,0,0,false
,3,2298.97,0,2299.21,2299.5,2299.5,2298.2,1714649340000,3,,0,,0,0,0,0,0,false
,2,2299.27,0,2299.2,2299.34,2299.34,2299.2,1714649400000,2,,0,,0,0,0,0,0,false
,2,2299.135,0,2299.19,2299.08,2299.19,2299.08,1714649460000,2,,0,,0,0,0,0,0,false
,3,2299.2333,0,2299.38,2299.13,2299.38,2299.13,1714649520000,3,,0,,0,0,0,0,0,false
,2,2299.135,0,2299.23,2299.04,2299.23,2299.04,1714649580000,2,,0,,0,0,0,0,0,false
,3,2299.2333,0,2299.23,2299.24,2299.24,2299.23,1714649640000,3,,0,,0,0,0,0,0,false
,3,2299.7433,0,2299.67,2299.24,2300.32,2299.24,1714649700000,3,,0,,0,0,0,0,0,false
,2,2300.87,0,2300.68,2301.06,2301.06,2300.68,1714649760000,2,,0,,0,0,0,0,0,false
,3,2300.4533,0,2300.44,2300.97,2300.97,2299.95,1714649820000,3,,0,,0,0,0,0,0,false
,2,2300.3,0,2300.36,2300.24,2300.36,2300.24,1714649880000,2,,0,,0,0,0,0,0,false
,3,2300.0133,0,2300.01,2299.68,2300.35,2299.68,1714649940000,3,,0,,0,0,0,0,0,false
,3,2299.6233,0,2299.38,2299.68,2299.81,2299.38,1714650000000,3,,0,,0,0,0,0,0,false
,2,2299.8,0,2300.01,2299.59,2300.01,2299.59,1714650060000,2,,0,,0,0,0,0,0,false
,3,2299.5667,0,2299.59,2299.1,2300.01,2299.1,1714650120000,3,,0,,0,0,0,0,0,false
,2,2298.725,0,2298.9,2298.55,2298.9,2298.55,1714650180000,2,,0,,0,0,0,0,0,false
,3,2298.9033,0,2298.93,2298.88,2298.93,2298.88,1714650240000,3,,0,,0,0,0,0,0,false
,3,2299.3867,0,2299.7,2298.88,2299.7,2298.88,1714650300000,3,,0,,0,0,0,0,0,false
,2,2299.215,0,2299.29,2299.14,2299.29,2299.14,1714650360000,2,,0,,0,0,0,0,0,false
,3,2298.8233,0,2298.83,2298.35,2299.29,2298.35,1714650420000,3,,0,,0,0,0,0,0,false
,2,2298.175,0,2298.26,2298.09,2298.26,2298.09,1714650480000,2,,0,,0,0,0,0,0,false
,3,2298.6667,0,2298.9,2298.84,2298.9,2298.26,1714650540000,3,,0,,0,0,0,0,0,false
,3,2298.55,0,2298.35,2298.72,2298.72,2298.35,1714650600000,3,,0,,0,0,0,0,0,false
,2,2297.955,0,2298.18,2297.73,2298.18,2297.73,1714650660000,2,,0,,0,0,0,0,0,false
,3,2298.0933,0,2298.07,2297.97,2298.24,2297.97,1714650720000,3,,0,,0,0,0,0,0,false
,2,2297.7,0,2297.52,2297.88,2297.88,2297.52,1714650780000,2,,0,,0,0,0,0,0,false
,3,2298.1633,0,2298.5,2298.47,2298.5,2297.52,1714650840000,3,,0,,0,0,0,0,0,false
,3,2298.41,0,2298.37,2298.47,2298.47,2298.37,1714650900000,3,,0,,0,0,0,0,0,false
,2,2298.355,0,2298.32,2298.39,2298.39,2298.32,1714650960000,2,,0,,0,0,0,0,0,false
,2,2298.795,0,2298.69,2298.9,2298.9,2298.69,1714651020000,2,,0,,0,0,0,0,0,false
,2,2299.05,0,2298.91,2299.19,2299.19,2298.91,1714651080000,2,,0,,0,0,0,0,0,false
,3,2299.0467,0,2299.17,2299.06,2299.17,2298.91,1714651140000,3,,0,,0,0,0,0,0,false
,3,2298.5467,0,2298.36,2299.06,2299.06,2298.22,1714651200000,3,,0,,0,0,0,0,0,false
,2,2297.94,0,2298.14,2297.74,2298.14,2297.74,1714651260000,2,,0,,0,0,0,0,0,false
,2,2297.39,0,2297.57,2297.21,2297.57,2297.21,1714651320000,2,,0,,0,0,0,0,0,false
,2,2297.68,0,2297.18,2298.18,2298.18,2297.18,1714651380000,2,,0,,0,0,0,0,0,false
,3,2298.03,0,2298.07,2298.83,2298.83,2297.19,1714651440000,3,,0,,0,0,0,0,0,false
,3,2297.7833,0,2298.07,2298.18,2298.18,2297.1,1714651500000,3,,0,,0,0,0,0,0,false
,2,2298.55,0,2298.51,2298.59,2298.59,2298.51,1714651560000,2,,0,,0,0,0,0,0,false
,3,2298.6033,0,2298.57,2298.59,2298.65,2298.57,1714651620000,3,,0,,0,0,0,0,0,false
,2,2298.3,0,2298.41,2298.19,2298.41,2298.19,1714651680000,2,,0,,0,0,0,0,0,false
,3,2298.5533,0,2298.5,2298.75,2298.75,2298.41,1714651740000,3,,0,,0,0,0,0,0,false
,3,2299.1667,0,2299.35,2298.75,2299.4,2298.75,1714651800000,3,,0,,0,0,0,0,0,false
,2,2299.745,0,2299.37,2300.12,2300.12,2299.37,1714651860000,2,,0,,0,0,0,0,0,false
,3,2299.6833,0,2299.64,2299.38,2300.03,2299.38,1714651920000,3,,0,,0,0,0,0,0,false
,2,2300.05,0,2299.93,2300.17,2300.17,2299.93,1714651980000,2,,0,,0,0,0,0,0,false
,3,2300.5133,0,2300.61,2301,2301,2299.93,1714652040000,3,,0,,0,0,0,0,0,false
,3,2301.1833,0,2301.55,2301,2301.55,2301,1714652100000,3,,0,,0,0,0,0,0,false
,2,2300.405,0,2300.39,2300.42,2300.42,2300.39,1714652160000,2,,0,,0,0,0,0,0,false
,3,2300.7,0,2300.78,2300.42,2300.9,2300.42,1714652220000,3,,0,,0,0,0,0,0,false
,2,2300.875,0,2300.99,2300.76,2300.99,2300.76,1714652280000,2,,0,,0,0,0,0,0,false
,3,2300.3967,0,2300.31,2299.89,2300.99,2299.89,1714652340000,3,,0,,0,0,0,0,0,false
,3,2299.2367,0,2298.93,2300.11,2300.11,2298.67,1714652400000,3,,0,,0,0,0,0,0,false
,2,2299.73,0,2299.29,2300.17,2300.17,2299.29,1714652460000,2,,0,,0,0,0,0,0,false
,3,2300.6933,0,2301.16,2300.17,2301.16,2300.17,1714652520000,3,,0,,0,0,0,0,0,false
,2,2301.94,0,2301.45,2302.43,2302.43,2301.45,1714652580000,2,,0,,0,0,0,0,0,false
,3,2301.5233,0,2302.53,2302.13,2302.53,2299.91,1714652640000,3,,0,,0,0,0,0,0,false
,3,2302.3367,0,2302.87,2301.24,2302.9,2301.24,1714652700000,3,,0,,0,0,0,0,0,false
,2,2302.28,0,2302.06,2302.5,2302.5,2302.06,1714652760000,2,,0,,0,0,0,0,0,false
,3,2302.7767,0,2303.05,2302.5,2303.05,2302.5,1714652820000,3,,0,,0,0,0,0,0,false
,2,2302.7,0,2302.56,2302.84,2302.84,2302.56,1714652880000,2,,0,,0,0,0,0,0,false
,3,2302.9033,0,2303.13,2303.02,2303.13,2302.56,1714652940000,3,,0,,0,0,0,0,0,false
,3,2301.3633,0,2300.63,2303.02,2303.02,2300.44,1714653000000,3,,0,,0,0,0,0,0,false
,2,2299.34,0,2299.37,2299.31,2299.37,2299.31,1714653060000,2,,0,,0,0,0,0,0,false
,3,2299.7867,0,2298.99,2300.94,2300.94,2298.99,1714653120000,3,,0,,0,0,0,0,0,false
,2,2298.935,0,2298.88,2298.99,2298.99,2298.88,1714653180000,2,,0,,0,0,0,0,0,false
,3,2299.16,0,2299.07,2299.53,2299.53,2298.88,1714653240000,3,,0,,0,0,0,0,0,false
,2,2299.2,0,2299.35,2299.05,2299.35,2299.05,1714653300000,2,,0,,0,0,0,0,0,false
,3,2299.8567,0,2299.08,2300.63,2300.63,2299.08,1714653360000,3,,0,,0,0,0,0,0,false
,2,2301.365,0,2301.41,2301.32,2301.41,2301.32,1714653420000,2,,0,,0,0,0,0,0,false
,2,2301.15,0,2301.12,2301.18,2301.18,2301.12,1714653480000,2,,0,,0,0,0,0,0,false
,3,2301.55,0,2301.69,2301.84,2301.84,2301.12,1714653540000,3,,0,,0,0,0,0,0,false
,2,2302.695,0,2302.14,2303.25,2303.25,2302.14,1714653600000,2,,0,,0,0,0,0,0,false
,3,2302.0333,0,2301.84,2302.16,2302.16,2301.84,1714653660000,3,,0,,0,0,0,0,0,false
,3,2302.2467,0,2301.89,2302.16,2302.69,2301.89,1714653720000,3,,0,,0,0,0,0,0,false
,2,2302.655,0,2302.61,2302.7,2302.7,2302.61,1714653780000,2,,0,,0,0,0,0,0,false
,3,2302.1433,0,2302.23,2302.28,2302.28,2301.92,1714653840000,3,,0,,0,0,0,0,0,false
,2,2303.55,0,2303.02,2304.08,2304.08,2303.02,1714653900000,2,,0,,0,0,0,0,0,false
,3,2303.0733,0,2302.28,2302.87,2304.07,2302.28,1714653960000,3,,0,,0,0,0,0,0,false
,3,2302.7467,0,2302.73,2302.87,2302.87,2302.64,1714654020000,3,,0,,0,0,0,0,0,false
,2,2301.62,0,2301.99,2301.25,2301.99,2301.25,1714654080000,2,,0,,0,0,0,0,0,false
,3,2301.7867,0,2301.39,2301.71,2302.26,2301.39,1714654140000,3,,0,,0,0,0,0,0,false
,2,2301.76,0,2301.95,2301.57,2301.95,2301.57,1714654200000,2,,0,,0,0,0,0,0,false
,3,2301.0967,0,2301.71,2300.65,2301.71,2300.65,1714654260000,3,,0,,0,0,0,0,0,false
,3,2301.0567,0,2301.43,2300.79,2301.43,2300.79,1714654320000,3,,0,,0,0,0,0,0,false
,2,2300.495,0,2300.53,2300.46,2300.53,2300.46,1714654380000,2,,0,,0,0,0,0,0,false
,3,2300.0233,0,2300.3,2299.24,2300.53,2299.24,1714654440000,3,,0,,0,0,0,0,0,false
,2,2298.685,0,2298.7,2298.67,2298.7,2298.67,1714654500000,2,,0,,0,0,0,0,0,false
,3,2298.3167,0,2300.29,2297.04,2300.29,2297.04,1714654560000,3,,0,,0,0,0,0,0,false
,3,2296.94,0,2296.96,2297.04,2297.04,2296.82,1714654620000,3,,0,,0,0,0,0,0,false
,2,2296.415,0,2296.42,2296.41,2296.42,2296.41,1714654680000,2,,0,,0,0,0,0,0,false
,3,2295.2433,0,2295.63,2293.74,2296.36,2293.74,1714654740000,3,,0,,0,0,0,0,0,false
,2,2294.78,0,2294.9,2294.66,2294.9,2294.66,1714654800000,2,,0,,0,0,0,0,0,false
,3,2294.35,0,2294.11,2294.04,2294.9,2294.04,1714654860000,3,,0,,0,0,0,0,0,false
,3,2293.3767,0,2292.75,2294.04,2294.04,2292.75,1714654920000,3,,0,,0,0,0,0,0,false
,2,2294.375,0,2294.34,2294.41,2294.41,2294.34,1714654980000,2,,0,,0,0,0,0,0,false
,3,2294.0367,0,2293.79,2294.38,2294.38,2293.79,1714655040000,3,,0,,0,0,0,0,0,false
,2,2293.425,0,2293.85,2293,2293.85,2293,1714655100000,2,,0,,0,0,0,0,0,false
,3,2292.89,0,2292.56,2292.35,2293.76,2292.35,1714655160000,3,,0,,0,0,0,0,0,false
,3,2291.8667,0,2292.02,2292.35,2292.35,2291.23,1714655220000,3,,0,,0,0,0,0,0,false
,2,2289.715,0,2290.23,2289.2,2290.23,2289.2,1714655280000,2,,0,,0,0,0,0,0,false
,3,2289.9433,0,2289.46,2289.18,2291.19,2289.18,1714655340000,3,,0,,0,0,0,0,0,false
,2,2290.29,0,2289.75,2290.83,2290.83,2289.75,1714655400000,2,,0,,0,0,0,0,0,false
,3,2289.6767,0,2289.76,2289.49,2289.78,2289.49,1714655460000,3,,0,,0,0,0,0,0,false
,3,2288.29,0,2288.51,2289.49,2289.49,2286.87,1714655520000,3,,0,,0,0,0,0,0,false
,2,2287.405,0,2287.21,2287.6,2287.6,2287.21,1714655580000,2,,0,,0,0,0,0,0,false
,3,2288.32,0,2288.91,2288.5,2288.91,2287.55,1714655640000,3,,0,,0,0,0,0,0,false
,2,2288.58,0,2288.85,2288.31,2288.85,2288.31,1714655700000,2,,0,,0,0,0,0,0,false
,3,2287.37,0,2286.94,2287.26,2287.91,2286.94,1714655760000,3,,0,,0,0,0,0,0,false
,3,2286.9833,0,2287.36,2287.24,2287.36,2286.35,1714655820000,3,,0,,0,0,0,0,0,false
,2,2287.35,0,2287.1,2287.6,2287.6,2287.1,1714655880000,2,,0,,0,0,0,0,0,false
,3,2287.7367,0,2287.48,2288.63,2288.63,2287.1,1714655940000,3,,0,,0,0,0,0,0,false
,2,2287.915,0,2287.71,2288.12,2288.12,2287.71,1714656000000,2,,0,,0,0,0,0,0,false
,3,2287.8,0,2287.72,2287.97,2287.97,2287.71,1714656060000,3,,0,,0,0,0,0,0,false
,3,2288.4533,0,2287.73,2287.97,2289.66,2287.73,1714656120000,3,,0,,0,0,0,0,0,false
,2,2289.365,0,2289.32,2289.41,2289.41,2289.32,1714656180000,2,,0,,0,0,0,0,0,false
,3,2289.1933,0,2289.82,2289.86,2289.86,2287.9,1714656240000,3,,0,,0,0,0,0,0,false
,2,2289.505,0,2289.67,2289.34,2289.67,2289.34,1714656300000,2,,0,,0,0,0,0,0,false
,3,2289.6667,0,2289.7,2290.59,2290.59,2288.71,1714656360000,3,,0,,0,0,0,0,0,false
,2,2290.39,0,2290.59,2290.19,2290.59,2290.19,1714656420000,2,,0,,0,0,0,0,0,false
,2,2289.77,0,2289.48,2290.06,2290.06,2289.48,1714656480000,2,,0,,0,0,0,0,0,false
,3,2289.8733,0,2289.76,2290.38,2290.38,2289.48,1714656540000,3,,0,,0,0,0,0,0,false
,2,2291.02,0,2290.7,2291.34,2291.34,2290.7,1714656600000,2,,0,,0,0,0,0,0,false
,2,2293.135,0,2293.18,2293.09,2293.18,2293.09,1714656660000,2,,0,,0,0,0,0,0,false
,2,2292.305,0,2292.23,2292.38,2292.38,2292.23,1714656720000,2,,0,,0,0,0,0,0,false
,2,2293.61,0,2293.1,2294.12,2294.12,2293.1,1714656780000,2,,0,,0,0,0,0,0,false
,3,2293.3,0,2293.74,2293.18,2293.74,2292.98,1714656840000,3,,0,,0,0,0,0,0,false
,2,2292.45,0,2292.25,2292.65,2292.65,2292.25,1714656900000,2,,0,,0,0,0,0,0,false
,3,2293.93,0,2294.87,2294.67,2294.87,2292.25,1714656960000,3,,0,,0,0,0,0,0,false
,3,2294.48,0,2294.95,2293.35,2295.14,2293.35,1714657020000,3,,0,,0,0,0,0,0,false
,2,2294.555,0,2295.29,2293.82,2295.29,2293.82,1714657080000,2,,0,,0,0,0,0,0,false
,3,2294.0067,0,2294.4,2293.61,2294.4,2293.61,1714657140000,3,,0,,0,0,0,0,0,false
,2,2294.07,0,2294.84,2293.3,2294.84,2293.3,1714657200000,2,,0,,0,0,0,0,0,false
,3,2293.3633,0,2292.84,2293.84,2293.84,2292.84,1714657260000,3,,0,,0,0,0,0,0,false
,3,2293.7067,0,2293.84,2293.33,2293.95,2293.33,1714657320000,3,,0,,0,0,0,0,0,false
,2,2292.155,0,2291.97,2292.34,2292.34,2291.97,1714657380000,2,,0,,0,0,0,0,0,false
,3,2291.2933,0,2291.61,2290.75,2291.61,2290.75,1714657440000,3,,0,,0,0,0,0,0,false
,2,2291.135,0,2291.43,2290.84,2291.43,2290.84,1714657500000,2,,0,,0,0,0,0,0,false
,3,2290.0333,0,2289.39,2289.28,2291.43,2289.28,1714657560000,3,,0,,0,0,0,0,0,false
,3,2288.8633,0,2289.08,2289.29,2289.29,2288.22,1714657620000,3,,0,,0,0,0,0,0,false
,2,2289.005,0,2289.09,2288.92,2289.09,2288.92,1714657680000,2,,0,,0,0,0,0,0,false
,3,2288.6833,0,2288.86,2288.96,2288.96,2288.23,1714657740000,3,,0,,0,0,0,0,0,false
,2,2287.425,0,2287.62,2287.23,2287.62,2287.23,1714657800000,2,,0,,0,0,0,0,0,false
,3,2287.3933,0,2287.29,2287.27,2287.62,2287.27,1714657860000,3,,0,,0,0,0,0,0,false
,3,2287.1,0,2287.38,2287.27,2287.38,2286.65,1714657920000,3,,0,,0,0,0,0,0,false
,2,2286.06,0,2285.63,2286.49,2286.49,2285.63,1714657980000,2,,0,,0,0,0,0,0,false
,3,2287.3167,0,2287.44,2287.78,2287.78,2286.73,1714658040000,3,,0,,0,0,0,0,0,false
,2,2289.29,0,2289.28,2289.3,2289.3,2289.28,1714658100000,2,,0,,0,0,0,0,0,false
,3,2288.8667,0,2289.68,2289.58,2289.68,2287.34,1714658160000,3,,0,,0,0,0,0,0,false
,3,2290.37,0,2290.82,2289.14,2291.15,2289.14,1714658220000,3,,0,,0,0,0,0,0,false
,2,2291.995,0,2292.12,2291.87,2292.12,2291.87,1714658280000,2,,0,,0,0,0,0,0,false
,2,2291.145,0,2291.65,2290.64,2291.65,2290.64,1714658340000,2,,0,,0,0,0,0,0,false
,2,2291.155,0,2291.26,2291.05,2291.26,2291.05,1714658400000,2,,0,,0,0,0,0,0,false
,3,2291.8767,0,2291.45,2292.92,2292.92,2291.26,1714658460000,3,,0,,0,0,0,0,0,false
,3,2291.6433,0,2291.45,2291.86,2291.86,2291.45,1714658520000,3,,0,,0,0,0,0,0,false
,2,2291.53,0,2291.74,2291.32,2291.74,2291.32,1714658580000,2,,0,,0,0,0,0,0,false
,3,2291.4767,0,2291.2,2291.73,2291.73,2291.2,1714658640000,3,,0,,0,0,0,0,0,false
,2,2293.035,0,2292.88,2293.19,2293.19,2292.88,1714658700000,2,,0,,0,0,0,0,0,false
,3,2293.01,0,2293.63,2293.58,2293.63,2291.82,1714658760000,3,,0,,0,0,0,0,0,false
,3,2293.4167,0,2293.88,2293.28,2293.88,2293.09,1714658820000,3,,0,,0,0,0,0,0,false
,2,2293.355,0,2294.01,2292.7,2294.01,2292.7,1714658880000,2,,0,,0,0,0,0,0,false
,3,2291,0,2290.52,2292.7,2292.7,2289.78,1714658940000,3,,0,,0,0,0,0,0,false
,2,2288.625,0,2288.33,2288.92,2288.92,2288.33,1714659000000,2,,0,,0,0,0,0,0,false
,3,2288.9567,0,2288.51,2288.01,2290.35,2288.01,1714659060000,3,,0,,0,0,0,0,0,false
,4,2287.6875,0,2287.75,2288.01,2288.19,2286.8,1714659120000,4,,0,,0,0,0,0,0,false
,2,2288.91,0,2288.79,2289.03,2289.03,2288.79,1714659180000,2,,0,,0,0,0,0,0,false
,3,2289.2167,0,2289.41,2288.85,2289.41,2288.85,1714659240000,3,,0,,0,0,0,0,0,false
,2,2289.235,0,2288.97,2289.5,2289.5,2288.97,1714659300000,2,,0,,0,0,0,0,0,false
,3,2289.76,0,2290.44,2289.87,2290.44,2288.97,1714659360000,3,,0,,0,0,0,0,0,false
,2,2291.16,0,2290.33,2291.99,2291.99,2290.33,1714659420000,2,,0,,0,0,0,0,0,false
,3,2291.7333,0,2289.87,2292.84,2292.84,2289.87,1714659480000,3,,0,,0,0,0,0,0,false
,2,2294.625,0,2293.56,2295.69,2295.69,2293.56,1714659540000,2,,0,,0,0,0,0,0,false
,2,2296.78,0,2297.01,2296.55,2297.01,2296.55,1714659600000,2,,0,,0,0,0,0,0,false
,3,2294.84,0,2295.56,2296.45,2296.45,2292.51,1714659660000,3,,0,,0,0,0,0,0,false
,2,2296.435,0,2296.17,2296.7,2296.7,2296.17,1714659720000,2,,0,,0,0,0,0,0,false
,3,2297.75,0,2296.45,2298.94,2298.94,2296.45,1714659780000,3,,0,,0,0,0,0,0,false
,2,2298.275,0,2298.85,2297.7,2298.85,2297.7,1714659840000,2,,0,,0,0,0,0,0,false
,2,2298.55,0,2298.35,2298.75,2298.75,2298.35,1714659900000,2,,0,,0,0,0,0,0,false
,2,2297.05,0,2297.81,2296.29,2297.81,2296.29,1714659960000,2,,0,,0,0,0,0,0,false
,2,2295.985,0,2296.14,2295.83,2296.14,2295.83,1714660020000,2,,0,,0,0,0,0,0,false
,3,2295.3733,0,2294.65,2295.33,2296.14,2294.65,1714660080000,3,,0,,0,0,0,0,0,false
,2,2295.21,0,2294.88,2295.54,2295.54,2294.88,1714660140000,2,,0,,0,0,0,0,0,false
,3,2295.33,0,2295.66,2295.46,2295.66,2294.87,1714660200000,3,,0,,0,0,0,0,0,false
,3,2296.0267,0,2296.38,2295.46,2296.38,2295.46,1714660260000,3,,0,,0,0,0,0,0,false
,2,2297.26,0,2296.6,2297.92,2297.92,2296.6,1714660320000,2,,0,,0,0,0,0,0,false
,3,2297.48,0,2298.94,2298.19,2298.94,2295.31,1714660380000,3,,0,,0,0,0,0,0,false
,2,2298.975,0,2299.12,2298.83,2299.12,2298.83,1714660440000,2,,0,,0,0,0,0,0,false
,2,2299.54,0,2299.33,2299.75,2299.75,2299.33,1714660500000,2,,0,,0,0,0,0,0,false
,3,2299.1033,0,2298.97,2299.75,2299.75,2298.59,1714660560000,3,,0,,0,0,0,0,0,false
,2,2298.72,0,2298.48,2298.96,2298.96,2298.48,1714660620000,2,,0,,0,0,0,0,0,false
,4,2298.1675,0,2298.24,2298.75,2298.75,2297.2,1714660680000,4,,0,,0,0,0,0,0,false
,2,2298.925,0,2299.16,2298.69,2299.16,2298.69,1714660740000,2,,0,,0,0,0,0,0,false
,3,2298.9133,0,2299.4,2298.18,2299.4,2298.18,1714660800000,3,,0,,0,0,0,0,0,false
,3,2298.77,0,2298.62,2298.38,2299.31,2298.38,1714660860000,3,,0,,0,0,0,0,0,false
,2,2300.765,0,2300.2,2301.33,2301.33,2300.2,1714660920000,2,,0,,0,0,0,0,0,false
,4,2300.3725,0,2300.99,2301.65,2301.65,2298.95,1714660980000,4,,0,,0,0,0,0,0,false
,2,2300.59,0,2301.23,2299.95,2301.23,2299.95,1714661040000,2,,0,,0,0,0,0,0,false
,3,2300.63,0,2300.64,2301.34,2301.34,2299.91,1714661100000,3,,0,,0,0,0,0,0,false
,3,2300.2367,0,2299.83,2300.65,2300.65,2299.83,1714661160000,3,,0,,0,0,0,0,0,false
,2,2301.35,0,2300.78,2301.92,2301.92,2300.78,1714661220000,2,,0,,0,0,0,0,0,false
,3,2301.8067,0,2302.45,2300.93,2302.45,2300.93,1714661280000,3,,0,,0,0,0,0,0,false
,2,2300.695,0,2300.87,2300.52,2300.87,2300.52,1714661340000,2,,0,,0,0,0,0,0,false
,3,2300.8133,0,2300.62,2300.95,2300.95,2300.62,1714661400000,3,,0,,0,0,0,0,0,false
,3,2301.29,0,2301.49,2300.95,2301.49,2300.95,1714661460000,3,,0,,0,0,0,0,0,false
,2,2301.87,0,2302.18,2301.56,2302.18,2301.56,1714661520000,2,,0,,0,0,0,0,0,false
,3,2300.6633,0,2300.34,2301.56,2301.56,2300.09,1714661580000,3,,0,,0,0,0,0,0,false
,2,2300.7,0,2300.72,2300.68,2300.72,2300.68,1714661640000,2,,0,,0,0,0,0,0,false
,3,2301.0167,0,2301,2301.33,2301.33,2300.72,1714661700000,3,,0,,0,0,0,0,0,false
,3,2301.2633,0,2300.75,2301.33,2301.71,2300.75,1714661760000,3,,0,,0,0,0,0,0,false
,2,2302.725,0,2302.32,2303.13,2303.13,2302.32,1714661820000,2,,0,,0,0,0,0,0,false
,2,2303.55,0,2303.3,2303.8,2303.8,2303.3,1714661880000,2,,0,,0,0,0,0,0,false
,2,2303.635,0,2303.85,2303.42,2303.85,2303.42,1714661940000,2,,0,,0,0,0,0,0,false
,3,2304.5433,0,2304.45,2305.33,2305.33,2303.85,1714662000000,3,,0,,0,0,0,0,0,false
,2,2305.435,0,2305.92,2304.95,2305.92,2304.95,1714662060000,2,,0,,0,0,0,0,0,false
,3,2304.1967,0,2303.52,2303.85,2305.22,2303.52,1714662120000,3,,0,,0,0,0,0,0,false
,3,2304.4733,0,2304.36,2305.21,2305.21,2303.85,1714662180000,3,,0,,0,0,0,0,0,false
,2,2303.77,0,2303.9,2303.64,2303.9,2303.64,1714662240000,2,,0,,0,0,0,0,0,false
,3,2304.26,0,2304.53,2304.35,2304.53,2303.9,1714662300000,3,,0,,0,0,0,0,0,false
,2,2304.535,0,2304.51,2304.56,2304.56,2304.51,1714662360000,2,,0,,0,0,0,0,0,false
,3,2305.0733,0,2304.35,2305.34,2305.53,2304.35,1714662420000,3,,0,,0,0,0,0,0,false
,3,2305.8433,0,2305.63,2305.19,2306.71,2305.19,1714662480000,3,,0,,0,0,0,0,0,false
,2,2305.715,0,2305.63,2305.8,2305.8,2305.63,1714662540000,2,,0,,0,0,0,0,0,false
,3,2305.4633,0,2305.27,2305.49,2305.63,2305.27,1714662600000,3,,0,,0,0,0,0,0,false
,2,2304.79,0,2304.42,2305.16,2305.16,2304.42,1714662660000,2,,0,,0,0,0,0,0,false
,3,2305.6633,0,2305.49,2305.53,2305.97,2305.49,1714662720000,3,,0,,0,0,0,0,0,false
,3,2304.1067,0,2303.88,2305.53,2305.53,2302.91,1714662780000,3,,0,,0,0,0,0,0,false
,2,2302.32,0,2302.77,2301.87,2302.77,2301.87,1714662840000,2,,0,,0,0,0,0,0,false
,3,2302.7167,0,2302.65,2302.73,2302.77,2302.65,1714662900000,3,,0,,0,0,0,0,0,false
,2,2303.17,0,2304.18,2302.16,2304.18,2302.16,1714662960000,2,,0,,0,0,0,0,0,false
,3,2301.9967,0,2302.62,2301.7,2302.62,2301.67,1714663020000,3,,0,,0,0,0,0,0,false
,3,2301.92,0,2301.77,2302.06,2302.06,2301.77,1714663080000,3,,0,,0,0,0,0,0,false
,2,2302.85,0,2302.67,2303.03,2303.03,2302.67,1714663140000,2,,0,,0,0,0,0,0,false
,3,2303.4533,0,2303.93,2303.58,2303.93,2302.85,1714663200000,3,,0,,0,0,0,0,0,false
,2,2304.15,0,2304.05,2304.25,2304.25,2304.05,1714663260000,2,,0,,0,0,0,0,0,false
,3,2304.1633,0,2303.58,2304.63,2304.63,2303.58,1714663320000,3,,0,,0,0,0,0,0,false
,3,2304.39,0,2305.06,2304.29,2305.06,2303.82,1714663380000,3,,0,,0,0,0,0,0,false
,2,2303.97,0,2304.19,2303.75,2304.19,2303.75,1714663440000,2,,0,,0,0,0,0,0,false
,3,2304.1633,0,2304.11,2304.19,2304.19,2304.11,1714663500000,3,,0,,0,0,0,0,0,false
,2,2304.28,0,2305.08,2303.48,2305.08,2303.48,1714663560000,2,,0,,0,0,0,0,0,false
,3,2304.0367,0,2304.19,2304.01,2304.19,2303.91,1714663620000,3,,0,,0,0,0,0,0,false
,3,2304.1767,0,2304.65,2304.04,2304.65,2303.84,1714663680000,3,,0,,0,0,0,0,0,false
,2,2304.315,0,2304.45,2304.18,2304.45,2304.18,1714663740000,2,,0,,0,0,0,0,0,false
,3,2303.9933,0,2304.1,2304.27,2304.27,2303.61,1714663800000,3,,0,,0,0,0,0,0,false
,2,2303.435,0,2303.93,2302.94,2303.93,2302.94,1714663860000,2,,0,,0,0,0,0,0,false
,3,2303.12,0,2304.27,2302.6,2304.27,2302.49,1714663920000,3,,0,,0,0,0,0,0,false
,3,2302.9267,0,2303.13,2302.6,2303.13,2302.6,1714663980000,3,,0,,0,0,0,0,0,false
,2,2302.755,0,2303.08,2302.43,2303.08,2302.43,1714664040000,2,,0,,0,0,0,0,0,false
,3,2302.1633,0,2302.27,2301.14,2303.08,2301.14,1714664100000,3,,0,,0,0,0,0,0,false
,2,2301.405,0,2301.08,2301.73,2301.73,2301.08,1714664160000,2,,0,,0,0,0,0,0,false
,2,2301.745,0,2301.54,2301.95,2301.95,2301.54,1714664220000,2,,0,,0,0,0,0,0,false
,3,2302.0233,0,2302.44,2301.55,2302.44,2301.55,1714664280000,3,,0,,0,0,0,0,0,false
,2,2302.61,0,2302.22,2303,2303,2302.22,1714664340000,2,,0,,0,0,0,0,0,false
,3,2303.61,0,2304.02,2304.59,2304.59,2302.22,1714664400000,3,,0,,0,0,0,0,0,false
,2,2304.155,0,2304.2,2304.11,2304.2,2304.11,1714664460000,2,,0,,0,0,0,0,0,false
,3,2303.6133,0,2303.32,2303.73,2303.79,2303.32,1714664520000,3,,0,,0,0,0,0,0,false
,3,2303.2733,0,2303.31,2303.73,2303.73,2302.78,1714664580000,3,,0,,0,0,0,0,0,false
,2,2303.13,0,2302.87,2303.39,2303.39,2302.87,1714664640000,2,,0,,0,0,0,0,0,false
,3,2302.9767,0,2303.84,2302.98,2303.84,2302.11,1714664700000,3,,0,,0,0,0,0,0,false
,2,2302.335,0,2302.3,2302.37,2302.37,2302.3,1714664760000,2,,0,,0,0,0,0,0,false
,2,2301.215,0,2301.56,2300.87,2301.56,2300.87,1714664820000,2,,0,,0,0,0,0,0,false
,3,2300.82,0,2300.8,2301.3,2301.3,2300.36,1714664880000,3,,0,,0,0,0,0,0,false
,2,2300.045,0,2300.36,2299.73,2300.36,2299.73,1714664940000,2,,0,,0,0,0,0,0,false
,3,2299.6133,0,2299.66,2298.82,2300.36,2298.82,1714665000000,3,,0,,0,0,0,0,0,false
,2,2299.13,0,2299.61,2298.65,2299.61,2298.65,1714665060000,2,,0,,0,0,0,0,0,false
,3,2298.7067,0,2298.56,2297.95,2299.61,2297.95,1714665120000,3,,0,,0,0,0,0,0,false
,2,2297.715,0,2297.96,2297.47,2297.96,2297.47,1714665180000,2,,0,,0,0,0,0,0,false
,2,2297.545,0,2297.2,2297.89,2297.89,2297.2,1714665240000,2,,0,,0,0,0,0,0,false
,3,2297.82,0,2297.49,2298.77,2298.77,2297.2,1714665300000,3,,0,,0,0,0,0,0,false
,2,2299.16,0,2298.78,2299.54,2299.54,2298.78,1714665360000,2,,0,,0,0,0,0,0,false
,2,2298.89,0,2299.17,2298.61,2299.17,2298.61,1714665420000,2,,0,,0,0,0,0,0,false
,3,2298.4733,0,2298.27,2298.61,2298.61,2298.27,1714665480000,3,,0,,0,0,0,0,0,false
,2,2299.345,0,2299.11,2299.58,2299.58,2299.11,1714665540000,2,,0,,0,0,0,0,0,false
,3,2298.8867,0,2299.57,2298.23,2299.57,2298.23,1714665600000,3,,0,,0,0,0,0,0,false
,2,2298.275,0,2297.91,2298.64,2298.64,2297.91,1714665660000,2,,0,,0,0,0,0,0,false
,3,2298.71,0,2298.61,2298.93,2298.93,2298.59,1714665720000,3,,0,,0,0,0,0,0,false
,3,2299.0967,0,2299.03,2298.93,2299.33,2298.93,1714665780000,3,,0,,0,0,0,0,0,false
,2,2298.795,0,2299.26,2298.33,2299.26,2298.33,1714665840000,2,,0,,0,0,0,0,0,false
,3,2298.93,0,2298.57,2298.96,2299.26,2298.57,1714665900000,3,,0,,0,0,0,0,0,false
,2,2300.015,0,2299.95,2300.08,2300.08,2299.95,1714665960000,2,,0,,0,0,0,0,0,false
,3,2299.65,0,2300.15,2299.66,2300.15,2299.14,1714666020000,3,,0,,0,0,0,0,0,false
,3,2300.0567,0,2300.37,2299.66,2300.37,2299.66,1714666080000,3,,0,,0,0,0,0,0,false
,3,2300.2833,0,2300.66,2300.59,2300.66,2299.6,1714666140000,3,,0,,0,0,0,0,0,false
,3,2300.1133,0,2300.79,2300.24,2300.79,2299.31,1714666200000,3,,0,,0,0,0,0,0,false
,2,2299.82,0,2299.76,2299.88,2299.88,2299.76,1714666260000,2,,0,,0,0,0,0,0,false
,3,2300.1333,0,2300.28,2300.36,2300.36,2299.76,1714666320000,3,,0,,0,0,0,0,0,false
,2,2300.385,0,2300.41,2300.36,2300.41,2300.36,1714666380000,2,,0,,0,0,0,0,0,false
,2,2300.28,0,2300.2,2300.36,2300.36,2300.2,1714666440000,2,,0,,0,0,0,0,0,false
,3,2300.8333,0,2300.96,2301.34,2301.34,2300.2,1714666500000,3,,0,,0,0,0,0,0,false
,2,2301.135,0,2301.42,2300.85,2301.42,2300.85,1714666560000,2,,0,,0,0,0,0,0,false
,3,2300.8467,0,2300.95,2300.52,2301.07,2300.52,1714666620000,3,,0,,0,0,0,0,0,false
,3,2300.4433,0,2300.23,2300.94,2300.94,2300.16,1714666680000,3,,0,,0,0,0,0,0,false
,2,2300.32,0,2300.01,2300.63,2300.63,2300.01,1714666740000,2,,0,,0,0,0,0,0,false
,3,2300.23,0,2301.09,2299.59,2301.09,2299.59,1714666800000,3,,0,,0,0,0,0,0,false
,2,2300.315,0,2300.51,2300.12,2300.51,2300.12,1714666860000,2,,0,,0,0,0,0,0,false
,3,2300.2967,0,2300.02,2300.36,2300.51,2300.02,1714666920000,3,,0,,0,0,0,0,0,false
,3,2300.43,0,2300.1,2300.36,2300.83,2300.1,1714666980000,3,,0,,0,0,0,0,0,false
,2,2300.055,0,2300.11,2300,2300.11,2300,1714667040000,2,,0,,0,0,0,0,0,false
,3,2299.9833,0,2300.2,2299.64,2300.2,2299.64,1714667100000,3,,0,,0,0,0,0,0,false
,2,2299.25,0,2299.24,2299.26,2299.26,2299.24,1714667160000,2,,0,,0,0,0,0,0,false
,3,2299.4633,0,2299.4,2299.44,2299.55,2299.4,1714667220000,3,,0,,0,0,0,0,0,false
,3,2299.5767,0,2299.55,2299.44,2299.74,2299.44,1714667280000,3,,0,,0,0,0,0,0,false
,2,2300.9,0,2300.73,2301.07,2301.07,2300.73,1714667340000,2,,0,,0,0,0,0,0,false
,3,2301.1233,0,2301.35,2301.98,2301.98,2300.04,1714667400000,3,,0,,0,0,0,0,0,false
,2,2301.995,0,2302.04,2301.95,2302.04,2301.95,1714667460000,2,,0,,0,0,0,0,0,false
,3,2301.7667,0,2301.83,2301.77,2301.83,2301.7,1714667520000,3,,0,,0,0,0,0,0,false
,3,2301.5333,0,2301.2,2301.77,2301.77,2301.2,1714667580000,3,,0,,0,0,0,0,0,false
,2,2301.95,0,2302.09,2301.81,2302.09,2301.81,1714667640000,2,,0,,0,0,0,0,0,false
,3,2301.9933,0,2302.13,2301.62,2302.23,2301.62,1714667700000,3,,0,,0,0,0,0,0,false
,2,2301.625,0,2301.68,2301.57,2301.68,2301.57,1714667760000,2,,0,,0,0,0,0,0,false
,3,2301.2667,0,2301.11,2301.01,2301.68,2301.01,1714667820000,3,,0,,0,0,0,0,0,false
,3,2301.29,0,2301.42,2301.01,2301.44,2301.01,1714667880000,3,,0,,0,0,0,0,0,false
,2,2301.575,0,2301.24,2301.91,2301.91,2301.24,1714667940000,2,,0,,0,0,0,0,0,false
,3,2301.6267,0,2301.82,2301.82,2301.82,2301.24,1714668000000,3,,0,,0,0,0,0,0,false
,2,2302.18,0,2302.41,2301.95,2302.41,2301.95,1714668060000,2,,0,,0,0,0,0,0,false
,3,2301.8133,0,2301.95,2301.43,2302.06,2301.43,1714668120000,3,,0,,0,0,0,0,0,false
,2,2302.18,0,2301.94,2302.42,2302.42,2301.94,1714668180000,2,,0,,0,0,0,0,0,false
,3,2302.71,0,2301.33,2303.43,2303.43,2301.33,1714668240000,3,,0,,0,0,0,0,0,false
,3,2302.4033,0,2302.83,2303.07,2303.07,2301.31,1714668300000,3,,0,,0,0,0,0,0,false
,2,2302.77,0,2302.87,2302.67,2302.87,2302.67,1714668360000,2,,0,,0,0,0,0,0,false
,3,2302.6767,0,2302.54,2302.62,2302.87,2302.54,1714668420000,3,,0,,0,0,0,0,0,false
,2,2302.76,0,2302.73,2302.79,2302.79,2302.73,1714668480000,2,,0,,0,0,0,0,0,false
,3,2302.72,0,2302.62,2302.71,2302.83,2302.62,1714668540000,3,,0,,0,0,0,0,0,false
,3,2302.6733,0,2302.5,2302.71,2302.81,2302.5,1714668600000,3,,0,,0,0,0,0,0,false
,2,2302.545,0,2302.43,2302.66,2302.66,2302.43,1714668660000,2,,0,,0,0,0,0,0,false
,3,2301.9833,0,2302.16,2301.36,2302.43,2301.36,1714668720000,3,,0,,0,0,0,0,0,false
,2,2301.03,0,2301.14,2300.92,2301.14,2300.92,1714668780000,2,,0,,0,0,0,0,0,false
,3,2300.9067,0,2302.01,2300.13,2302.01,2300.13,1714668840000,3,,0,,0,0,0,0,0,false
,3,2299.9633,0,2299.89,2300.57,2300.57,2299.43,1714668900000,3,,0,,0,0,0,0,0,false
,2,2299.755,0,2299.53,2299.98,2299.98,2299.53,1714668960000,2,,0,,0,0,0,0,0,false
,3,2299.5067,0,2299.44,2299.55,2299.55,2299.44,1714669020000,3,,0,,0,0,0,0,0,false
,2,2299.315,0,2299.41,2299.22,2299.41,2299.22,1714669080000,2,,0,,0,0,0,0,0,false
,3,2299.33,0,2299.55,2299.42,2299.55,2299.02,1714669140000,3,,0,,0,0,0,0,0,false
,3,2299.5067,0,2299.52,2299.03,2299.97,2299.03,1714669200000,3,,0,,0,0,0,0,0,false
,2,2300.395,0,2300.66,2300.13,2300.66,2300.13,1714669260000,2,,0,,0,0,0,0,0,false
,3,2300.13,0,2300.58,2300.23,2300.58,2299.58,1714669320000,3,,0,,0,0,0,0,0,false
,2,2299.62,0,2299.64,2299.6,2299.64,2299.6,1714669380000,2,,0,,0,0,0,0,0,false
,3,2300.22,0,2300.23,2300.32,2300.32,2300.11,1714669440000,3,,0,,0,0,0,0,0,false
,3,2300.7867,0,2300.94,2300.32,2301.1,2300.32,1714669500000,3,,0,,0,0,0,0,0,false
,2,2301.33,0,2301.09,2301.57,2301.57,2301.09,1714669560000,2,,0,,0,0,0,0,0,false
,3,2301.2067,0,2301.47,2301.06,2301.47,2301.06,1714669620000,3,,0,,0,0,0,0,0,false
,2,2300.895,0,2300.91,2300.88,2300.91,2300.88,1714669680000,2,,0,,0,0,0,0,0,false
,3,2301.1833,0,2301.09,2301.38,2301.38,2301.08,1714669740000,3,,0,,0,0,0,0,0,false
,3,2301.3033,0,2301.36,2301.38,2301.38,2301.17,1714669800000,3,,0,,0,0,0,0,0,false
,2,2301.805,0,2301.61,2302,2302,2301.61,1714669860000,2,,0,,0,0,0,0,0,false
,3,2301.9467,0,2302.04,2302.33,2302.33,2301.47,1714669920000,3,,0,,0,0,0,0,0,false
,2,2302.58,0,2302.77,2302.39,2302.77,2302.39,1714669980000,2,,0,,0,0,0,0,0,false
,2,2301.875,0,2301.9,2301.85,2301.9,2301.85,1714670040000,2,,0,,0,0,0,0,0,false
,3,2301.87,0,2301.84,2301.85,2301.92,2301.84,1714670100000,3,,0,,0,0,0,0,0,false
,2,2301.73,0,2302.05,2301.41,2302.05,2301.41,1714670160000,2,,0,,0,0,0,0,0,false
,3,2301.1467,0,2300.78,2300.61,2302.05,2300.61,1714670220000,3,,0,,0,0,0,0,0,false
,2,2300.24,0,2300.49,2299.99,2300.49,2299.99,1714670280000,2,,0,,0,0,0,0,0,false
,3,2300.1767,0,2301.03,2299.46,2301.03,2299.46,1714670340000,3,,0,,0,0,0,0,0,false
,3,2299.6167,0,2299.41,2300.03,2300.03,2299.41,1714670400000,3,,0,,0,0,0,0,0,false
,2,2300.055,0,2300.16,2299.95,2300.16,2299.95,1714670460000,2,,0,,0,0,0,0,0,false
,3,2299.8,0,2299.79,2299.84,2299.84,2299.77,1714670520000,3,,0,,0,0,0,0,0,false
,2,2301.035,0,2300.79,2301.28,2301.28,2300.79,1714670580000,2,,0,,0,0,0,0,0,false
,3,2300.7433,0,2299.84,2300.77,2301.62,2299.84,1714670640000,3,,0,,0,0,0,0,0,false
,3,2301.48,0,2301.97,2300.77,2301.97,2300.77,1714670700000,3,,0,,0,0,0,0,0,false
,2,2301.455,0,2301.65,2301.26,2301.65,2301.26,1714670760000,2,,0,,0,0,0,0,0,false
,3,2300.3867,0,2300.5,2299.85,2300.81,2299.85,1714670820000,3,,0,,0,0,0,0,0,false
,2,2300.095,0,2299.84,2300.35,2300.35,2299.84,1714670880000,2,,0,,0,0,0,0,0,false
,3,2300.33,0,2300.49,2300.35,2300.49,2300.15,1714670940000,3,,0,,0,0,0,0,0,false
,3,2300.7433,0,2300.83,2300.35,2301.05,2300.35,1714671000000,3,,0,,0,0,0,0,0,false
,2,2300.8,0,2300.86,2300.74,2300.86,2300.74,1714671060000,2,,0,,0,0,0,0,0,false
,3,2300.9933,0,2300.91,2301.21,2301.21,2300.86,1714671120000,3,,0,,0,0,0,0,0,false
,2,2301.35,0,2301.39,2301.31,2301.39,2301.31,1714671180000,2,,0,,0,0,0,0,0,false
,3,2301.3933,0,2301.21,2301.82,2301.82,2301.15,1714671240000,3,,0,,0,0,0,0,0,false
,3,2301.3567,0,2301.44,2301.16,2301.47,2301.16,1714671300000,3,,0,,0,0,0,0,0,false
,2,2301.35,0,2301.37,2301.33,2301.37,2301.33,1714671360000,2,,0,,0,0,0,0,0,false
,3,2301.58,0,2301.54,2301.83,2301.83,2301.37,1714671420000,3,,0,,0,0,0,0,0,false
,2,2302.375,0,2302.22,2302.53,2302.53,2302.22,1714671480000,2,,0,,0,0,0,0,0,false
,3,2302.1033,0,2301.83,2302.34,2302.34,2301.83,1714671540000,3,,0,,0,0,0,0,0,false
,3,2302.5633,0,2302.63,2302.34,2302.72,2302.34,1714671600000,3,,0,,0,0,0,0,0,false
,2,2302.48,0,2302.5,2302.46,2302.5,2302.46,1714671660000,2,,0,,0,0,0,0,0,false
,3,2302.6633,0,2302.71,2302.78,2302.78,2302.5,1714671720000,3,,0,,0,0,0,0,0,false
,2,2303.71,0,2303.44,2303.98,2303.98,2303.44,1714671780000,2,,0,,0,0,0,0,0,false
,3,2303.7533,0,2302.78,2304.4,2304.4,2302.78,1714671840000,3,,0,,0,0,0,0,0,false
,3,2304.61,0,2304.58,2304.1,2305.15,2304.1,1714671900000,3,,0,,0,0,0,0,0,false
,2,2305.5,0,2305.4,2305.6,2305.6,2305.4,1714671960000,2,,0,,0,0,0,0,0,false
,3,2306.17,0,2306.37,2306.74,2306.74,2305.4,1714672020000,3,,0,,0,0,0,0,0,false
,2,2306.655,0,2306.56,2306.75,2306.75,2306.56,1714672080000,2,,0,,0,0,0,0,0,false
,2,2305.76,0,2305.7,2305.82,2305.82,2305.7,1714672140000,2,,0,,0,0,0,0,0,false
,3,2305.7533,0,2305.61,2305.92,2305.92,2305.61,1714672200000,3,,0,,0,0,0,0,0,false
,2,2306.415,0,2306.32,2306.51,2306.51,2306.32,1714672260000,2,,0,,0,0,0,0,0,false
,3,2306.34,0,2306.53,2306.32,2306.53,2306.17,1714672320000,3,,0,,0,0,0,0,0,false
,2,2306.595,0,2306.48,2306.71,2306.71,2306.48,1714672380000,2,,0,,0,0,0,0,0,false
,3,2306.91,0,2306.99,2307.26,2307.26,2306.48,1714672440000,3,,0,,0,0,0,0,0,false
,3,2307.59,0,2307.29,2307.26,2308.22,2307.26,1714672500000,3,,0,,0,0,0,0,0,false
,2,2307.915,0,2308.3,2307.53,2308.3,2307.53,1714672560000,2,,0,,0,0,0,0,0,false
,3,2307.38,0,2307.26,2307.56,2307.56,2307.26,1714672620000,3,,0,,0,0,0,0,0,false
,2,2307.38,0,2307.5,2307.26,2307.5,2307.26,1714672680000,2,,0,,0,0,0,0,0,false
,3,2307.7333,0,2307.61,2308.09,2308.09,2307.5,1714672740000,3,,0,,0,0,0,0,0,false
,3,2307.9067,0,2308.16,2307.89,2308.16,2307.67,1714672800000,3,,0,,0,0,0,0,0,false
,2,2307.92,0,2308.15,2307.69,2308.15,2307.69,1714672860000,2,,0,,0,0,0,0,0,false
,3,2307.7867,0,2307.65,2307.6,2308.11,2307.6,1714672920000,3,,0,,0,0,0,0,0,false
,2,2307.515,0,2307.43,2307.6,2307.6,2307.43,1714672980000,2,,0,,0,0,0,0,0,false
,4,2307.5675,0,2308.06,2307.78,2308.06,2307,1714673040000,4,,0,,0,0,0,0,0,false
,3,2307.8067,0,2307.79,2307.78,2307.85,2307.78,1714673100000,3,,0,,0,0,0,0,0,false
,2,2308.09,0,2307.8,2308.38,2308.38,2307.8,1714673160000,2,,0,,0,0,0,0,0,false
,3,2308.0633,0,2308.19,2308.2,2308.2,2307.8,1714673220000,3,,0,,0,0,0,0,0,false
,2,2308.125,0,2308.07,2308.18,2308.18,2308.07,1714673280000,2,,0,,0,0,0,0,0,false
,3,2308.33,0,2308.05,2308.87,2308.87,2308.05,1714673340000,3,,0,,0,0,0,0,0,false
,3,2308.6933,0,2308.92,2308.06,2309.1,2308.06,1714673400000,3,,0,,0,0,0,0,0,false
,2,2308.315,0,2308.31,2308.32,2308.32,2308.31,1714673460000,2,,0,,0,0,0,0,0,false
,3,2308.08,0,2308.09,2307.84,2308.31,2307.84,1714673520000,3,,0,,0,0,0,0,0,false
,2,2307.55,0,2307.6,2307.5,2307.6,2307.5,1714673580000,2,,0,,0,0,0,0,0,false
,3,2307.53,0,2307.64,2307.35,2307.64,2307.35,1714673640000,3,,0,,0,0,0,0,0,false
,3,2307.1033,0,2307,2307.35,2307.35,2306.96,1714673700000,3,,0,,0,0,0,0,0,false
,2,2306.6,0,2306.64,2306.56,2306.64,2306.56,1714673760000,2,,0,,0,0,0,0,0,false
,3,2306.3533,0,2306.45,2305.97,2306.64,2305.97,1714673820000,3,,0,,0,0,0,0,0,false
,2,2305.83,0,2306.05,2305.61,2306.05,2305.61,1714673880000,2,,0,,0,0,0,0,0,false
,3,2305.5833,0,2305.46,2305.24,2306.05,2305.24,1714673940000,3,,0,,0,0,0,0,0,false
,3,2305.25,0,2305.07,2305.24,2305.44,2305.07,1714674000000,3,,0,,0,0,0,0,0,false
,2,2305.22,0,2305.32,2305.12,2305.32,2305.12,1714674060000,2,,0,,0,0,0,0,0,false
,3,2305.45,0,2305.49,2305.54,2305.54,2305.32,1714674120000,3,,0,,0,0,0,0,0,false
,2,2305.745,0,2305.29,2306.2,2306.2,2305.29,1714674180000,2,,0,,0,0,0,0,0,false
,3,2306.0767,0,2306.39,2306.55,2306.55,2305.29,1714674240000,3,,0,,0,0,0,0,0,false
,3,2306.5267,0,2306.93,2305.69,2306.96,2305.69,1714674300000,3,,0,,0,0,0,0,0,false
,2,2306.965,0,2306.94,2306.99,2306.99,2306.94,1714674360000,2,,0,,0,0,0,0,0,false
,3,2306.54,0,2306.91,2306.8,2306.91,2305.91,1714674420000,3,,0,,0,0,0,0,0,false
,2,2307.195,0,2307.32,2307.07,2307.32,2307.07,1714674480000,2,,0,,0,0,0,0,0,false
,3,2306.9233,0,2307.02,2307.21,2307.21,2306.54,1714674540000,3,,0,,0,0,0,0,0,false
,2,2307.185,0,2307.03,2307.34,2307.34,2307.03,1714674600000,2,,0,,0,0,0,0,0,false
,3,2307.1267,0,2307.21,2306.9,2307.27,2306.9,1714674660000,3,,0,,0,0,0,0,0,false
,3,2307.0633,0,2306.92,2307,2307.27,2306.92,1714674720000,3,,0,,0,0,0,0,0,false
,2,2306.855,0,2306.82,2306.89,2306.89,2306.82,1714674780000,2,,0,,0,0,0,0,0,false
,3,2306.81,0,2306.79,2306.82,2306.82,2306.79,1714674840000,3,,0,,0,0,0,0,0,false
,2,2306.63,0,2306.88,2306.38,2306.88,2306.38,1714674900000,2,,0,,0,0,0,0,0,false
,3,2306.4333,0,2306.82,2306.29,2306.82,2306.19,1714674960000,3,,0,,0,0,0,0,0,false
,3,2306.2333,0,2305.98,2306.49,2306.49,2305.98,1714675020000,3,,0,,0,0,0,0,0,false
,2,2306.435,0,2306.33,2306.54,2306.54,2306.33,1714675080000,2,,0,,0,0,0,0,0,false
,3,2306.6233,0,2306.7,2306.87,2306.87,2306.3,1714675140000,3,,0,,0,0,0,0,0,false
,2,2306.795,0,2306.75,2306.84,2306.84,2306.75,1714675200000,2,,0,,0,0,0,0,0,false
,3,2307,0,2306.87,2307.13,2307.13,2306.87,1714675260000,3,,0,,0,0,0,0,0,false
,3,2307.0833,0,2307.26,2306.99,2307.26,2306.99,1714675320000,3,,0,,0,0,0,0,0,false
,2,2306.665,0,2306.69,2306.64,2306.69,2306.64,1714675380000,2,,0,,0,0,0,0,0,false
,3,2306.5,0,2306.55,2306.26,2306.69,2306.26,1714675440000,3,,0,,0,0,0,0,0,false
,2,2305.915,0,2306.03,2305.8,2306.03,2305.8,1714675500000,2,,0,,0,0,0,0,0,false
,3,2306.16,0,2306.26,2306.24,2306.26,2305.98,1714675560000,3,,0,,0,0,0,0,0,false
,3,2306.5567,0,2306.87,2306.82,2306.87,2305.98,1714675620000,3,,0,,0,0,0,0,0,false
,2,2307.145,0,2306.94,2307.35,2307.35,2306.94,1714675680000,2,,0,,0,0,0,0,0,false
,3,2307.3467,0,2307.54,2307.56,2307.56,2306.94,1714675740000,3,,0,,0,0,0,0,0,false
,2,2307.58,0,2307.53,2307.63,2307.63,2307.53,1714675800000,2,,0,,0,0,0,0,0,false
,3,2307.4067,0,2307.34,2307.34,2307.54,2307.34,1714675860000,3,,0,,0,0,0,0,0,false
,3,2307.28,0,2307.19,2307.34,2307.34,2307.19,1714675920000,3,,0,,0,0,0,0,0,false
,2,2307.415,0,2307.43,2307.4,2307.43,2307.4,1714675980000,2,,0,,0,0,0,0,0,false
,3,2307.4333,0,2307.37,2307.5,2307.5,2307.37,1714676040000,3,,0,,0,0,0,0,0,false
,2,2307.555,0,2307.59,2307.52,2307.59,2307.52,1714676100000,2,,0,,0,0,0,0,0,false
,3,2307.95,0,2307.5,2308.24,2308.24,2307.5,1714676160000,3,,0,,0,0,0,0,0,false
,3,2308.1967,0,2308.19,2308.15,2308.25,2308.15,1714676220000,3,,0,,0,0,0,0,0,false
,2,2308.525,0,2308.56,2308.49,2308.56,2308.49,1714676280000,2,,0,,0,0,0,0,0,false
,3,2308.18,0,2308.09,2307.89,2308.56,2307.89,1714676340000,3,,0,,0,0,0,0,0,false
,2,2307.58,0,2307.88,2307.28,2307.88,2307.28,1714676400000,2,,0,,0,0,0,0,0,false
,3,2307.58,0,2307.89,2307.41,2307.89,2307.41,1714676460000,3,,0,,0,0,0,0,0,false
,3,2307.0567,0,2307.18,2307.41,2307.41,2306.58,1714676520000,3,,0,,0,0,0,0,0,false
,2,2306.185,0,2306.31,2306.06,2306.31,2306.06,1714676580000,2,,0,,0,0,0,0,0,false
,2,2305.865,0,2306,2305.73,2306,2305.73,1714676640000,2,,0,,0,0,0,0,0,false
,2,2305.845,0,2305.86,2305.83,2305.86,2305.83,1714676700000,2,,0,,0,0,0,0,0,false
,3,2305.8833,0,2305.73,2305.92,2306,2305.73,1714676760000,3,,0,,0,0,0,0,0,false
,3,2305.5867,0,2305.33,2305.92,2305.92,2305.33,1714676820000,3,,0,,0,0,0,0,0,false
,2,2305.17,0,2304.96,2305.38,2305.38,2304.96,1714676880000,2,,0,,0,0,0,0,0,false
,3,2305.72,0,2305.89,2306.08,2306.08,2305.19,1714676940000,3,,0,,0,0,0,0,0,false
,2,2306.04,0,2305.87,2306.21,2306.21,2305.87,1714677000000,2,,0,,0,0,0,0,0,false
,3,2305.9433,0,2306.01,2305.88,2306.01,2305.88,1714677060000,3,,0,,0,0,0,0,0,false
,3,2305.7867,0,2305.63,2305.88,2305.88,2305.63,1714677120000,3,,0,,0,0,0,0,0,false
,2,2305.705,0,2305.84,2305.57,2305.84,2305.57,1714677180000,2,,0,,0,0,0,0,0,false
,3,2305.4467,0,2305.42,2305.08,2305.84,2305.08,1714677240000,3,,0,,0,0,0,0,0,false
,2,2304.94,0,2304.63,2305.25,2305.25,2304.63,1714677300000,2,,0,,0,0,0,0,0,false
,3,2305.2733,0,2305.41,2305.13,2305.41,2305.13,1714677360000,3,,0,,0,0,0,0,0,false
,3,2305.2,0,2305.3,2305.13,2305.3,2305.13,1714677420000,3,,0,,0,0,0,0,0,false
,2,2304.715,0,2304.7,2304.73,2304.73,2304.7,1714677480000,2,,0,,0,0,0,0,0,false
,3,2304.6933,0,2304.37,2304.92,2304.92,2304.37,1714677540000,3,,0,,0,0,0,0,0,false
,2,2305.645,0,2305.47,2305.82,2305.82,2305.47,1714677600000,2,,0,,0,0,0,0,0,false
,3,2305.6333,0,2304.8,2306.2,2306.2,2304.8,1714677660000,3,,0,,0,0,0,0,0,false
,3,2305.9467,0,2305.97,2306.2,2306.2,2305.67,1714677720000,3,,0,,0,0,0,0,0,false
,2,2305.23,0,2305.28,2305.18,2305.28,2305.18,1714677780000,2,,0,,0,0,0,0,0,false
,4,2304.5625,0,2304.7,2304.62,2305.33,2303.6,1714677840000,4,,0,,0,0,0,0,0,false
,2,2304.38,0,2304.36,2304.4,2304.4,2304.36,1714677900000,2,,0,,0,0,0,0,0,false
,3,2304.5733,0,2304.62,2304.69,2304.69,2304.41,1714677960000,3,,0,,0,0,0,0,0,false
,3,2304.5333,0,2304.39,2304.69,2304.69,2304.39,1714678020000,3,,0,,0,0,0,0,0,false
,2,2304.37,0,2304.5,2304.24,2304.5,2304.24,1714678080000,2,,0,,0,0,0,0,0,false
,3,2304.43,0,2304.48,2304.31,2304.5,2304.31,1714678140000,3,,0,,0,0,0,0,0,false
,2,2303.745,0,2303.9,2303.59,2303.9,2303.59,1714678200000,2,,0,,0,0,0,0,0,false
,3,2303.7233,0,2304.31,2303.47,2304.31,2303.39,1714678260000,3,,0,,0,0,0,0,0,false
,3,2303.1533,0,2303.11,2303.47,2303.47,2302.88,1714678320000,3,,0,,0,0,0,0,0,false
,2,2302.6,0,2302.69,2302.51,2302.69,2302.51,1714678380000,2,,0,,0,0,0,0,0,false
,3,2302.87,0,2302.89,2303.03,2303.03,2302.69,1714678440000,3,,0,,0,0,0,0,0,false
,2,2302.945,0,2302.93,2302.96,2302.96,2302.93,1714678500000,2,,0,,0,0,0,0,0,false
,3,2302.44,0,2302.54,2302.57,2302.57,2302.21,1714678560000,3,,0,,0,0,0,0,0,false
,3,2302.4267,0,2302.25,2302.57,2302.57,2302.25,1714678620000,3,,0,,0,0,0,0,0,false
,2,2302.225,0,2302.29,2302.16,2302.29,2302.16,1714678680000,2,,0,,0,0,0,0,0,false
,3,2302.4,0,2302.26,2302.65,2302.65,2302.26,1714678740000,3,,0,,0,0,0,0,0,false
,2,2302.25,0,2302.5,2302,2302.5,2302,1714678800000,2,,0,,0,0,0,0,0,false
,3,2302.05,0,2302.27,2302.26,2302.27,2301.62,1714678860000,3,,0,,0,0,0,0,0,false
,3,2302.1567,0,2302.12,2302.03,2302.32,2302.03,1714678920000,3,,0,,0,0,0,0,0,false
,2,2302.875,0,2302.8,2302.95,2302.95,2302.8,1714678980000,2,,0,,0,0,0,0,0,false
,3,2303.0067,0,2302.96,2303.14,2303.14,2302.92,1714679040000,3,,0,,0,0,0,0,0,false
,2,2303.07,0,2302.82,2303.32,2303.32,2302.82,1714679100000,2,,0,,0,0,0,0,0,false
,3,2303.5133,0,2303.14,2303.77,2303.77,2303.14,1714679160000,3,,0,,0,0,0,0,0,false
,3,2303.5633,0,2303.53,2303.32,2303.84,2303.32,1714679220000,3,,0,,0,0,0,0,0,false
,2,2303.52,0,2303.69,2303.35,2303.69,2303.35,1714679280000,2,,0,,0,0,0,0,0,false
,3,2303.5233,0,2303.4,2303.48,2303.69,2303.4,1714679340000,3,,0,,0,0,0,0,0,false
,2,2303.27,0,2303.2,2303.34,2303.34,2303.2,1714679400000,2,,0,,0,0,0,0,0,false
,2,2303.47,0,2303.41,2303.53,2303.53,2303.41,1714679460000,2,,0,,0,0,0,0,0,false
,3,2303.8267,0,2303.65,2303.53,2304.3,2303.53,1714679520000,3,,0,,0,0,0,0,0,false
,2,2304.135,0,2304.4,2303.87,2304.4,2303.87,1714679580000,2,,0,,0,0,0,0,0,false
,3,2303.9867,0,2304.04,2304.24,2304.24,2303.68,1714679640000,3,,0,,0,0,0,0,0,false
,2,2304.235,0,2304.31,2304.16,2304.31,2304.16,1714679700000,2,,0,,0,0,0,0,0,false
,3,2303.94,0,2303.76,2303.75,2304.31,2303.75,1714679760000,3,,0,,0,0,0,0,0,false
,3,2303.8633,0,2303.97,2303.75,2303.97,2303.75,1714679820000,3,,0,,0,0,0,0,0,false
,2,2304.16,0,2304.23,2304.09,2304.23,2304.09,1714679880000,2,,0,,0,0,0,0,0,false
,3,2303.6833,0,2303.53,2303.35,2304.17,2303.35,1714679940000,3,,0,,0,0,0,0,0,false
,2,2303.225,0,2303.36,2303.09,2303.36,2303.09,1714680000000,2,,0,,0,0,0,0,0,false
,3,2303.4333,0,2303.37,2303.57,2303.57,2303.36,1714680060000,3,,0,,0,0,0,0,0,false
,3,2303.3467,0,2303.19,2303.57,2303.57,2303.19,1714680120000,3,,0,,0,0,0,0,0,false
,2,2303.08,0,2303.05,2303.11,2303.11,2303.05,1714680180000,2,,0,,0,0,0,0,0,false
,3,2303.3767,0,2303.58,2303.5,2303.58,2303.05,1714680240000,3,,0,,0,0,0,0,0,false
,2,2303.51,0,2303.51,2303.51,2303.51,2303.51,1714680300000,2,,0,,0,0,0,0,0,false
,3,2303.3867,0,2303.34,2303.31,2303.51,2303.31,1714680360000,3,,0,,0,0,0,0,0,false
,3,2302.95,0,2303.3,2303.31,2303.31,2302.24,1714680420000,3,,0,,0,0,0,0,0,false
,2,2301.99,0,2302.18,2301.8,2302.18,2301.8,1714680480000,2,,0,,0,0,0,0,0,false
,3,2302.1133,0,2301.77,2301.92,2302.65,2301.77,1714680540000,3,,0,,0,0,0,0,0,false
,2,2302.1,0,2302.18,2302.02,2302.18,2302.02,1714680600000,2,,0,,0,0,0,0,0,false
,3,2302.0267,0,2301.9,2302,2302.18,2301.9,1714680660000,3,,0,,0,0,0,0,0,false
,3,2301.9767,0,2301.99,2302,2302,2301.94,1714680720000,3,,0,,0,0,0,0,0,false
,2,2302.035,0,2302.02,2302.05,2302.05,2302.02,1714680780000,2,,0,,0,0,0,0,0,false
,3,2301.9633,0,2301.89,2301.98,2302.02,2301.89,1714680840000,3,,0,,0,0,0,0,0,false
,2,2301.96,0,2301.94,2301.98,2301.98,2301.94,1714680900000,2,,0,,0,0,0,0,0,false
,3,2302.4,0,2302.65,2302.61,2302.65,2301.94,1714680960000,3,,0,,0,0,0,0,0,false
,2,2302.61,0,2302.6,2302.62,2302.62,2302.6,1714681020000,2,,0,,0,0,0,0,0,false
,3,2302.62,0,2302.61,2302.64,2302.64,2302.61,1714681080000,3,,0,,0,0,0,0,0,false
,3,2302.6167,0,2302.62,2302.62,2302.62,2302.61,1714681140000,3,,0,,0,0,0,0,0,false
,2,2302.74,0,2302.62,2302.86,2302.86,2302.62,1714681200000,2,,0,,0,0,0,0,0,false
,3,2302.92,0,2303.14,2303,2303.14,2302.62,1714681260000,3,,0,,0,0,0,0,0,false
,2,2302.935,0,2302.97,2302.9,2302.97,2302.9,1714681320000,2,,0,,0,0,0,0,0,false
,3,2302.9833,0,2303,2303.05,2303.05,2302.9,1714681380000,3,,0,,0,0,0,0,0,false
,4,2302.72,0,2302,2302.93,2303.05,2302,1714681440000,4,,0,,0,0,0,0,0,false
,2,2302.95,0,2302.95,2302.95,2302.95,2302.95,1714681500000,2,,0,,0,0,0,0,0,false
,3,2303.2367,0,2303.27,2303.49,2303.49,2302.95,1714681560000,3,,0,,0,0,0,0,0,false
,2,2303.435,0,2303.51,2303.36,2303.51,2303.36,1714681620000,2,,0,,0,0,0,0,0,false
,3,2303.18,0,2303.49,2302.81,2303.49,2302.81,1714681680000,3,,0,,0,0,0,0,0,false
,3,2302.61,0,2302.64,2301.95,2303.24,2301.95,1714681740000,3,,0,,0,0,0,0,0,false
,2,2301.53,0,2301.55,2301.51,2301.55,2301.51,1714681800000,2,,0,,0,0,0,0,0,false
,3,2301.2833,0,2300.89,2300.97,2301.99,2300.89,1714681860000,3,,0,,0,0,0,0,0,false
,2,2301.13,0,2301.17,2301.09,2301.17,2301.09,1714681920000,2,,0,,0,0,0,0,0,false
,3,2301.07,0,2300.97,2301.25,2301.25,2300.97,1714681980000,3,,0,,0,0,0,0,0,false
,3,2301.18,0,2301.32,2301.23,2301.32,2300.99,1714682040000,3,,0,,0,0,0,0,0,false
,2,2301.11,0,2301.15,2301.07,2301.15,2301.07,1714682100000,2,,0,,0,0,0,0,0,false
,3,2301.1233,0,2301.06,2301.16,2301.16,2301.06,1714682160000,3,,0,,0,0,0,0,0,false
,2,2301.715,0,2301.42,2302.01,2302.01,2301.42,1714682220000,2,,0,,0,0,0,0,0,false
,3,2301.6833,0,2301.16,2301.84,2302.05,2301.16,1714682280000,3,,0,,0,0,0,0,0,false
,3,2301.73,0,2301.97,2301.77,2301.97,2301.45,1714682340000,3,,0,,0,0,0,0,0,false
,2,2301.82,0,2301.91,2301.73,2301.91,2301.73,1714682400000,2,,0,,0,0,0,0,0,false
,3,2301.7533,0,2301.67,2301.68,2301.91,2301.67,1714682460000,3,,0,,0,0,0,0,0,false
,2,2301.64,0,2301.66,2301.62,2301.66,2301.62,1714682520000,2,,0,,0,0,0,0,0,false
,3,2301.6467,0,2301.68,2301.55,2301.71,2301.55,1714682580000,3,,0,,0,0,0,0,0,false
,3,2301.6033,0,2301.48,2301.62,2301.71,2301.48,1714682640000,3,,0,,0,0,0,0,0,false
,2,2301.65,0,2301.63,2301.67,2301.67,2301.63,1714682700000,2,,0,,0,0,0,0,0,false
,3,2301.8767,0,2301.74,2302.26,2302.26,2301.63,1714682760000,3,,0,,0,0,0,0,0,false
,2,2302.275,0,2302.27,2302.28,2302.28,2302.27,1714682820000,2,,0,,0,0,0,0,0,false
,3,2302.4433,0,2301.75,2302.85,2302.85,2301.75,1714682880000,3,,0,,0,0,0,0,0,false
,3,2302.5667,0,2302.7,2302.7,2302.7,2302.3,1714682940000,3,,0,,0,0,0,0,0,false
,2,2302.405,0,2302.4,2302.41,2302.41,2302.4,1714683000000,2,,0,,0,0,0,0,0,false
,3,2302.5333,0,2302.5,2302.7,2302.7,2302.4,1714683060000,3,,0,,0,0,0,0,0,false
,2,2302.745,0,2302.71,2302.78,2302.78,2302.71,1714683120000,2,,0,,0,0,0,0,0,false
,3,2302.82,0,2302.7,2302.95,2302.95,2302.7,1714683180000,3,,0,,0,0,0,0,0,false
,3,2302.96,0,2302.94,2302.95,2302.99,2302.94,1714683240000,3,,0,,0,0,0,0,0,false
,2,2302.84,0,2302.63,2303.05,2303.05,2302.63,1714683300000,2,,0,,0,0,0,0,0,false
,3,2303.09,0,2303.23,2303.37,2303.37,2302.67,1714683360000,3,,0,,0,0,0,0,0,false
,2,2303.52,0,2303.28,2303.76,2303.76,2303.28,1714683420000,2,,0,,0,0,0,0,0,false
,4,2303.325,0,2303.37,2303.63,2303.63,2302.7,1714683480000,4,,0,,0,0,0,0,0,false
,2,2303.415,0,2303.46,2303.37,2303.46,2303.37,1714683540000,2,,0,,0,0,0,0,0,false
,1,2303.37,0,2303.37,2303.37,2303.37,2303.37,1714683600000,1,,0,,0,0,0,0,0,false
,3,2303.9667,0,2304.11,2304.1,2304.11,2303.69,1714687260000,3,,0,,0,0,0,0,0,false
,2,2304.825,0,2304.84,2304.81,2304.84,2304.81,1714687320000,2,,0,,0,0,0,0,0,false
,3,2304.5533,0,2304.78,2304.77,2304.78,2304.11,1714687380000,3,,0,,0,0,0,0,0,false
,1,2304.98,0,2304.98,2304.98,2304.98,2304.98,1714687440000,1,,0,,0,0,0,0,0,false
,2,2304.76,0,2304.92,2304.6,2304.92,2304.6,1714687500000,2,,0,,0,0,0,0,0,false
,3,2304.4667,0,2304.27,2304.21,2304.92,2304.21,1714687560000,3,,0,,0,0,0,0,0,false
,2,2304.33,0,2304.28,2304.38,2304.38,2304.28,1714687620000,2,,0,,0,0,0,0,0,false
,3,2304.5167,0,2304.46,2304.81,2304.81,2304.28,1714687680000,3,,0,,0,0,0,0,0,false
,1,2304.88,0,2304.88,2304.88,2304.88,2304.88,1714687740000,1,,0,,0,0,0,0,0,false
,2,2304.775,0,2304.47,2305.08,2305.08,2304.47,1714687800000,2,,0,,0,0,0,0,0,false
,3,2305.1,0,2305.19,2305.09,2305.19,2305.02,1714687860000,3,,0,,0,0,0,0,0,false
,2,2304.955,0,2304.98,2304.93,2304.98,2304.93,1714687920000,2,,0,,0,0,0,0,0,false
,3,2305.1533,0,2305.28,2305.2,2305.28,2304.98,1714687980000,3,,0,,0,0,0,0,0,false
,1,2303.17,0,2303.17,2303.17,2303.17,2303.17,1714691160000,1,,0,,0,0,0,0,0,false
,3,2302.6133,0,2302.1,2302.69,2303.05,2302.1,1714691220000,3,,0,,0,0,0,0,0,false
,3,2302.9933,0,2302.91,2303.02,2303.05,2302.91,1714691280000,3,,0,,0,0,0,0,0,false
,2,2303.195,0,2303.18,2303.21,2303.21,2303.18,1714691340000,2,,0,,0,0,0,0,0,false
,3,2303.11,0,2303.02,2303.22,2303.22,2303.02,1714691400000,3,,0,,0,0,0,0,0,false
,3,2303.2833,0,2303.19,2303.22,2303.44,2303.19,1714691460000,3,,0,,0,0,0,0,0,false
,2,2303.465,0,2303.48,2303.45,2303.48,2303.45,1714691520000,2,,0,,0,0,0,0,0,false
,3,2303.3933,0,2303.46,2303.24,2303.48,2303.24,1714691580000,3,,0,,0,0,0,0,0,false
,2,2303.345,0,2303.31,2303.38,2303.38,2303.31,1714691640000,2,,0,,0,0,0,0,0,false
,3,2303.4133,0,2303.24,2303.55,2303.55,2303.24,1714691700000,3,,0,,0,0,0,0,0,false
,3,2303.32,0,2303.2,2303.55,2303.55,2303.2,1714691760000,3,,0,,0,0,0,0,0,false
,2,2303.265,0,2303.21,2303.32,2303.32,2303.21,1714691820000,2,,0,,0,0,0,0,0,false
,3,2303.2133,0,2303.16,2303.27,2303.27,2303.16,1714691880000,3,,0,,0,0,0,0,0,false
,3,2302.9467,0,2303.22,2303.22,2303.22,2302.4,1714691940000,3,,0,,0,0,0,0,0,false
,3,2303.24,0,2303.27,2303.31,2303.31,2303.14,1714692000000,3,,0,,0,0,0,0,0,false
,3,2303.44,0,2303.45,2303.31,2303.56,2303.31,1714692060000,3,,0,,0,0,0,0,0,false
,2,2303.63,0,2303.58,2303.68,2303.68,2303.58,1714692120000,2,,0,,0,0,0,0,0,false
,3,2303.6767,0,2303.76,2303.69,2303.76,2303.58,1714692180000,3,,0,,0,0,0,0,0,false
,2,2303.555,0,2303.69,2303.42,2303.69,2303.42,1714692240000,2,,0,,0,0,0,0,0,false
,3,2303.3167,0,2303.69,2303.04,2303.69,2303.04,1714692300000,3,,0,,0,0,0,0,0,false
,3,2303.06,0,2303.03,2303.04,2303.11,2303.03,1714692360000,3,,0,,0,0,0,0,0,false
,3,2302.8667,0,2303.2,2303.3,2303.3,2302.1,1714692420000,3,,0,,0,0,0,0,0,false
,3,2303.1133,0,2303.1,2303.04,2303.2,2303.04,1714692480000,3,,0,,0,0,0,0,0,false
,2,2303.1,0,2303.05,2303.15,2303.15,2303.05,1714692540000,2,,0,,0,0,0,0,0,false
,3,2302.8867,0,2303.04,2302.64,2303.04,2302.64,1714692600000,3,,0,,0,0,0,0,0,false
,3,2302.7367,0,2302.46,2302.97,2302.97,2302.46,1714692660000,3,,0,,0,0,0,0,0,false
,2,2302.73,0,2302.77,2302.69,2302.77,2302.69,1714692720000,2,,0,,0,0,0,0,0,false
,3,2302.64,0,2302.68,2302.75,2302.75,2302.49,1714692780000,3,,0,,0,0,0,0,0,false
,3,2302.4167,0,2302.78,2302.87,2302.87,2301.6,1714692840000,3,,0,,0,0,0,0,0,false
,3,2302.88,0,2302.75,2303.05,2303.05,2302.75,1714692900000,3,,0,,0,0,0,0,0,false
,3,2302.9933,0,2303.05,2303.05,2303.05,2302.88,1714692960000,3,,0,,0,0,0,0,0,false
,2,2303.18,0,2302.98,2303.38,2303.38,2302.98,1714693020000,2,,0,,0,0,0,0,0,false
,3,2303.1533,0,2303.29,2303.19,2303.29,2302.98,1714693080000,3,,0,,0,0,0,0,0,false
,2,2303.155,0,2303.29,2303.02,2303.29,2303.02,1714693140000,2,,0,,0,0,0,0,0,false
,3,2303.03,0,2303.19,2302.86,2303.19,2302.86,1714693200000,3,,0,,0,0,0,0,0,false
,4,2302.3675,0,2302.56,2302.86,2302.86,2301.4,1714693260000,4,,0,,0,0,0,0,0,false
,2,2302.775,0,2302.82,2302.73,2302.82,2302.73,1714693320000,2,,0,,0,0,0,0,0,false
,3,2302.52,0,2302.37,2302.37,2302.82,2302.37,1714693380000,3,,0,,0,0,0,0,0,false
,2,2302.395,0,2302.4,2302.39,2302.4,2302.39,1714693440000,2,,0,,0,0,0,0,0,false
,3,2302.5833,0,2302.37,2302.77,2302.77,2302.37,1714693500000,3,,0,,0,0,0,0,0,false
,3,2302.9067,0,2302.97,2302.77,2302.98,2302.77,1714693560000,3,,0,,0,0,0,0,0,false
,3,2302.7833,0,2303.08,2303.27,2303.27,2302,1714693620000,3,,0,,0,0,0,0,0,false
,4,2302.79,0,2302,2303.02,2303.08,2302,1714693680000,4,,0,,0,0,0,0,0,false
,2,2303.005,0,2303.13,2302.88,2303.13,2302.88,1714693740000,2,,0,,0,0,0,0,0,false
,4,2302.66,0,2303.02,2303.01,2303.02,2301.8,1714693800000,4,,0,,0,0,0,0,0,false
,2,2303.23,0,2303.11,2303.35,2303.35,2303.11,1714693860000,2,,0,,0,0,0,0,0,false
,3,2303.2333,0,2303.01,2303.38,2303.38,2303.01,1714693920000,3,,0,,0,0,0,0,0,false
,4,2303.295,0,2302.6,2303.62,2303.65,2302.6,1714693980000,4,,0,,0,0,0,0,0,false
,2,2303.865,0,2303.92,2303.81,2303.92,2303.81,1714694040000,2,,0,,0,0,0,0,0,false
,3,2303.7533,0,2303.62,2303.8,2303.84,2303.62,1714694100000,3,,0,,0,0,0,0,0,false
,2,2303.63,0,2303.62,2303.64,2303.64,2303.62,1714694160000,2,,0,,0,0,0,0,0,false
,3,2303.6167,0,2303.8,2303.42,2303.8,2303.42,1714694220000,3,,0,,0,0,0,0,0,false
,3,2303.5567,0,2303.41,2303.63,2303.63,2303.41,1714694280000,3,,0,,0,0,0,0,0,false
,2,2303.675,0,2303.44,2303.91,2303.91,2303.44,1714694340000,2,,0,,0,0,0,0,0,false
,3,2304.07,0,2303.44,2304.51,2304.51,2303.44,1714694400000,3,,0,,0,0,0,0,0,false
,2,2303.115,0,2303.33,2302.9,2303.33,2302.9,1714694460000,2,,0,,0,0,0,0,0,false
,3,2303.53,0,2303.84,2303.46,2303.84,2303.29,1714694520000,3,,0,,0,0,0,0,0,false
,4,2303.18,0,2303.28,2303.75,2303.75,2302.4,1714694580000,4,,0,,0,0,0,0,0,false
,2,2303.82,0,2303.76,2303.88,2303.88,2303.76,1714694640000,2,,0,,0,0,0,0,0,false
,3,2303.5033,0,2303.51,2303.67,2303.67,2303.33,1714694700000,3,,0,,0,0,0,0,0,false
,2,2303.435,0,2303.42,2303.45,2303.45,2303.42,1714694760000,2,,0,,0,0,0,0,0,false
,3,2303.4633,0,2303.67,2303.47,2303.67,2303.25,1714694820000,3,,0,,0,0,0,0,0,false
,4,2303.05,0,2303.37,2302.3,2303.37,2302.3,1714694880000,4,,0,,0,0,0,0,0,false
,2,2303.08,0,2302.86,2303.3,2303.3,2302.86,1714694940000,2,,0,,0,0,0,0,0,false
,3,2303,0,2303.04,2303,2303.04,2302.96,1714695000000,3,,0,,0,0,0,0,0,false
,2,2302.895,0,2302.87,2302.92,2302.92,2302.87,1714695060000,2,,0,,0,0,0,0,0,false
,3,2302.77,0,2303,2302.64,2303,2302.64,1714695120000,3,,0,,0,0,0,0,0,false
,3,2302.6833,0,2302.73,2302.65,2302.73,2302.65,1714695180000,3,,0,,0,0,0,0,0,false
,3,2302.5167,0,2302.9,2302.75,2302.9,2301.9,1714695240000,3,,0,,0,0,0,0,0,false
,3,2302.79,0,2302.63,2302.84,2302.9,2302.63,1714695300000,3,,0,,0,0,0,0,0,false
,3,2302.7233,0,2303.01,2303.16,2303.16,2302,1714695360000,3,,0,,0,0,0,0,0,false
,3,2302.81,0,2302.84,2302.74,2302.85,2302.74,1714695420000,3,,0,,0,0,0,0,0,false
,2,2302.81,0,2302.85,2302.77,2302.85,2302.77,1714695480000,2,,0,,0,0,0,0,0,false
,3,2302.03,0,2302.37,2302.42,2302.42,2301.3,1714695540000,3,,0,,0,0,0,0,0,false
,3,2302.4067,0,2302.38,2302.39,2302.45,2302.38,1714695600000,3,,0,,0,0,0,0,0,false
,2,2302.615,0,2302.58,2302.65,2302.65,2302.58,1714695660000,2,,0,,0,0,0,0,0,false
,3,2302.3033,0,2302.39,2302.24,2302.39,2302.24,1714695720000,3,,0,,0,0,0,0,0,false
,3,2302.39,0,2302.34,2302.5,2302.5,2302.33,1714695780000,3,,0,,0,0,0,0,0,false
,2,2302.31,0,2302.37,2302.25,2302.37,2302.25,1714695840000,2,,0,,0,0,0,0,0,false
,3,2302.1667,0,2302.14,2301.99,2302.37,2301.99,1714695900000,3,,0,,0,0,0,0,0,false
,2,2301.56,0,2301.98,2301.14,2301.98,2301.14,1714695960000,2,,0,,0,0,0,0,0,false
,3,2301.2867,0,2301.99,2300.95,2301.99,2300.92,1714696020000,3,,0,,0,0,0,0,0,false
,4,2300.8225,0,2300.96,2301.1,2301.33,2299.9,1714696080000,4,,0,,0,0,0,0,0,false
,2,2301.195,0,2301.25,2301.14,2301.25,2301.14,1714696140000,2,,0,,0,0,0,0,0,false
,4,2300.8775,0,2301.03,2301.23,2301.25,2300,1714696200000,4,,0,,0,0,0,0,0,false
,2,2301.435,0,2301.42,2301.45,2301.45,2301.42,1714696260000,2,,0,,0,0,0,0,0,false
,3,2301.1767,0,2301.23,2300.99,2301.31,2300.99,1714696320000,3,,0,,0,0,0,0,0,false
,3,2301.2467,0,2301.22,2301.21,2301.31,2301.21,1714696380000,3,,0,,0,0,0,0,0,false
,2,2301.22,0,2301.11,2301.33,2301.33,2301.11,1714696440000,2,,0,,0,0,0,0,0,false
,3,2301.2167,0,2301.26,2301.28,2301.28,2301.11,1714696500000,3,,0,,0,0,0,0,0,false
,3,2300.79,0,2301.33,2300,2301.33,2300,1714696560000,3,,0,,0,0,0,0,0,false
,3,2301.19,0,2301.28,2301.08,2301.28,2301.08,1714696620000,3,,0,,0,0,0,0,0,false
,3,2301.3067,0,2301.33,2301.38,2301.38,2301.21,1714696680000,3,,0,,0,0,0,0,0,false
,2,2301.41,0,2301.4,2301.42,2301.42,2301.4,1714696740000,2,,0,,0,0,0,0,0,false
,3,2301.44,0,2301.44,2301.48,2301.48,2301.4,1714696800000,3,,0,,0,0,0,0,0,false
,2,2301.55,0,2301.63,2301.47,2301.63,2301.47,1714696860000,2,,0,,0,0,0,0,0,false
,3,2301.7567,0,2301.48,2302.03,2302.03,2301.48,1714696920000,3,,0,,0,0,0,0,0,false
,3,2301.82,0,2301.83,2301.86,2301.86,2301.77,1714696980000,3,,0,,0,0,0,0,0,false
,2,2302.03,0,2302.06,2302,2302.06,2302,1714697040000,2,,0,,0,0,0,0,0,false
,3,2302.2267,0,2302.26,2302.36,2302.36,2302.06,1714697100000,3,,0,,0,0,0,0,0,false
,2,2302.075,0,2302.04,2302.11,2302.11,2302.04,1714697160000,2,,0,,0,0,0,0,0,false
,3,2302.2,0,2302.36,2302.23,2302.36,2302.01,1714697220000,3,,0,,0,0,0,0,0,false
,3,2302.19,0,2302.13,2302.43,2302.43,2302.01,1714697280000,3,,0,,0,0,0,0,0,false
,2,2302.635,0,2302.66,2302.61,2302.66,2302.61,1714697340000,2,,0,,0,0,0,0,0,false
,3,2302.6367,0,2302.7,2302.55,2302.7,2302.55,1714697400000,3,,0,,0,0,0,0,0,false
,2,2302.91,0,2302.81,2303.01,2303.01,2302.81,1714697460000,2,,0,,0,0,0,0,0,false
,3,2302.9267,0,2302.55,2303.25,2303.25,2302.55,1714697520000,3,,0,,0,0,0,0,0,false
,3,2303.1333,0,2303.26,2303.16,2303.26,2302.98,1714697580000,3,,0,,0,0,0,0,0,false
,2,2303.33,0,2303.26,2303.4,2303.4,2303.26,1714697640000,2,,0,,0,0,0,0,0,false
,3,2303.3767,0,2303.52,2303.35,2303.52,2303.26,1714697700000,3,,0,,0,0,0,0,0,false
,2,2303.815,0,2303.57,2304.06,2304.06,2303.57,1714697760000,2,,0,,0,0,0,0,0,false
,3,2303.8033,0,2303.35,2304,2304.06,2303.35,1714697820000,3,,0,,0,0,0,0,0,false
,4,2303.675,0,2303.95,2303.95,2303.95,2303.2,1714697880000,4,,0,,0,0,0,0,0,false
,1,2303.94,0,2303.94,2303.94,2303.94,2303.94,1714697940000,1,,0,,0,0,0,0,0,false
,3,2303.7767,0,2303.67,2303.72,2303.94,2303.67,1714698000000,3,,0,,0,0,0,0,0,false
,2,2303.91,0,2303.78,2304.04,2304.04,2303.78,1714698060000,2,,0,,0,0,0,0,0,false
,3,2303.9867,0,2303.72,2304.17,2304.17,2303.72,1714698120000,3,,0,,0,0,0,0,0,false
,3,2304.2133,0,2304.21,2304.26,2304.26,2304.17,1714698180000,3,,0,,0,0,0,0,0,false
,2,2304.43,0,2304.45,2304.41,2304.45,2304.41,1714698240000,2,,0,,0,0,0,0,0,false
,3,2304.8267,0,2304.86,2305.17,2305.17,2304.45,1714698300000,3,,0,,0,0,0,0,0,false
,2,2305.985,0,2306.18,2305.79,2306.18,2305.79,1714698360000,2,,0,,0,0,0,0,0,false
,3,2305.2133,0,2305.04,2305.28,2305.32,2305.04,1714698420000,3,,0,,0,0,0,0,0,false
,3,2305.3233,0,2305.35,2305.28,2305.35,2305.28,1714698480000,3,,0,,0,0,0,0,0,false
,2,2305.745,0,2305.84,2305.65,2305.84,2305.65,1714698540000,2,,0,,0,0,0,0,0,false
,3,2305.3467,0,2305.65,2305.04,2305.65,2305.04,1714698600000,3,,0,,0,0,0,0,0,false
,2,2304.53,0,2304.58,2304.48,2304.58,2304.48,1714698660000,2,,0,,0,0,0,0,0,false
,4,2304.08,0,2305.04,2304.04,2305.04,2303.1,1714698720000,4,,0,,0,0,0,0,0,false
,3,2304.0967,0,2304.06,2304.04,2304.19,2304.04,1714698780000,3,,0,,0,0,0,0,0,false
,2,2304.55,0,2304.44,2304.66,2304.66,2304.44,1714698840000,2,,0,,0,0,0,0,0,false
,3,2304.3967,0,2304.35,2304.4,2304.44,2304.35,1714698900000,3,,0,,0,0,0,0,0,false
,2,2304.705,0,2304.81,2304.6,2304.81,2304.6,1714698960000,2,,0,,0,0,0,0,0,false
,3,2304.58,0,2304.4,2304.78,2304.78,2304.4,1714699020000,3,,0,,0,0,0,0,0,false
,3,2304.6,0,2304.6,2304.78,2304.78,2304.42,1714699080000,3,,0,,0,0,0,0,0,false
,2,2304.05,0,2304.11,2303.99,2304.11,2303.99,1714699140000,2,,0,,0,0,0,0,0,false
,3,2303.9733,0,2303.87,2303.94,2304.11,2303.87,1714699200000,3,,0,,0,0,0,0,0,false
,2,2303.845,0,2303.83,2303.86,2303.86,2303.83,1714699260000,2,,0,,0,0,0,0,0,false
,3,2303.9033,0,2303.94,2303.9,2303.94,2303.87,1714699320000,3,,0,,0,0,0,0,0,false
,3,2304.0467,0,2304.17,2303.9,2304.17,2303.9,1714699380000,3,,0,,0,0,0,0,0,false
,2,2303.375,0,2303.48,2303.27,2303.48,2303.27,1714699440000,2,,0,,0,0,0,0,0,false
,3,2303.33,0,2303.17,2303.07,2303.75,2303.07,1714699500000,3,,0,,0,0,0,0,0,false
,2,2302.815,0,2302.86,2302.77,2302.86,2302.77,1714699560000,2,,0,,0,0,0,0,0,false
,3,2303.13,0,2303.07,2303.33,2303.33,2302.99,1714699620000,3,,0,,0,0,0,0,0,false
,3,2303.2767,0,2303.39,2303,2303.44,2303,1714699680000,3,,0,,0,0,0,0,0,false
,2,2303.595,0,2303.7,2303.49,2303.7,2303.49,1714699740000,2,,0,,0,0,0,0,0,false
,4,2303.3225,0,2303.47,2303.77,2303.77,2302.5,1714699800000,4,,0,,0,0,0,0,0,false
,2,2304.67,0,2304.38,2304.96,2304.96,2304.38,1714699860000,2,,0,,0,0,0,0,0,false
,3,2304.6133,0,2303.77,2305.07,2305.07,2303.77,1714699920000,3,,0,,0,0,0,0,0,false
,3,2305.16,0,2304.98,2305.07,2305.43,2304.98,1714699980000,3,,0,,0,0,0,0,0,false
,3,2305.1567,0,2304.7,2305.38,2305.39,2304.7,1714700040000,3,,0,,0,0,0,0,0,false
,3,2305.56,0,2305.36,2305.93,2305.93,2305.36,1714700100000,3,,0,,0,0,0,0,0,false
,2,2305.665,0,2305.79,2305.54,2305.79,2305.54,1714700160000,2,,0,,0,0,0,0,0,false
,3,2305.1833,0,2305.37,2304.91,2305.37,2304.91,1714700220000,3,,0,,0,0,0,0,0,false
,2,2304.76,0,2304.94,2304.58,2304.94,2304.58,1714700280000,2,,0,,0,0,0,0,0,false
,3,2304.4133,0,2304.95,2304.17,2304.95,2304.12,1714700340000,3,,0,,0,0,0,0,0,false
,3,2303.9367,0,2303.75,2303.83,2304.23,2303.75,1714700400000,3,,0,,0,0,0,0,0,false
,2,2303.53,0,2303.49,2303.57,2303.57,2303.49,1714700460000,2,,0,,0,0,0,0,0,false
,3,2303.61,0,2303.83,2303.66,2303.83,2303.34,1714700520000,3,,0,,0,0,0,0,0,false
,2,2304.04,0,2304.24,2303.84,2304.24,2303.84,1714700580000,2,,0,,0,0,0,0,0,false
,3,2303.8567,0,2303.35,2304.1,2304.12,2303.35,1714700640000,3,,0,,0,0,0,0,0,false
,3,2304.0233,0,2303.86,2304.31,2304.31,2303.86,1714700700000,3,,0,,0,0,0,0,0,false
,2,2303.955,0,2303.93,2303.98,2303.98,2303.93,1714700760000,2,,0,,0,0,0,0,0,false
,3,2303.7433,0,2303.87,2303.52,2303.87,2303.52,1714700820000,3,,0,,0,0,0,0,0,false
,2,2303.555,0,2303.39,2303.72,2303.72,2303.39,1714700880000,2,,0,,0,0,0,0,0,false
,3,2303.3567,0,2303.83,2303.31,2303.83,2302.93,1714700940000,3,,0,,0,0,0,0,0,false
,4,2302.5425,0,2302.8,2302.74,2302.93,2301.7,1714701000000,4,,0,,0,0,0,0,0,false
,2,2303.715,0,2303.78,2303.65,2303.78,2303.65,1714701060000,2,,0,,0,0,0,0,0,false
,3,2302.8333,0,2302.74,2302.71,2303.05,2302.71,1714701120000,3,,0,,0,0,0,0,0,false
,2,2302.81,0,2302.56,2303.06,2303.06,2302.56,1714701180000,2,,0,,0,0,0,0,0,false
,3,2302.68,0,2303.04,2302.22,2303.04,2302.22,1714701240000,3,,0,,0,0,0,0,0,false
,3,2302.6233,0,2302.57,2302.65,2302.65,2302.57,1714701300000,3,,0,,0,0,0,0,0,false
,2,2302.35,0,2302.55,2302.15,2302.55,2302.15,1714701360000,2,,0,,0,0,0,0,0,false
,3,2302.12,0,2302.65,2301.85,2302.65,2301.85,1714701420000,3,,0,,0,0,0,0,0,false
,2,2302.525,0,2302.43,2302.62,2302.62,2302.43,1714701480000,2,,0,,0,0,0,0,0,false
,3,2302.3567,0,2301.85,2302.55,2302.67,2301.85,1714701540000,3,,0,,0,0,0,0,0,false
,3,2302.4033,0,2302.09,2302.42,2302.7,2302.09,1714701600000,3,,0,,0,0,0,0,0,false
,2,2302.28,0,2302.31,2302.25,2302.31,2302.25,1714701660000,2,,0,,0,0,0,0,0,false
,3,2302.4767,0,2302.31,2302.65,2302.65,2302.31,1714701720000,3,,0,,0,0,0,0,0,false
,3,2302.4433,0,2302.8,2302.83,2302.83,2301.7,1714701780000,3,,0,,0,0,0,0,0,false
,3,2302.4733,0,2302.65,2302.27,2302.65,2302.27,1714701840000,3,,0,,0,0,0,0,0,false
,3,2302.2733,0,2302.23,2302.08,2302.51,2302.08,1714701900000,3,,0,,0,0,0,0,0,false
,2,2301.485,0,2301.68,2301.29,2301.68,2301.29,1714701960000,2,,0,,0,0,0,0,0,false
,3,2301.4,0,2301.21,2301.23,2301.76,2301.21,1714702020000,3,,0,,0,0,0,0,0,false
,3,2301.2333,0,2301.63,2301.47,2301.63,2300.6,1714702080000,3,,0,,0,0,0,0,0,false
,3,2301.3033,0,2301.23,2301.22,2301.46,2301.22,1714702140000,3,,0,,0,0,0,0,0,false
,3,2301.0133,0,2300.67,2300.91,2301.46,2300.67,1714702200000,3,,0,,0,0,0,0,0,false
,2,2301.3,0,2301.3,2301.3,2301.3,2301.3,1714702260000,2,,0,,0,0,0,0,0,false
,3,2301.1533,0,2301.28,2300.97,2301.28,2300.97,1714702320000,3,,0,,0,0,0,0,0,false
,2,2300.95,0,2300.79,2301.11,2301.11,2300.79,1714702380000,2,,0,,0,0,0,0,0,false
,3,2301.0867,0,2301.27,2300.9,2301.27,2300.9,1714702440000,3,,0,,0,0,0,0,0,false
,3,2300.86,0,2300.71,2301.05,2301.05,2300.71,1714702500000,3,,0,,0,0,0,0,0,false
,2,2300.855,0,2300.83,2300.88,2300.88,2300.83,1714702560000,2,,0,,0,0,0,0,0,false
,4,2300.71,0,2301.1,2301,2301.1,2300,1714702620000,4,,0,,0,0,0,0,0,false
,2,2300.68,0,2300.75,2300.61,2300.75,2300.61,1714702680000,2,,0,,0,0,0,0,0,false
,3,2300.5867,0,2301,2300.25,2301,2300.25,1714702740000,3,,0,,0,0,0,0,0,false
,3,2300.32,0,2300.25,2300.2,2300.51,2300.2,1714702800000,3,,0,,0,0,0,0,0,false
,2,2300.11,0,2299.94,2300.28,2300.28,2299.94,1714702860000,2,,0,,0,0,0,0,0,false
,3,2300.02,0,2300.04,2300.08,2300.08,2299.94,1714702920000,3,,0,,0,0,0,0,0,false
,2,2300.285,0,2299.91,2300.66,2300.66,2299.91,1714702980000,2,,0,,0,0,0,0,0,false
,3,2300.1167,0,2300.08,2300.01,2300.26,2300.01,1714703040000,3,,0,,0,0,0,0,0,false
,3,2299.9933,0,2300.04,2300,2300.04,2299.94,1714703100000,3,,0,,0,0,0,0,0,false
,2,2300.02,0,2300.05,2299.99,2300.05,2299.99,1714703160000,2,,0,,0,0,0,0,0,false
,4,2300.07,0,2300.38,2300.45,2300.45,2299.4,1714703220000,4,,0,,0,0,0,0,0,false
,2,2300.27,0,2300.43,2300.11,2300.43,2300.11,1714703280000,2,,0,,0,0,0,0,0,false
,3,2300.2733,0,2300.45,2300.23,2300.45,2300.14,1714703340000,3,,0,,0,0,0,0,0,false
,3,2300.31,0,2300.37,2300.41,2300.41,2300.15,1714703400000,3,,0,,0,0,0,0,0,false
,2,2300.475,0,2300.56,2300.39,2300.56,2300.39,1714703460000,2,,0,,0,0,0,0,0,false
,3,2300.33,0,2300.27,2300.16,2300.56,2300.16,1714703520000,3,,0,,0,0,0,0,0,false
,2,2300.64,0,2300.42,2300.86,2300.86,2300.42,1714703580000,2,,0,,0,0,0,0,0,false
,3,2300.5367,0,2300.16,2300.57,2300.88,2300.16,1714703640000,3,,0,,0,0,0,0,0,false
,3,2300.53,0,2300.59,2300.55,2300.59,2300.45,1714703700000,3,,0,,0,0,0,0,0,false
,2,2300.83,0,2300.7,2300.96,2300.96,2300.7,1714703760000,2,,0,,0,0,0,0,0,false
,3,2300.9867,0,2301.15,2301.11,2301.15,2300.7,1714703820000,3,,0,,0,0,0,0,0,false
,2,2301.25,0,2301.16,2301.34,2301.34,2301.16,1714703880000,2,,0,,0,0,0,0,0,false
,4,2301.23,0,2301.11,2301.6,2301.61,2300.6,1714703940000,4,,0,,0,0,0,0,0,false
,3,2301.68,0,2301.72,2301.71,2301.72,2301.61,1714704000000,3,,0,,0,0,0,0,0,false
,2,2301.51,0,2301.48,2301.54,2301.54,2301.48,1714704060000,2,,0,,0,0,0,0,0,false
,4,2301.3125,0,2301.6,2301.67,2301.67,2300.5,1714704120000,4,,0,,0,0,0,0,0,false
,3,2300.7467,0,2301.18,2300.86,2301.18,2300.2,1714704180000,3,,0,,0,0,0,0,0,false
,3,2301.08,0,2301.67,2300.74,2301.67,2300.74,1714704240000,3,,0,,0,0,0,0,0,false
,3,2300.63,0,2300.6,2300.46,2300.83,2300.46,1714704300000,3,,0,,0,0,0,0,0,false
,2,2300.575,0,2300.59,2300.56,2300.59,2300.56,1714704360000,2,,0,,0,0,0,0,0,false
,3,2300.6467,0,2300.69,2300.66,2300.69,2300.59,1714704420000,3,,0,,0,0,0,0,0,false
,2,2300.405,0,2300.46,2300.35,2300.46,2300.35,1714704480000,2,,0,,0,0,0,0,0,false
,3,2300.7567,0,2300.66,2300.96,2300.96,2300.65,1714704540000,3,,0,,0,0,0,0,0,false
,3,2300.9667,0,2301.18,2301.07,2301.18,2300.65,1714704600000,3,,0,,0,0,0,0,0,false
,2,2301.245,0,2301.25,2301.24,2301.25,2301.24,1714704660000,2,,0,,0,0,0,0,0,false
,3,2301.12,0,2300.91,2301.2,2301.25,2300.91,1714704720000,3,,0,,0,0,0,0,0,false
,2,2300.895,0,2300.93,2300.86,2300.93,2300.86,1714704780000,2,,0,,0,0,0,0,0,false
,3,2301.17,0,2301.2,2301.35,2301.35,2300.96,1714704840000,3,,0,,0,0,0,0,0,false
,3,2301.3467,0,2301.66,2301.42,2301.66,2300.96,1714704900000,3,,0,,0,0,0,0,0,false
,2,2301.455,0,2301.46,2301.45,2301.46,2301.45,1714704960000,2,,0,,0,0,0,0,0,false
,3,2301.2333,0,2301.07,2301.17,2301.46,2301.07,1714705020000,3,,0,,0,0,0,0,0,false
,2,2301.195,0,2301.26,2301.13,2301.26,2301.13,1714705080000,2,,0,,0,0,0,0,0,false
,3,2301.0667,0,2301.17,2300.96,2301.17,2300.96,1714705140000,3,,0,,0,0,0,0,0,false
,3,2300.8933,0,2300.59,2301.02,2301.07,2300.59,1714705200000,3,,0,,0,0,0,0,0,false
,2,2301.275,0,2301.07,2301.48,2301.48,2301.07,1714705260000,2,,0,,0,0,0,0,0,false
,3,2301.2933,0,2301.45,2301.38,2301.45,2301.05,1714705320000,3,,0,,0,0,0,0,0,false
,2,2301.6,0,2301.56,2301.64,2301.64,2301.56,1714705380000,2,,0,,0,0,0,0,0,false
,3,2301.59,0,2301.38,2301.77,2301.77,2301.38,1714705440000,3,,0,,0,0,0,0,0,false
,3,2301.8367,0,2301.9,2301.84,2301.9,2301.77,1714705500000,3,,0,,0,0,0,0,0,false
,2,2301.7,0,2301.65,2301.75,2301.75,2301.65,1714705560000,2,,0,,0,0,0,0,0,false
,4,2301.3275,0,2301.52,2301.64,2301.65,2300.5,1714705620000,4,,0,,0,0,0,0,0,false
,2,2301.55,0,2301.52,2301.58,2301.58,2301.52,1714705680000,2,,0,,0,0,0,0,0,false
,3,2301.5167,0,2301.64,2301.28,2301.64,2301.28,1714705740000,3,,0,,0,0,0,0,0,false
,3,2301.31,0,2301.26,2301.62,2301.62,2301.05,1714705800000,3,,0,,0,0,0,0,0,false
,2,2301.02,0,2301,2301.04,2301.04,2301,1714705860000,2,,0,,0,0,0,0,0,false
,3,2301.1067,0,2301.07,2301.25,2301.25,2301,1714705920000,3,,0,,0,0,0,0,0,false
,2,2300.935,0,2301.07,2300.8,2301.07,2300.8,1714705980000,2,,0,,0,0,0,0,0,false
,3,2301.0767,0,2301.25,2301.05,2301.25,2300.93,1714706040000,3,,0,,0,0,0,0,0,false
,3,2300.9167,0,2300.75,2301.05,2301.05,2300.75,1714706100000,3,,0,,0,0,0,0,0,false
,2,2300.97,0,2300.96,2300.98,2300.98,2300.96,1714706160000,2,,0,,0,0,0,0,0,false
,3,2300.8733,0,2300.93,2300.73,2300.96,2300.73,1714706220000,3,,0,,0,0,0,0,0,false
,2,2300.89,0,2300.86,2300.92,2300.92,2300.86,1714706280000,2,,0,,0,0,0,0,0,false
,3,2300.66,0,2300.73,2300.57,2300.73,2300.57,1714706340000,3,,0,,0,0,0,0,0,false
,3,2300.69,0,2300.6,2300.57,2300.9,2300.57,1714706400000,3,,0,,0,0,0,0,0,false
,2,2301.1,0,2301.11,2301.09,2301.11,2301.09,1714706460000,2,,0,,0,0,0,0,0,false
,3,2301.0633,0,2300.98,2301.1,2301.11,2300.98,1714706520000,3,,0,,0,0,0,0,0,false
,2,2300.855,0,2300.74,2300.97,2300.97,2300.74,1714706580000,2,,0,,0,0,0,0,0,false
,3,2301.03,0,2301.1,2301.02,2301.1,2300.97,1714706640000,3,,0,,0,0,0,0,0,false
,2,2301.07,0,2301.16,2300.98,2301.16,2300.98,1714706700000,2,,0,,0,0,0,0,0,false
,3,2301.14,0,2301.02,2301.23,2301.23,2301.02,1714706760000,3,,0,,0,0,0,0,0,false
,3,2301.28,0,2301.21,2301.46,2301.46,2301.17,1714706820000,3,,0,,0,0,0,0,0,false
,2,2301.51,0,2301.55,2301.47,2301.55,2301.47,1714706880000,2,,0,,0,0,0,0,0,false
,3,2301.4733,0,2301.46,2301.41,2301.55,2301.41,1714706940000,3,,0,,0,0,0,0,0,false
,2,2301.13,0,2301.3,2300.96,2301.3,2300.96,1714707000000,2,,0,,0,0,0,0,0,false
,3,2301,0,2301.41,2300.64,2301.41,2300.64,1714707060000,3,,0,,0,0,0,0,0,false
,4,2300.4975,0,2300.76,2300.68,2300.95,2299.6,1714707120000,4,,0,,0,0,0,0,0,false
,3,2300.39,0,2300.71,2300.86,2300.86,2299.6,1714707180000,3,,0,,0,0,0,0,0,false
,3,2300.7467,0,2300.68,2300.77,2300.79,2300.68,1714707240000,3,,0,,0,0,0,0,0,false
,2,2300.86,0,2300.82,2300.9,2300.9,2300.82,1714707300000,2,,0,,0,0,0,0,0,false
,3,2300.8433,0,2300.77,2300.91,2300.91,2300.77,1714707360000,3,,0,,0,0,0,0,0,false
,3,2301.0067,0,2300.94,2301.23,2301.23,2300.85,1714707420000,3,,0,,0,0,0,0,0,false
,3,2300.7433,0,2301.08,2300.75,2301.08,2300.4,1714707480000,3,,0,,0,0,0,0,0,false
,4,2300.7925,0,2301.23,2301.28,2301.28,2299.8,1714707540000,4,,0,,0,0,0,0,0,false
,2,2301.195,0,2301.23,2301.16,2301.23,2301.16,1714707600000,2,,0,,0,0,0,0,0,false
,3,2301.04,0,2300.87,2301.12,2301.13,2300.87,1714707660000,3,,0,,0,0,0,0,0,false
,3,2301.21,0,2301.2,2301.3,2301.3,2301.13,1714707720000,3,,0,,0,0,0,0,0,false
,2,2301.345,0,2301.41,2301.28,2301.41,2301.28,1714707780000,2,,0,,0,0,0,0,0,false
,3,2301.52,0,2301.3,2301.78,2301.78,2301.3,1714707840000,3,,0,,0,0,0,0,0,false
,2,2301.685,0,2301.69,2301.68,2301.69,2301.68,1714707900000,2,,0,,0,0,0,0,0,false
,3,2301.6833,0,2301.78,2301.69,2301.78,2301.58,1714707960000,3,,0,,0,0,0,0,0,false
,3,2301.5633,0,2301.61,2301.5,2301.61,2301.5,1714708020000,3,,0,,0,0,0,0,0,false
,2,2301.53,0,2301.59,2301.47,2301.59,2301.47,1714708080000,2,,0,,0,0,0,0,0,false
,3,2301.5267,0,2301.5,2301.56,2301.56,2301.5,1714708140000,3,,0,,0,0,0,0,0,false
,2,2301.595,0,2301.66,2301.53,2301.66,2301.53,1714708200000,2,,0,,0,0,0,0,0,false
,3,2301.5367,0,2301.56,2301.55,2301.56,2301.5,1714708260000,3,,0,,0,0,0,0,0,false
,3,2301.44,0,2301.25,2301.57,2301.57,2301.25,1714708320000,3,,0,,0,0,0,0,0,false
,3,2301.3633,0,2301.6,2300.7,2301.79,2300.7,1714708380000,3,,0,,0,0,0,0,0,false
,3,2301.6167,0,2301.55,2301.73,2301.73,2301.55,1714708440000,3,,0,,0,0,0,0,0,false
,2,2301.715,0,2301.74,2301.69,2301.74,2301.69,1714708500000,2,,0,,0,0,0,0,0,false
,3,2301.7733,0,2301.73,2301.89,2301.89,2301.7,1714708560000,3,,0,,0,0,0,0,0,false
,3,2301.8933,0,2301.98,2302,2302,2301.7,1714708620000,3,,0,,0,0,0,0,0,false
,2,2301.955,0,2301.91,2302,2302,2301.91,1714708680000,2,,0,,0,0,0,0,0,false
,3,2302.2233,0,2302,2302.37,2302.37,2302,1714708740000,3,,0,,0,0,0,0,0,false
,4,2302.22,0,2302.42,2302.35,2302.81,2301.3,1714710120000,4,,0,,0,0,0,0,0,false
,2,2302.255,0,2302.26,2302.25,2302.26,2302.25,1714710180000,2,,0,,0,0,0,0,0,false
,4,2302.06,0,2302.23,2302.55,2302.55,2301.2,1714710240000,4,,0,,0,0,0,0,0,false
,2,2302.555,0,2302.55,2302.56,2302.56,2302.55,1714710300000,2,,0,,0,0,0,0,0,false
,3,2302.33,0,2302.24,2302.28,2302.47,2302.24,1714710360000,3,,0,,0,0,0,0,0,false
,3,2302.36,0,2302.36,2302.25,2302.47,2302.25,1714710420000,3,,0,,0,0,0,0,0,false
,2,2302.33,0,2302.28,2302.38,2302.38,2302.28,1714710480000,2,,0,,0,0,0,0,0,false
,4,2302.055,0,2302.28,2302.26,2302.28,2301.4,1714710540000,4,,0,,0,0,0,0,0,false
,2,2302.77,0,2302.71,2302.83,2302.83,2302.71,1714710600000,2,,0,,0,0,0,0,0,false
,3,2303.34,0,2302.26,2304.2,2304.2,2302.26,1714710660000,3,,0,,0,0,0,0,0,false
,3,2304.6833,0,2305.52,2305.4,2305.52,2303.13,1714710720000,3,,0,,0,0,0,0,0,false
,2,2305.025,0,2305.11,2304.94,2305.11,2304.94,1714710780000,2,,0,,0,0,0,0,0,false
,3,2304.7333,0,2305.11,2304.68,2305.11,2304.41,1714710840000,3,,0,,0,0,0,0,0,false
,2,2304.655,0,2304.68,2304.63,2304.68,2304.63,1714710900000,2,,0,,0,0,0,0,0,false
,3,2304.84,0,2304.68,2304.95,2304.95,2304.68,1714710960000,3,,0,,0,0,0,0,0,false
,3,2305.3033,0,2305.44,2305.58,2305.58,2304.89,1714711020000,3,,0,,0,0,0,0,0,false
,2,2305.815,0,2305.91,2305.72,2305.91,2305.72,1714711080000,2,,0,,0,0,0,0,0,false
,4,2305.4425,0,2305.64,2305.63,2305.9,2304.6,1714711140000,4,,0,,0,0,0,0,0,false
,2,2305.94,0,2305.69,2306.19,2306.19,2305.69,1714711200000,2,,0,,0,0,0,0,0,false
,4,2305.4525,0,2305.63,2305.79,2305.79,2304.7,1714711260000,4,,0,,0,0,0,0,0,false
,3,2305.8233,0,2305.96,2305.82,2305.96,2305.69,1714711320000,3,,0,,0,0,0,0,0,false
,2,2306.25,0,2306.16,2306.34,2306.34,2306.16,1714711380000,2,,0,,0,0,0,0,0,false
,3,2306.1067,0,2306.13,2306.07,2306.13,2306.07,1714711440000,3,,0,,0,0,0,0,0,false
,2,2305.76,0,2305.9,2305.62,2305.9,2305.62,1714711500000,2,,0,,0,0,0,0,0,false
,4,2305.57,0,2306.07,2305.82,2306.07,2304.7,1714711560000,4,,0,,0,0,0,0,0,false
,3,2306.2533,0,2306.36,2306.71,2306.71,2305.69,1714711620000,3,,0,,0,0,0,0,0,false
,2,2306.705,0,2306.64,2306.77,2306.77,2306.64,1714711680000,2,,0,,0,0,0,0,0,false
,3,2306.68,0,2306.84,2306.67,2306.84,2306.53,1714711740000,3,,0,,0,0,0,0,0,false
,2,2307.075,0,2306.91,2307.24,2307.24,2306.91,1714711800000,2,,0,,0,0,0,0,0,false
,3,2307.0733,0,2306.67,2307.28,2307.28,2306.67,1714711860000,3,,0,,0,0,0,0,0,false
,3,2307.3467,0,2307.47,2307.63,2307.63,2306.94,1714711920000,3,,0,,0,0,0,0,0,false
,2,2307.68,0,2307.53,2307.83,2307.83,2307.53,1714711980000,2,,0,,0,0,0,0,0,false
,3,2307.63,0,2307.64,2307.72,2307.72,2307.53,1714712040000,3,,0,,0,0,0,0,0,false
,2,2307.335,0,2307.43,2307.24,2307.43,2307.24,1714712100000,2,,0,,0,0,0,0,0,false
,3,2307.3133,0,2307.72,2307.05,2307.72,2307.05,1714712160000,3,,0,,0,0,0,0,0,false
,3,2307.0333,0,2306.9,2307.03,2307.17,2306.9,1714712220000,3,,0,,0,0,0,0,0,false
,2,2307.195,0,2306.94,2307.45,2307.45,2306.94,1714712280000,2,,0,,0,0,0,0,0,false
,3,2307.2,0,2307.38,2307.28,2307.38,2306.94,1714712340000,3,,0,,0,0,0,0,0,false
,2,2307.34,0,2307.26,2307.42,2307.42,2307.26,1714712400000,2,,0,,0,0,0,0,0,false
,3,2307.3967,0,2307.3,2307.35,2307.54,2307.3,1714712460000,3,,0,,0,0,0,0,0,false
,3,2307.52,0,2307.33,2307.69,2307.69,2307.33,1714712520000,3,,0,,0,0,0,0,0,false
,2,2307.725,0,2307.59,2307.86,2307.86,2307.59,1714712580000,2,,0,,0,0,0,0,0,false
,3,2307.7333,0,2307.82,2308.02,2308.02,2307.36,1714712640000,3,,0,,0,0,0,0,0,false
,2,2308.135,0,2308.11,2308.16,2308.16,2308.11,1714712700000,2,,0,,0,0,0,0,0,false
,3,2308.3667,0,2308.02,2308.52,2308.56,2308.02,1714712760000,3,,0,,0,0,0,0,0,false
,3,2308.31,0,2308.36,2308.52,2308.52,2308.05,1714712820000,3,,0,,0,0,0,0,0,false
,2,2307.92,0,2308.45,2307.39,2308.45,2307.39,1714712880000,2,,0,,0,0,0,0,0,false
,3,2307.65,0,2307.27,2307.33,2308.35,2307.27,1714712940000,3,,0,,0,0,0,0,0,false
,2,2307.24,0,2307.38,2307.1,2307.38,2307.1,1714713000000,2,,0,,0,0,0,0,0,false
,4,2307.045,0,2307.33,2307.27,2307.33,2306.3,1714713060000,4,,0,,0,0,0,0,0,false
,2,2307.28,0,2307.05,2307.51,2307.51,2307.05,1714713120000,2,,0,,0,0,0,0,0,false
,3,2307.3667,0,2307.27,2307.53,2307.53,2307.27,1714713180000,3,,0,,0,0,0,0,0,false
,3,2307.2667,0,2307.42,2307.3,2307.42,2307.08,1714713240000,3,,0,,0,0,0,0,0,false
,2,2307.48,0,2307.42,2307.54,2307.54,2307.42,1714713300000,2,,0,,0,0,0,0,0,false
,3,2307.3567,0,2307.3,2307.44,2307.44,2307.3,1714713360000,3,,0,,0,0,0,0,0,false
,2,2307.04,0,2307.32,2306.76,2307.32,2306.76,1714713420000,2,,0,,0,0,0,0,0,false
,4,2306.765,0,2307.44,2306.88,2307.44,2305.9,1714713480000,4,,0,,0,0,0,0,0,false
,3,2306.7133,0,2306.64,2306.66,2306.84,2306.64,1714713540000,3,,0,,0,0,0,0,0,false
,2,2306.62,0,2306.75,2306.49,2306.75,2306.49,1714713600000,2,,0,,0,0,0,0,0,false
,3,2306.5833,0,2306.66,2306.51,2306.66,2306.51,1714713660000,3,,0,,0,0,0,0,0,false
,2,2306.495,0,2306.59,2306.4,2306.59,2306.4,1714713720000,2,,0,,0,0,0,0,0,false
,3,2306.4867,0,2306.51,2306.55,2306.55,2306.4,1714713780000,3,,0,,0,0,0,0,0,false
,3,2306.5033,0,2306.61,2306.5,2306.61,2306.4,1714713840000,3,,0,,0,0,0,0,0,false
,2,2306.585,0,2306.52,2306.65,2306.65,2306.52,1714713900000,2,,0,,0,0,0,0,0,false
,3,2306.67,0,2306.5,2306.92,2306.92,2306.5,1714713960000,3,,0,,0,0,0,0,0,false
,2,2306.495,0,2306.54,2306.45,2306.54,2306.45,1714714020000,2,,0,,0,0,0,0,0,false
,3,2306.5533,0,2306.6,2306.56,2306.6,2306.5,1714714080000,3,,0,,0,0,0,0,0,false
,3,2306.4133,0,2306.39,2306.35,2306.5,2306.35,1714714140000,3,,0,,0,0,0,0,0,false
,2,2306.645,0,2306.62,2306.67,2306.67,2306.62,1714714200000,2,,0,,0,0,0,0,0,false
,3,2306.7,0,2306.35,2307.1,2307.1,2306.35,1714714260000,3,,0,,0,0,0,0,0,false
,3,2307.2767,0,2306.4,2307.9,2307.9,2306.4,1714714320000,3,,0,,0,0,0,0,0,false
,3,2307.7,0,2306.66,2308.35,2308.35,2306.66,1714714380000,3,,0,,0,0,0,0,0,false
,2,2307.955,0,2308.41,2307.5,2308.41,2307.5,1714714440000,2,,0,,0,0,0,0,0,false
,2,2308.315,0,2308.23,2308.4,2308.4,2308.23,1714714500000,2,,0,,0,0,0,0,0,false
,4,2307.6175,0,2307.93,2306.8,2307.94,2306.8,1714714560000,4,,0,,0,0,0,0,0,false
,2,2307.61,0,2307.46,2307.76,2307.76,2307.46,1714714620000,2,,0,,0,0,0,0,0,false
,3,2307.83,0,2308.07,2307.96,2308.07,2307.46,1714714680000,3,,0,,0,0,0,0,0,false
,4,2307.575,0,2307.85,2307.96,2307.96,2306.8,1714714740000,4,,0,,0,0,0,0,0,false
,3,2307.4867,0,2307.71,2306.9,2307.85,2306.9,1714714800000,3,,0,,0,0,0,0,0,false
,3,2307.8667,0,2307.98,2307.91,2307.98,2307.71,1714714860000,3,,0,,0,0,0,0,0,false
,2,2307.92,0,2307.91,2307.93,2307.93,2307.91,1714714920000,2,,0,,0,0,0,0,0,false
,3,2307.9333,0,2307.96,2307.93,2307.96,2307.91,1714714980000,3,,0,,0,0,0,0,0,false
,3,2307.8567,0,2307.89,2307.93,2307.93,2307.75,1714715040000,3,,0,,0,0,0,0,0,false
,3,2307.46,0,2307.7,2306.8,2307.88,2306.8,1714715100000,3,,0,,0,0,0,0,0,false
,3,2307.68,0,2307.8,2307.54,2307.8,2307.54,1714715160000,3,,0,,0,0,0,0,0,false
,2,2307.505,0,2307.66,2307.35,2307.66,2307.35,1714715220000,2,,0,,0,0,0,0,0,false
,3,2307.3633,0,2307.33,2307.1,2307.66,2307.1,1714715280000,3,,0,,0,0,0,0,0,false
,3,2306.92,0,2306.85,2307.1,2307.1,2306.81,1714715340000,3,,0,,0,0,0,0,0,false
,2,2306.565,0,2306.62,2306.51,2306.62,2306.51,1714715400000,2,,0,,0,0,0,0,0,false
,3,2306.5633,0,2306.56,2306.51,2306.62,2306.51,1714715460000,3,,0,,0,0,0,0,0,false
,2,2306.46,0,2306.56,2306.36,2306.56,2306.36,1714715520000,2,,0,,0,0,0,0,0,false
,3,2306.51,0,2306.37,2306.6,2306.6,2306.37,1714715580000,3,,0,,0,0,0,0,0,false
,3,2306.54,0,2306.48,2306.6,2306.6,2306.48,1714715640000,3,,0,,0,0,0,0,0,false
,2,2306.37,0,2306.29,2306.45,2306.45,2306.29,1714715700000,2,,0,,0,0,0,0,0,false
,3,2306.4367,0,2306.45,2306.57,2306.57,2306.29,1714715760000,3,,0,,0,0,0,0,0,false
,2,2306.355,0,2306.33,2306.38,2306.38,2306.33,1714715820000,2,,0,,0,0,0,0,0,false
,3,2306.1967,0,2306.26,2306,2306.33,2306,1714715880000,3,,0,,0,0,0,0,0,false
,3,2305.88,0,2305.79,2306,2306,2305.79,1714715940000,3,,0,,0,0,0,0,0,false
,2,2305.86,0,2305.91,2305.81,2305.91,2305.81,1714716000000,2,,0,,0,0,0,0,0,false
,3,2306.02,0,2306.1,2306.05,2306.1,2305.91,1714716060000,3,,0,,0,0,0,0,0,false
,2,2305.795,0,2306.16,2305.43,2306.16,2305.43,1714716120000,2,,0,,0,0,0,0,0,false
,3,2305.7767,0,2305.42,2305.75,2306.16,2305.42,1714716180000,3,,0,,0,0,0,0,0,false
,3,2305.53,0,2305.64,2305.75,2305.75,2305.2,1714716240000,3,,0,,0,0,0,0,0,false
,2,2305.34,0,2305.25,2305.43,2305.43,2305.25,1714716300000,2,,0,,0,0,0,0,0,false
,3,2305.4733,0,2305.8,2305.37,2305.8,2305.25,1714716360000,3,,0,,0,0,0,0,0,false
,2,2304.795,0,2304.97,2304.62,2304.97,2304.62,1714716420000,2,,0,,0,0,0,0,0,false
,4,2304.4625,0,2304.63,2304.65,2304.97,2303.6,1714716480000,4,,0,,0,0,0,0,0,false
,3,2304.5633,0,2304.53,2304.65,2304.65,2304.51,1714716540000,3,,0,,0,0,0,0,0,false
,2,2304.295,0,2304.08,2304.51,2304.51,2304.08,1714716600000,2,,0,,0,0,0,0,0,false
,3,2304.3733,0,2304.31,2304.52,2304.52,2304.29,1714716660000,3,,0,,0,0,0,0,0,false
,2,2303.855,0,2304.21,2303.5,2304.21,2303.5,1714716720000,2,,0,,0,0,0,0,0,false
,3,2303.8433,0,2303.56,2303.76,2304.21,2303.56,1714716780000,3,,0,,0,0,0,0,0,false
,3,2303.9167,0,2304.05,2303.76,2304.05,2303.76,1714716840000,3,,0,,0,0,0,0,0,false
,2,2304.045,0,2303.91,2304.18,2304.18,2303.91,1714716900000,2,,0,,0,0,0,0,0,false
,3,2303.84,0,2303.95,2304.18,2304.18,2303.39,1714716960000,3,,0,,0,0,0,0,0,false
,2,2302.125,0,2302.45,2301.8,2302.45,2301.8,1714717020000,2,,0,,0,0,0,0,0,false
,3,2302.8867,0,2302.53,2302.83,2303.3,2302.53,1714717080000,3,,0,,0,0,0,0,0,false
,3,2302.55,0,2302.16,2302.83,2302.83,2302.16,1714717140000,3,,0,,0,0,0,0,0,false
,2,2302.2,0,2302.2,2302.2,2302.2,2302.2,1714717200000,2,,0,,0,0,0,0,0,false
,3,2302.0967,0,2301.85,2302.2,2302.24,2301.85,1714717260000,3,,0,,0,0,0,0,0,false
,2,2301.77,0,2302.04,2301.5,2302.04,2301.5,1714717320000,2,,0,,0,0,0,0,0,false
,3,2301.59,0,2301.37,2301.36,2302.04,2301.36,1714717380000,3,,0,,0,0,0,0,0,false
,3,2301.4867,0,2301.64,2301.36,2301.64,2301.36,1714717440000,3,,0,,0,0,0,0,0,false
,2,2301.63,0,2301.52,2301.74,2301.74,2301.52,1714717500000,2,,0,,0,0,0,0,0,false
,3,2301.6633,0,2301.6,2301.74,2301.74,2301.6,1714717560000,3,,0,,0,0,0,0,0,false
,2,2301.56,0,2301.56,2301.56,2301.56,2301.56,1714717620000,2,,0,,0,0,0,0,0,false
,2,2301.48,0,2301.4,2301.56,2301.56,2301.4,1714717680000,2,,0,,0,0,0,0,0,false
,3,2301.43,0,2301.29,2301.56,2301.56,2301.29,1714717740000,3,,0,,0,0,0,0,0,false
,2,2301.295,0,2301.28,2301.31,2301.31,2301.28,1714717800000,2,,0,,0,0,0,0,0,false
,3,2301.2667,0,2301.55,2301.31,2301.55,2300.94,1714717860000,3,,0,,0,0,0,0,0,false
,2,2300.905,0,2300.76,2301.05,2301.05,2300.76,1714717920000,2,,0,,0,0,0,0,0,false
,3,2300.8967,0,2300.67,2301.12,2301.12,2300.67,1714717980000,3,,0,,0,0,0,0,0,false
,3,2301.08,0,2301.3,2301.08,2301.3,2300.86,1714718040000,3,,0,,0,0,0,0,0,false
,2,2300.68,0,2300.54,2300.82,2300.82,2300.54,1714718100000,2,,0,,0,0,0,0,0,false
,3,2300.9333,0,2300.85,2300.82,2301.13,2300.82,1714718160000,3,,0,,0,0,0,0,0,false
,2,2301.16,0,2301.2,2301.12,2301.2,2301.12,1714718220000,2,,0,,0,0,0,0,0,false
,3,2301.1633,0,2301.12,2301.17,2301.2,2301.12,1714718280000,3,,0,,0,0,0,0,0,false
,3,2301.1967,0,2301.34,2301.17,2301.34,2301.08,1714718340000,3,,0,,0,0,0,0,0,false
,2,2300.925,0,2300.83,2301.02,2301.02,2300.83,1714718400000,2,,0,,0,0,0,0,0,false
,3,2300.8633,0,2300.98,2301.02,2301.02,2300.59,1714718460000,3,,0,,0,0,0,0,0,false
,2,2300.675,0,2300.8,2300.55,2300.8,2300.55,1714718520000,2,,0,,0,0,0,0,0,false
,3,2301.2133,0,2301.16,2301.68,2301.68,2300.8,1714718580000,3,,0,,0,0,0,0,0,false
,2,2301.39,0,2301.6,2301.18,2301.6,2301.18,1714718640000,2,,0,,0,0,0,0,0,false
,2,2301.64,0,2301.61,2301.67,2301.67,2301.61,1714718700000,2,,0,,0,0,0,0,0,false
,3,2301.69,0,2301.8,2301.67,2301.8,2301.6,1714718760000,3,,0,,0,0,0,0,0,false
,2,2301.42,0,2301.55,2301.29,2301.55,2301.29,1714718820000,2,,0,,0,0,0,0,0,false
,3,2301.0333,0,2300.79,2300.76,2301.55,2300.76,1714718880000,3,,0,,0,0,0,0,0,false
,3,2300.9067,0,2300.96,2300.76,2301,2300.76,1714718940000,3,,0,,0,0,0,0,0,false
,2,2301.45,0,2301.5,2301.4,2301.5,2301.4,1714719000000,2,,0,,0,0,0,0,0,false
,3,2301.0433,0,2301,2301.4,2301.4,2300.73,1714719060000,3,,0,,0,0,0,0,0,false
,2,2300.43,0,2300.45,2300.41,2300.45,2300.41,1714719120000,2,,0,,0,0,0,0,0,false
,3,2300.47,0,2300.4,2300.56,2300.56,2300.4,1714719180000,3,,0,,0,0,0,0,0,false
,3,2300.31,0,2300.75,2300.56,2300.75,2299.62,1714719240000,3,,0,,0,0,0,0,0,false
,2,2299.805,0,2299.57,2300.04,2300.04,2299.57,1714719300000,2,,0,,0,0,0,0,0,false
,3,2299.9333,0,2300.03,2300.04,2300.04,2299.73,1714719360000,3,,0,,0,0,0,0,0,false
,2,2299.01,0,2299.25,2298.77,2299.25,2298.77,1714719420000,2,,0,,0,0,0,0,0,false
,3,2298.8,0,2298.3,2298.69,2299.41,2298.3,1714719480000,3,,0,,0,0,0,0,0,false
,2,2298.43,0,2298.5,2298.36,2298.5,2298.36,1714719540000,2,,0,,0,0,0,0,0,false
,3,2298.6767,0,2298.69,2298.64,2298.7,2298.64,1714719600000,3,,0,,0,0,0,0,0,false
,3,2299.2367,0,2299.43,2298.64,2299.64,2298.64,1714719660000,3,,0,,0,0,0,0,0,false
,2,2299.535,0,2299.45,2299.62,2299.62,2299.45,1714719720000,2,,0,,0,0,0,0,0,false
,3,2299.3133,0,2299.15,2299.3,2299.49,2299.15,1714719780000,3,,0,,0,0,0,0,0,false
,2,2298.795,0,2298.86,2298.73,2298.86,2298.73,1714719840000,2,,0,,0,0,0,0,0,false
,3,2298.57,0,2299.3,2298.57,2299.3,2297.84,1714719900000,3,,0,,0,0,0,0,0,false
,3,2298.7367,0,2298.77,2298.57,2298.87,2298.57,1714719960000,3,,0,,0,0,0,0,0,false
,2,2298.57,0,2298.51,2298.63,2298.63,2298.51,1714720020000,2,,0,,0,0,0,0,0,false
,3,2298.6867,0,2298.61,2298.9,2298.9,2298.55,1714720080000,3,,0,,0,0,0,0,0,false
,2,2299.095,0,2298.89,2299.3,2299.3,2298.89,1714720140000,2,,0,,0,0,0,0,0,false
,2,2298.86,0,2298.89,2298.83,2298.89,2298.83,1714720200000,2,,0,,0,0,0,0,0,false
,3,2299.0033,0,2298.89,2298.83,2299.29,2298.83,1714720260000,3,,0,,0,0,0,0,0,false
,2,2299.06,0,2298.96,2299.16,2299.16,2298.96,1714720320000,2,,0,,0,0,0,0,0,false
,3,2298.79,0,2298.41,2299.04,2299.04,2298.41,1714720380000,3,,0,,0,0,0,0,0,false
,2,2298.725,0,2298.64,2298.81,2298.81,2298.64,1714720440000,2,,0,,0,0,0,0,0,false
,3,2298.4833,0,2298.31,2298.44,2298.7,2298.31,1714720500000,3,,0,,0,0,0,0,0,false
,3,2298.5233,0,2298.69,2298.44,2298.69,2298.44,1714720560000,3,,0,,0,0,0,0,0,false
,2,2298.875,0,2298.65,2299.1,2299.1,2298.65,1714720620000,2,,0,,0,0,0,0,0,false
,3,2298.7167,0,2298.45,2299.05,2299.05,2298.45,1714720680000,3,,0,,0,0,0,0,0,false
,2,2299.09,0,2299,2299.18,2299.18,2299,1714720740000,2,,0,,0,0,0,0,0,false
,3,2298.92,0,2298.88,2299.09,2299.09,2298.79,1714720800000,3,,0,,0,0,0,0,0,false
,3,2299.46,0,2299.58,2299.09,2299.71,2299.09,1714720860000,3,,0,,0,0,0,0,0,false
,2,2299.47,0,2299.34,2299.6,2299.6,2299.34,1714720920000,2,,0,,0,0,0,0,0,false
,3,2300.1167,0,2300.39,2300.62,2300.62,2299.34,1714720980000,3,,0,,0,0,0,0,0,false
,2,2301.225,0,2301.25,2301.2,2301.25,2301.2,1714721040000,2,,0,,0,0,0,0,0,false
,3,2300.9233,0,2301.17,2301.15,2301.17,2300.45,1714721100000,3,,0,,0,0,0,0,0,false
,3,2300.41,0,2300.35,2301.15,2301.15,2299.73,1714721160000,3,,0,,0,0,0,0,0,false
,2,2300.115,0,2300,2300.23,2300.23,2300,1714721220000,2,,0,,0,0,0,0,0,false
,3,2299.6933,0,2299.93,2299.94,2299.94,2299.21,1714721280000,3,,0,,0,0,0,0,0,false
,2,2299.685,0,2299.77,2299.6,2299.77,2299.6,1714721340000,2,,0,,0,0,0,0,0,false
,3,2299.6333,0,2299.36,2299.77,2299.77,2299.36,1714721400000,3,,0,,0,0,0,0,0,false
,3,2299.8067,0,2299.87,2299.37,2300.18,2299.37,1714721460000,3,,0,,0,0,0,0,0,false
,2,2299.895,0,2299.95,2299.84,2299.95,2299.84,1714721520000,2,,0,,0,0,0,0,0,false
,3,2299.8867,0,2299.78,2299.93,2299.95,2299.78,1714721580000,3,,0,,0,0,0,0,0,false
,2,2299.595,0,2299.48,2299.71,2299.71,2299.48,1714721640000,2,,0,,0,0,0,0,0,false
,3,2299.4567,0,2299.32,2299.5,2299.55,2299.32,1714721700000,3,,0,,0,0,0,0,0,false
,3,2299.6167,0,2299.62,2299.5,2299.73,2299.5,1714721760000,3,,0,,0,0,0,0,0,false
,2,2299.865,0,2300.03,2299.7,2300.03,2299.7,1714721820000,2,,0,,0,0,0,0,0,false
,4,2299.4525,0,2299.45,2299.63,2300.03,2298.7,1714721880000,4,,0,,0,0,0,0,0,false
,2,2299.635,0,2299.64,2299.63,2299.64,2299.63,1714721940000,2,,0,,0,0,0,0,0,false
,3,2299.6733,0,2299.56,2299.82,2299.82,2299.56,1714722000000,3,,0,,0,0,0,0,0,false
,3,2299.81,0,2299.78,2299.82,2299.83,2299.78,1714722060000,3,,0,,0,0,0,0,0,false
,2,2300.12,0,2299.93,2300.31,2300.31,2299.93,1714722120000,2,,0,,0,0,0,0,0,false
,3,2300.5367,0,2301.04,2300.64,2301.04,2299.93,1714722180000,3,,0,,0,0,0,0,0,false
,2,2300.955,0,2300.94,2300.97,2300.97,2300.94,1714722240000,2,,0,,0,0,0,0,0,false
,3,2300.3067,0,2300.56,2300.35,2300.56,2300.01,1714722300000,3,,0,,0,0,0,0,0,false
,3,2300.43,0,2300.35,2300.35,2300.59,2300.35,1714722360000,3,,0,,0,0,0,0,0,false
,2,2300.87,0,2300.97,2300.77,2300.97,2300.77,1714722420000,2,,0,,0,0,0,0,0,false
,3,2300.8933,0,2300.95,2300.78,2300.95,2300.78,1714722480000,3,,0,,0,0,0,0,0,false
,2,2300.195,0,2300.77,2299.62,2300.77,2299.62,1714722540000,2,,0,,0,0,0,0,0,false
,3,2300.3167,0,2300,2300.18,2300.77,2300,1714722600000,3,,0,,0,0,0,0,0,false
,3,2300.1,0,2300.11,2300.18,2300.18,2300.01,1714722660000,3,,0,,0,0,0,0,0,false
,2,2299.875,0,2299.98,2299.77,2299.98,2299.77,1714722720000,2,,0,,0,0,0,0,0,false
,3,2299.64,0,2299.54,2299.4,2299.98,2299.4,1714722780000,3,,0,,0,0,0,0,0,false
,2,2299.675,0,2299.78,2299.57,2299.78,2299.57,1714722840000,2,,0,,0,0,0,0,0,false
,3,2299.8,0,2299.86,2299.84,2299.86,2299.7,1714722900000,3,,0,,0,0,0,0,0,false
,3,2299.62,0,2299.6,2299.84,2299.84,2299.42,1714722960000,3,,0,,0,0,0,0,0,false
,2,2299.065,0,2299.08,2299.05,2299.08,2299.05,1714723020000,2,,0,,0,0,0,0,0,false
,3,2299.0133,0,2299.02,2298.92,2299.1,2298.92,1714723080000,3,,0,,0,0,0,0,0,false
,2,2299.145,0,2298.98,2299.31,2299.31,2298.98,1714723140000,2,,0,,0,0,0,0,0,false
,3,2299.0333,0,2298.89,2299.23,2299.23,2298.89,1714723200000,3,,0,,0,0,0,0,0,false
,3,2299.1333,0,2299.29,2298.9,2299.29,2298.9,1714723260000,3,,0,,0,0,0,0,0,false
,2,2299.71,0,2299.45,2299.97,2299.97,2299.45,1714723320000,2,,0,,0,0,0,0,0,false
,3,2300.1367,0,2300.39,2300.57,2300.57,2299.45,1714723380000,3,,0,,0,0,0,0,0,false
,2,2300.765,0,2300.8,2300.73,2300.8,2300.73,1714723440000,2,,0,,0,0,0,0,0,false
,3,2300.5833,0,2301.01,2300.77,2301.01,2299.97,1714723500000,3,,0,,0,0,0,0,0,false
,3,2300.5167,0,2300.58,2300.77,2300.77,2300.2,1714723560000,3,,0,,0,0,0,0,0,false
,2,2300.485,0,2300.36,2300.61,2300.61,2300.36,1714723620000,2,,0,,0,0,0,0,0,false
,3,2300.7233,0,2300.56,2301.25,2301.25,2300.36,1714723680000,3,,0,,0,0,0,0,0,false
,2,2301.535,0,2301.32,2301.75,2301.75,2301.32,1714723740000,2,,0,,0,0,0,0,0,false
,3,2301.5267,0,2302.03,2301.94,2302.03,2300.61,1714723800000,3,,0,,0,0,0,0,0,false
,3,2302.2533,0,2302.3,2301.94,2302.52,2301.94,1714723860000,3,,0,,0,0,0,0,0,false
,2,2301.645,0,2301.85,2301.44,2301.85,2301.44,1714723920000,2,,0,,0,0,0,0,0,false
,3,2301.4733,0,2301.38,2301.45,2301.59,2301.38,1714723980000,3,,0,,0,0,0,0,0,false
,2,2300.995,0,2300.88,2301.11,2301.11,2300.88,1714724040000,2,,0,,0,0,0,0,0,false
,3,2300.67,0,2300.6,2300.44,2300.97,2300.44,1714724100000,3,,0,,0,0,0,0,0,false
,3,2300.45,0,2300.54,2300.44,2300.54,2300.37,1714724160000,3,,0,,0,0,0,0,0,false
,2,2299.925,0,2300,2299.85,2300,2299.85,1714724220000,2,,0,,0,0,0,0,0,false
,3,2300.1067,0,2300.27,2299.85,2300.27,2299.85,1714724280000,3,,0,,0,0,0,0,0,false
,2,2300.42,0,2300.44,2300.4,2300.44,2300.4,1714724340000,2,,0,,0,0,0,0,0,false
,3,2300.58,0,2300.6,2300.7,2300.7,2300.44,1714724400000,3,,0,,0,0,0,0,0,false
,3,2300.58,0,2300.51,2300.7,2300.7,2300.51,1714724460000,3,,0,,0,0,0,0,0,false
,2,2300.66,0,2300.63,2300.69,2300.69,2300.63,1714724520000,2,,0,,0,0,0,0,0,false
,3,2300.7767,0,2300.72,2300.69,2300.92,2300.69,1714724580000,3,,0,,0,0,0,0,0,false
,2,2300.765,0,2300.91,2300.62,2300.91,2300.62,1714724640000,2,,0,,0,0,0,0,0,false
,3,2300.3233,0,2300.41,2299.65,2300.91,2299.65,1714724700000,3,,0,,0,0,0,0,0,false
,3,2299.6733,0,2299.22,2300.4,2300.4,2299.22,1714724760000,3,,0,,0,0,0,0,0,false
,2,2299.175,0,2299.16,2299.19,2299.19,2299.16,1714724820000,2,,0,,0,0,0,0,0,false
,3,2299.1467,0,2298.86,2299.19,2299.39,2298.86,1714724880000,3,,0,,0,0,0,0,0,false
,2,2299.74,0,2299.74,2299.74,2299.74,2299.74,1714724940000,2,,0,,0,0,0,0,0,false
,3,2299.56,0,2299.73,2299.75,2299.75,2299.2,1714725000000,3,,0,,0,0,0,0,0,false
,3,2299.54,0,2299.54,2299.75,2299.75,2299.33,1714725060000,3,,0,,0,0,0,0,0,false
,2,2298.805,0,2298.63,2298.98,2298.98,2298.63,1714725120000,2,,0,,0,0,0,0,0,false
,3,2299.1133,0,2299.13,2298.98,2299.23,2298.98,1714725180000,3,,0,,0,0,0,0,0,false
,2,2299.495,0,2299.22,2299.77,2299.77,2299.22,1714725240000,2,,0,,0,0,0,0,0,false
,3,2299.4,0,2299.68,2299.3,2299.68,2299.22,1714725300000,3,,0,,0,0,0,0,0,false
,3,2299.4,0,2299.63,2299.3,2299.63,2299.27,1714725360000,3,,0,,0,0,0,0,0,false
,2,2299.26,0,2299.19,2299.33,2299.33,2299.19,1714725420000,2,,0,,0,0,0,0,0,false
,3,2299.3367,0,2299.35,2299.33,2299.35,2299.33,1714725480000,3,,0,,0,0,0,0,0,false
,2,2299.4,0,2299.24,2299.56,2299.56,2299.24,1714725540000,2,,0,,0,0,0,0,0,false
,3,2299.5,0,2299.23,2300.03,2300.03,2299.23,1714725600000,3,,0,,0,0,0,0,0,false
,3,2299.7967,0,2300.06,2299.24,2300.09,2299.24,1714725660000,3,,0,,0,0,0,0,0,false
,2,2300.155,0,2300.36,2299.95,2300.36,2299.95,1714725720000,2,,0,,0,0,0,0,0,false
,3,2299.81,0,2299.66,2299.95,2299.95,2299.66,1714725780000,3,,0,,0,0,0,0,0,false
,2,2299.8,0,2299.71,2299.89,2299.89,2299.71,1714725840000,2,,0,,0,0,0,0,0,false
,4,2299.6475,0,2300.09,2299.79,2300.09,2299,1714725900000,4,,0,,0,0,0,0,0,false
,2,2300.07,0,2299.88,2300.26,2300.26,2299.88,1714725960000,2,,0,,0,0,0,0,0,false
,3,2300.18,0,2299.79,2300.38,2300.38,2299.79,1714726020000,3,,0,,0,0,0,0,0,false
,4,2300.495,0,2300.78,2300.28,2301.32,2299.6,1714726080000,4,,0,,0,0,0,0,0,false
,2,2301.4,0,2301.29,2301.51,2301.51,2301.29,1714726140000,2,,0,,0,0,0,0,0,false
,3,2301.4833,0,2301.59,2301.57,2301.59,2301.29,1714726200000,3,,0,,0,0,0,0,0,false
,1,2301.45,0,2301.45,2301.45,2301.45,2301.45,1714726260000,1,,0,,0,0,0,0,0,false
,3,2301.5467,0,2301.57,2301.42,2301.65,2301.42,1714726320000,3,,0,,0,0,0,0,0,false
,3,2301.44,0,2301.33,2301.42,2301.57,2301.33,1714726380000,3,,0,,0,0,0,0,0,false
,2,2301.75,0,2301.63,2301.87,2301.87,2301.63,1714726440000,2,,0,,0,0,0,0,0,false
,3,2301.72,0,2301.86,2301.67,2301.86,2301.63,1714726500000,3,,0,,0,0,0,0,0,false
,2,2301.34,0,2301.47,2301.21,2301.47,2301.21,1714726560000,2,,0,,0,0,0,0,0,false
,3,2301.44,0,2301.67,2301.39,2301.67,2301.26,1714726620000,3,,0,,0,0,0,0,0,false
,3,2301.4633,0,2301.56,2301.39,2301.56,2301.39,1714726680000,3,,0,,0,0,0,0,0,false
,2,2301.47,0,2301.41,2301.53,2301.53,2301.41,1714726740000,2,,0,,0,0,0,0,0,false
,3,2301.0833,0,2300.95,2300.89,2301.41,2300.89,1714726800000,3,,0,,0,0,0,0,0,false
,2,2301.095,0,2301.12,2301.07,2301.12,2301.07,1714726860000,2,,0,,0,0,0,0,0,false
,3,2301.0533,0,2300.88,2301.1,2301.18,2300.88,1714726920000,3,,0,,0,0,0,0,0,false
,3,2301.0367,0,2301.07,2301.1,2301.1,2300.94,1714726980000,3,,0,,0,0,0,0,0,false
,2,2301.23,0,2301.1,2301.36,2301.36,2301.1,1714727040000,2,,0,,0,0,0,0,0,false
,3,2301.2833,0,2301.32,2301.43,2301.43,2301.1,1714727100000,3,,0,,0,0,0,0,0,false
,2,2301.605,0,2301.53,2301.68,2301.68,2301.53,1714727160000,2,,0,,0,0,0,0,0,false
,3,2301.4967,0,2301.43,2301.55,2301.55,2301.43,1714727220000,3,,0,,0,0,0,0,0,false
,3,2301.2567,0,2301.29,2301.55,2301.55,2300.93,1714727280000,3,,0,,0,0,0,0,0,false
,2,2301.05,0,2300.81,2301.29,2301.29,2300.81,1714727340000,2,,0,,0,0,0,0,0,false
,3,2301.07,0,2301.28,2301.12,2301.28,2300.81,1714727400000,3,,0,,0,0,0,0,0,false
,2,2300.8,0,2300.83,2300.77,2300.83,2300.77,1714727460000,2,,0,,0,0,0,0,0,false
,3,2300.5633,0,2300.2,2300.37,2301.12,2300.2,1714727520000,3,,0,,0,0,0,0,0,false
,3,2300.34,0,2300.3,2300.37,2300.37,2300.3,1714727580000,3,,0,,0,0,0,0,0,false
,2,2300.02,0,2300.26,2299.78,2300.26,2299.78,1714727640000,2,,0,,0,0,0,0,0,false
,4,2299.445,0,2299.44,2299.78,2300.26,2298.3,1714727700000,4,,0,,0,0,0,0,0,false
,2,2299.795,0,2299.69,2299.9,2299.9,2299.69,1714727760000,2,,0,,0,0,0,0,0,false
,3,2299.85,0,2300.03,2299.83,2300.03,2299.69,1714727820000,3,,0,,0,0,0,0,0,false
,3,2299.76,0,2299.61,2299.83,2299.84,2299.61,1714727880000,3,,0,,0,0,0,0,0,false
,2,2299.735,0,2299.69,2299.78,2299.78,2299.69,1714727940000,2,,0,,0,0,0,0,0,false
,3,2299.95,0,2300.11,2300.05,2300.11,2299.69,1714728000000,3,,0,,0,0,0,0,0,false
,2,2300.275,0,2300.18,2300.37,2300.37,2300.18,1714728060000,2,,0,,0,0,0,0,0,false
,3,2300.2767,0,2300.49,2300.45,2300.49,2299.89,1714728120000,3,,0,,0,0,0,0,0,false
,4,2300.375,0,2300.68,2300.45,2300.77,2299.6,1714728180000,4,,0,,0,0,0,0,0,false
,2,2300.595,0,2300.66,2300.53,2300.66,2300.53,1714728240000,2,,0,,0,0,0,0,0,false
,3,2300.4333,0,2300.25,2300.39,2300.66,2300.25,1714728300000,3,,0,,0,0,0,0,0,false
,2,2300.28,0,2300.39,2300.17,2300.39,2300.17,1714728360000,2,,0,,0,0,0,0,0,false
,3,2300.31,0,2300.29,2300.25,2300.39,2300.25,1714728420000,3,,0,,0,0,0,0,0,false
,3,2300.54,0,2300.7,2300.25,2300.7,2300.25,1714728480000,3,,0,,0,0,0,0,0,false
,2,2300.955,0,2300.88,2301.03,2301.03,2300.88,1714728540000,2,,0,,0,0,0,0,0,false
,4,2301.1225,0,2300.5,2301.55,2301.56,2300.5,1714728600000,4,,0,,0,0,0,0,0,false
,2,2301.245,0,2301.2,2301.29,2301.29,2301.2,1714728660000,2,,0,,0,0,0,0,0,false
,3,2301.6933,0,2301.84,2302.01,2302.01,2301.23,1714728720000,3,,0,,0,0,0,0,0,false
,3,2301.7433,0,2301.89,2301.32,2302.02,2301.32,1714728780000,3,,0,,0,0,0,0,0,false
,2,2301.485,0,2301.55,2301.42,2301.55,2301.42,1714728840000,2,,0,,0,0,0,0,0,false
,3,2301.1033,0,2301.15,2300.61,2301.55,2300.61,1714728900000,3,,0,,0,0,0,0,0,false
,2,2300.85,0,2300.73,2300.97,2300.97,2300.73,1714728960000,2,,0,,0,0,0,0,0,false
,3,2301.2733,0,2301.29,2301.8,2301.8,2300.73,1714729020000,3,,0,,0,0,0,0,0,false
,4,2301.62,0,2301.86,2301.78,2302.04,2300.8,1714729080000,4,,0,,0,0,0,0,0,false
,2,2302.345,0,2302.12,2302.57,2302.57,2302.12,1714729140000,2,,0,,0,0,0,0,0,false
,3,2302.2,0,2302.4,2302.08,2302.4,2302.08,1714729200000,3,,0,,0,0,0,0,0,false
,2,2302.49,0,2302.52,2302.46,2302.52,2302.46,1714729260000,2,,0,,0,0,0,0,0,false
,3,2302.1333,0,2302.43,2302.67,2302.67,2301.3,1714729320000,3,,0,,0,0,0,0,0,false
,3,2302.62,0,2302.65,2302.67,2302.67,2302.54,1714729380000,3,,0,,0,0,0,0,0,false
,2,2302.79,0,2302.84,2302.74,2302.84,2302.74,1714729440000,2,,0,,0,0,0,0,0,false
,4,2302.1275,0,2302.24,2302.33,2302.84,2301.1,1714729500000,4,,0,,0,0,0,0,0,false
,2,2301.9,0,2301.95,2301.85,2301.95,2301.85,1714729560000,2,,0,,0,0,0,0,0,false
,3,2301.5567,0,2301.32,2301.34,2302.01,2301.32,1714729620000,3,,0,,0,0,0,0,0,false
,3,2301.2867,0,2301.2,2301.34,2301.34,2301.2,1714729680000,3,,0,,0,0,0,0,0,false
,2,2301.33,0,2301.42,2301.24,2301.42,2301.24,1714729740000,2,,0,,0,0,0,0,0,false
,4,2300.9375,0,2301.27,2300.96,2301.42,2300.1,1714729800000,4,,0,,0,0,0,0,0,false
,2,2300.705,0,2300.77,2300.64,2300.77,2300.64,1714729860000,2,,0,,0,0,0,0,0,false
,3,2300.4733,0,2300.09,2300.56,2300.77,2300.09,1714729920000,3,,0,,0,0,0,0,0,false
,3,2300.66,0,2300.61,2300.56,2300.81,2300.56,1714729980000,3,,0,,0,0,0,0,0,false
,2,2301.305,0,2301.21,2301.4,2301.4,2301.21,1714730040000,2,,0,,0,0,0,0,0,false
,3,2301.2067,0,2301.36,2301.44,2301.44,2300.82,1714730100000,3,,0,,0,0,0,0,0,false
,2,2301.51,0,2301.49,2301.53,2301.53,2301.49,1714730160000,2,,0,,0,0,0,0,0,false
,3,2301.5567,0,2301.59,2301.59,2301.59,2301.49,1714730220000,3,,0,,0,0,0,0,0,false
,3,2301.63,0,2301.6,2301.59,2301.7,2301.59,1714730280000,3,,0,,0,0,0,0,0,false
,2,2301.695,0,2301.69,2301.7,2301.7,2301.69,1714730340000,2,,0,,0,0,0,0,0,false
,3,2301.3133,0,2301.29,2300.96,2301.69,2300.96,1714730400000,3,,0,,0,0,0,0,0,false
,2,2301.315,0,2301.29,2301.34,2301.34,2301.29,1714730460000,2,,0,,0,0,0,0,0,false
,3,2301.4567,0,2301.59,2301.65,2301.65,2301.13,1714730520000,3,,0,,0,0,0,0,0,false
,4,2301.295,0,2301.64,2301.65,2301.65,2300.5,1714730580000,4,,0,,0,0,0,0,0,false
,2,2300.995,0,2301.12,2300.87,2301.12,2300.87,1714730640000,2,,0,,0,0,0,0,0,false
,3,2300.9967,0,2300.96,2300.91,2301.12,2300.91,1714730700000,3,,0,,0,0,0,0,0,false
,2,2300.66,0,2300.62,2300.7,2300.7,2300.62,1714730760000,2,,0,,0,0,0,0,0,false
,3,2300.4667,0,2300.43,2300.35,2300.62,2300.35,1714730820000,3,,0,,0,0,0,0,0,false
,4,2300.04,0,2300.35,2300.35,2300.35,2299.2,1714730880000,4,,0,,0,0,0,0,0,false
,2,2300.545,0,2300.37,2300.72,2300.72,2300.37,1714730940000,2,,0,,0,0,0,0,0,false
,3,2300.41,0,2300.85,2300.01,2300.85,2300.01,1714731000000,3,,0,,0,0,0,0,0,false
,3,2299.5067,0,2298.7,2299.9,2299.92,2298.7,1714731060000,3,,0,,0,0,0,0,0,false
,3,2299.7167,0,2299.62,2299.61,2299.92,2299.61,1714731120000,3,,0,,0,0,0,0,0,false
,3,2299.6433,0,2299.56,2299.61,2299.76,2299.56,1714731180000,3,,0,,0,0,0,0,0,false
,2,2299.935,0,2299.94,2299.93,2299.94,2299.93,1714731240000,2,,0,,0,0,0,0,0,false
,3,2299.98,0,2299.8,2300.21,2300.21,2299.8,1714731300000,3,,0,,0,0,0,0,0,false
,2,2300.08,0,2300.14,2300.02,2300.14,2300.02,1714731360000,2,,0,,0,0,0,0,0,false
,3,2299.7967,0,2299.69,2299.56,2300.14,2299.56,1714731420000,3,,0,,0,0,0,0,0,false
,3,2299.53,0,2299.57,2299.56,2299.57,2299.46,1714731480000,3,,0,,0,0,0,0,0,false
,2,2299.77,0,2299.66,2299.88,2299.88,2299.66,1714731540000,2,,0,,0,0,0,0,0,false
,3,2300.0367,0,2300.08,2299.88,2300.15,2299.88,1714731600000,3,,0,,0,0,0,0,0,false
,2,2300.18,0,2300.21,2300.15,2300.21,2300.15,1714731660000,2,,0,,0,0,0,0,0,false
,3,2300.2767,0,2300.22,2300.4,2300.4,2300.21,1714731720000,3,,0,,0,0,0,0,0,false
,3,2300.35,0,2300.44,2300.4,2300.44,2300.21,1714731780000,3,,0,,0,0,0,0,0,false
,2,2299.81,0,2299.89,2299.73,2299.89,2299.73,1714731840000,2,,0,,0,0,0,0,0,false
,3,2299.5767,0,2299.49,2299.73,2299.73,2299.49,1714731900000,3,,0,,0,0,0,0,0,false
,2,2299.505,0,2299.51,2299.5,2299.51,2299.5,1714731960000,2,,0,,0,0,0,0,0,false
,3,2299.4267,0,2299.41,2299.36,2299.51,2299.36,1714732020000,3,,0,,0,0,0,0,0,false
,3,2299.7633,0,2300.16,2299.36,2300.16,2299.36,1714732080000,3,,0,,0,0,0,0,0,false
,2,2299.72,0,2299.83,2299.61,2299.83,2299.61,1714732140000,2,,0,,0,0,0,0,0,false
,3,2299.47,0,2299.29,2299.61,2299.61,2299.29,1714732200000,3,,0,,0,0,0,0,0,false
,2,2299.02,0,2299.06,2298.98,2299.06,2298.98,1714732260000,2,,0,,0,0,0,0,0,false
,3,2299.3967,0,2299.49,2299.51,2299.51,2299.19,1714732320000,3,,0,,0,0,0,0,0,false
,2,2299.69,0,2299.59,2299.79,2299.79,2299.59,1714732380000,2,,0,,0,0,0,0,0,false
,3,2299.5867,0,2299.01,2299.86,2299.89,2299.01,1714732440000,3,,0,,0,0,0,0,0,false
,3,2299.8233,0,2299.61,2299.86,2300,2299.61,1714732500000,3,,0,,0,0,0,0,0,false
,2,2299.895,0,2299.86,2299.93,2299.93,2299.86,1714732560000,2,,0,,0,0,0,0,0,false
,3,2300.04,0,2300.25,2300.01,2300.25,2299.86,1714732620000,3,,0,,0,0,0,0,0,false
,2,2299.945,0,2299.9,2299.99,2299.99,2299.9,1714732680000,2,,0,,0,0,0,0,0,false
,3,2299.89,0,2300.01,2299.71,2300.01,2299.71,1714732740000,3,,0,,0,0,0,0,0,false
,3,2299.7733,0,2299.71,2299.71,2299.9,2299.71,1714732800000,3,,0,,0,0,0,0,0,false
,2,2300.15,0,2300.12,2300.18,2300.18,2300.12,1714732860000,2,,0,,0,0,0,0,0,false
,3,2300.1067,0,2299.93,2300.27,2300.27,2299.93,1714732920000,3,,0,,0,0,0,0,0,false
,2,2300.175,0,2300.16,2300.19,2300.19,2300.16,1714732980000,2,,0,,0,0,0,0,0,false
,3,2300.2733,0,2299.94,2300.51,2300.51,2299.94,1714733040000,3,,0,,0,0,0,0,0,false
,3,2300.32,0,2300.29,2300.51,2300.51,2300.16,1714733100000,3,,0,,0,0,0,0,0,false
,2,2300.315,0,2300.28,2300.35,2300.35,2300.28,1714733160000,2,,0,,0,0,0,0,0,false
,3,2300.4533,0,2300.56,2300.52,2300.56,2300.28,1714733220000,3,,0,,0,0,0,0,0,false
,2,2300.25,0,2300.41,2300.09,2300.41,2300.09,1714733280000,2,,0,,0,0,0,0,0,false
,3,2299.9567,0,2300.52,2299.5,2300.52,2299.5,1714733340000,3,,0,,0,0,0,0,0,false
,3,2298.94,0,2298.74,2299.84,2299.84,2298.24,1714733400000,3,,0,,0,0,0,0,0,false
,2,2298.3,0,2298.04,2298.56,2298.56,2298.04,1714733460000,2,,0,,0,0,0,0,0,false
,3,2298.42,0,2298.7,2298.52,2298.7,2298.04,1714733520000,3,,0,,0,0,0,0,0,false
,2,2298.42,0,2298.46,2298.38,2298.46,2298.38,1714733580000,2,,0,,0,0,0,0,0,false
,3,2298.3333,0,2298.52,2298.32,2298.52,2298.16,1714733640000,3,,0,,0,0,0,0,0,false
,3,2298.2233,0,2298.14,2298.32,2298.32,2298.14,1714733700000,3,,0,,0,0,0,0,0,false
,2,2298.045,0,2298.03,2298.06,2298.06,2298.03,1714733760000,2,,0,,0,0,0,0,0,false
,3,2298.3133,0,2298.4,2298.51,2298.51,2298.03,1714733820000,3,,0,,0,0,0,0,0,false
,2,2298.575,0,2298.53,2298.62,2298.62,2298.53,1714733880000,2,,0,,0,0,0,0,0,false
,3,2298.6567,0,2298.09,2298.96,2298.96,2298.09,1714733940000,3,,0,,0,0,0,0,0,false
,3,2299.15,0,2299.17,2298.96,2299.32,2298.96,1714734000000,3,,0,,0,0,0,0,0,false
,2,2299.09,0,2299.09,2299.09,2299.09,2299.09,1714734060000,2,,0,,0,0,0,0,0,false
,3,2299.12,0,2299.01,2299.26,2299.26,2299.01,1714734120000,3,,0,,0,0,0,0,0,false
,2,2299.27,0,2299.29,2299.25,2299.29,2299.25,1714734180000,2,,0,,0,0,0,0,0,false
,3,2298.98,0,2299.26,2299.07,2299.26,2298.61,1714734240000,3,,0,,0,0,0,0,0,false
,3,2299.2433,0,2299.2,2299.07,2299.46,2299.07,1714734300000,3,,0,,0,0,0,0,0,false
,3,2299.49,0,2299.46,2299.55,2299.55,2299.46,1714734360000,3,,0,,0,0,0,0,0,false
,3,2299.23,0,2299.12,2299.11,2299.46,2299.11,1714734420000,3,,0,,0,0,0,0,0,false
,3,2298.5567,0,2298.87,2298.5,2298.87,2298.3,1714734480000,3,,0,,0,0,0,0,0,false
,3,2298.8033,0,2299.11,2298.44,2299.11,2298.44,1714734540000,3,,0,,0,0,0,0,0,false
,3,2298.5567,0,2298.54,2298.51,2298.62,2298.51,1714734600000,3,,0,,0,0,0,0,0,false
,2,2298.07,0,2298.01,2298.13,2298.13,2298.01,1714734660000,2,,0,,0,0,0,0,0,false
,3,2298.1667,0,2298.11,2297.78,2298.61,2297.78,1714734720000,3,,0,,0,0,0,0,0,false
,2,2297.39,0,2297.75,2297.03,2297.75,2297.03,1714734780000,2,,0,,0,0,0,0,0,false
,3,2297.3367,0,2297.1,2297.13,2297.78,2297.1,1714734840000,3,,0,,0,0,0,0,0,false
,3,2297.23,0,2297.22,2297.13,2297.34,2297.13,1714734900000,3,,0,,0,0,0,0,0,false
,2,2297.075,0,2297.09,2297.06,2297.09,2297.06,1714734960000,2,,0,,0,0,0,0,0,false
,3,2297.2667,0,2297.18,2297.53,2297.53,2297.09,1714735020000,3,,0,,0,0,0,0,0,false
,2,2297.855,0,2297.61,2298.1,2298.1,2297.61,1714735080000,2,,0,,0,0,0,0,0,false
,3,2297.93,0,2298.3,2298.28,2298.3,2297.21,1714735140000,3,,0,,0,0,0,0,0,false
,3,2298.42,0,2298.34,2298.28,2298.64,2298.28,1714735200000,3,,0,,0,0,0,0,0,false
,2,2298.74,0,2298.63,2298.85,2298.85,2298.63,1714735260000,2,,0,,0,0,0,0,0,false
,3,2298.8333,0,2298.91,2298.96,2298.96,2298.63,1714735320000,3,,0,,0,0,0,0,0,false
,2,2299.125,0,2299.07,2299.18,2299.18,2299.07,1714735380000,2,,0,,0,0,0,0,0,false
,3,2299.0933,0,2299.09,2299.12,2299.12,2299.07,1714735440000,3,,0,,0,0,0,0,0,false
,4,2298.7425,0,2298.9,2299.12,2299.15,2297.8,1714735500000,4,,0,,0,0,0,0,0,false
,2,2299.235,0,2299.38,2299.09,2299.38,2299.09,1714735560000,2,,0,,0,0,0,0,0,false
,3,2299.4667,0,2299.32,2299.7,2299.7,2299.32,1714735620000,3,,0,,0,0,0,0,0,false
,2,2299.305,0,2299.21,2299.4,2299.4,2299.21,1714735680000,2,,0,,0,0,0,0,0,false
,3,2299.1167,0,2299.26,2298.88,2299.26,2298.88,1714735740000,3,,0,,0,0,0,0,0,false
,3,2298.6633,0,2298.41,2299.25,2299.25,2298.33,1714735800000,3,,0,,0,0,0,0,0,false
,2,2298.055,0,2298.03,2298.08,2298.08,2298.03,1714735860000,2,,0,,0,0,0,0,0,false
,3,2297.9567,0,2298.02,2297.82,2298.03,2297.82,1714735920000,3,,0,,0,0,0,0,0,false
,2,2297.41,0,2297.74,2297.08,2297.74,2297.08,1714735980000,2,,0,,0,0,0,0,0,false
,3,2297.45,0,2297.13,2297.48,2297.74,2297.13,1714736040000,3,,0,,0,0,0,0,0,false
,3,2297.3467,0,2297.27,2297.14,2297.63,2297.14,1714736100000,3,,0,,0,0,0,0,0,false
,2,2298.265,0,2298.05,2298.48,2298.48,2298.05,1714736160000,2,,0,,0,0,0,0,0,false
,3,2298.2433,0,2298.55,2298.49,2298.55,2297.69,1714736220000,3,,0,,0,0,0,0,0,false
,2,2298.705,0,2298.59,2298.82,2298.82,2298.59,1714736280000,2,,0,,0,0,0,0,0,false
,3,2298.78,0,2298.84,2298.91,2298.91,2298.59,1714736340000,3,,0,,0,0,0,0,0,false
,3,2299.0267,0,2298.98,2298.91,2299.19,2298.91,1714736400000,3,,0,,0,0,0,0,0,false
,2,2299.535,0,2299.25,2299.82,2299.82,2299.25,1714736460000,2,,0,,0,0,0,0,0,false
,3,2298.95,0,2298.8,2298.8,2299.25,2298.8,1714736520000,3,,0,,0,0,0,0,0,false
,2,2298.985,0,2298.86,2299.11,2299.11,2298.86,1714736580000,2,,0,,0,0,0,0,0,false
,3,2298.8467,0,2298.75,2298.93,2298.93,2298.75,1714736640000,3,,0,,0,0,0,0,0,false
,3,2298.7,0,2298.62,2298.93,2298.93,2298.55,1714736700000,3,,0,,0,0,0,0,0,false
,2,2298.48,0,2298.61,2298.35,2298.61,2298.35,1714736760000,2,,0,,0,0,0,0,0,false
,3,2298.3333,0,2298.17,2298.22,2298.61,2298.17,1714736820000,3,,0,,0,0,0,0,0,false
,2,2298.275,0,2298.37,2298.18,2298.37,2298.18,1714736880000,2,,0,,0,0,0,0,0,false
,3,2298.0433,0,2298,2297.76,2298.37,2297.76,1714736940000,3,,0,,0,0,0,0,0,false
,3,2297.73,0,2297.85,2297.76,2297.85,2297.58,1714737000000,3,,0,,0,0,0,0,0,false
,2,2297.62,0,2297.58,2297.66,2297.66,2297.58,1714737060000,2,,0,,0,0,0,0,0,false
,3,2297.55,0,2297.24,2297.83,2297.83,2297.24,1714737120000,3,,0,,0,0,0,0,0,false
,3,2297.2467,0,2297.78,2297.36,2297.78,2296.6,1714737180000,3,,0,,0,0,0,0,0,false
,3,2297.56,0,2297.3,2297.6,2297.78,2297.3,1714737240000,3,,0,,0,0,0,0,0,false
,3,2297.29,0,2297.02,2297.6,2297.6,2297.02,1714737300000,3,,0,,0,0,0,0,0,false
,2,2297.05,0,2297.08,2297.02,2297.08,2297.02,1714737360000,2,,0,,0,0,0,0,0,false
,3,2296.8667,0,2296.9,2296.62,2297.08,2296.62,1714737420000,3,,0,,0,0,0,0,0,false
,2,2297.83,0,2297.63,2298.03,2298.03,2297.63,1714737480000,2,,0,,0,0,0,0,0,false
,3,2297.55,0,2297.79,2297.94,2297.94,2296.92,1714737540000,3,,0,,0,0,0,0,0,false
,3,2298.07,0,2298.02,2297.94,2298.25,2297.94,1714737600000,3,,0,,0,0,0,0,0,false
,2,2297.825,0,2297.91,2297.74,2297.91,2297.74,1714737660000,2,,0,,0,0,0,0,0,false
,3,2297.66,0,2297.44,2297.63,2297.91,2297.44,1714737720000,3,,0,,0,0,0,0,0,false
,2,2297.5,0,2297.16,2297.84,2297.84,2297.16,1714737780000,2,,0,,0,0,0,0,0,false
,3,2297.6667,0,2297.81,2297.57,2297.81,2297.57,1714737840000,3,,0,,0,0,0,0,0,false
,3,2297.2767,0,2297.06,2297.57,2297.57,2297.06,1714737900000,3,,0,,0,0,0,0,0,false
,2,2297.335,0,2297.25,2297.42,2297.42,2297.25,1714737960000,2,,0,,0,0,0,0,0,false
,3,2297.6967,0,2297.68,2298.16,2298.16,2297.25,1714738020000,3,,0,,0,0,0,0,0,false
,2,2298.265,0,2298.26,2298.27,2298.27,2298.26,1714738080000,2,,0,,0,0,0,0,0,false
,3,2298.2433,0,2298.64,2298.38,2298.64,2297.71,1714738140000,3,,0,,0,0,0,0,0,false
,3,2298.29,0,2298.43,2298.38,2298.43,2298.06,1714738200000,3,,0,,0,0,0,0,0,false
,2,2298.24,0,2298.16,2298.32,2298.32,2298.16,1714738260000,2,,0,,0,0,0,0,0,false
,3,2298.37,0,2298.49,2298.46,2298.49,2298.16,1714738320000,3,,0,,0,0,0,0,0,false
,2,2298.88,0,2299.01,2298.75,2299.01,2298.75,1714738380000,2,,0,,0,0,0,0,0,false
,3,2298.57,0,2298.47,2298.48,2298.76,2298.47,1714738440000,3,,0,,0,0,0,0,0,false
,3,2298.3233,0,2298.27,2298.48,2298.48,2298.22,1714738500000,3,,0,,0,0,0,0,0,false
,2,2298.435,0,2298.41,2298.46,2298.46,2298.41,1714738560000,2,,0,,0,0,0,0,0,false
,3,2298.2467,0,2298.09,2298.46,2298.46,2298.09,1714738620000,3,,0,,0,0,0,0,0,false
,3,2298.19,0,2298.45,2298.62,2298.62,2297.5,1714738680000,3,,0,,0,0,0,0,0,false
,3,2298.85,0,2298.91,2299.19,2299.19,2298.45,1714738740000,3,,0,,0,0,0,0,0,false
,2,2298.83,0,2299.19,2298.47,2299.19,2298.47,1714738800000,2,,0,,0,0,0,0,0,false
,4,2297.8825,0,2299.19,2297.83,2299.19,2296.7,1714738860000,4,,0,,0,0,0,0,0,false
,3,2297.67,0,2297.56,2298.17,2298.17,2297.28,1714738920000,3,,0,,0,0,0,0,0,false
,2,2296.48,0,2297.09,2295.87,2297.09,2295.87,1714738980000,2,,0,,0,0,0,0,0,false
,3,2295.77,0,2295.58,2294.64,2297.09,2294.64,1714739040000,3,,0,,0,0,0,0,0,false
,2,2295.67,0,2295.62,2295.72,2295.72,2295.62,1714739100000,2,,0,,0,0,0,0,0,false
,3,2296.2633,0,2295.93,2296.45,2296.45,2295.93,1714739160000,3,,0,,0,0,0,0,0,false
,3,2296.58,0,2296.67,2296.45,2296.67,2296.45,1714739220000,3,,0,,0,0,0,0,0,false
,2,2297,0,2296.82,2297.18,2297.18,2296.82,1714739280000,2,,0,,0,0,0,0,0,false
,3,2296.7533,0,2297.09,2296.35,2297.09,2296.35,1714739340000,3,,0,,0,0,0,0,0,false
,2,2316.405,0,2313.29,2319.52,2319.52,2313.29,1714739400000,2,,0,,0,0,0,0,0,false
,3,2310.2,0,2296.48,2315,2319.12,2296.48,1714739460000,3,,0,,0,0,0,0,0,false
,2,2314.85,0,2316.17,2313.53,2316.17,2313.53,1714739520000,2,,0,,0,0,0,0,0,false
,2,2316.585,0,2317.4,2315.77,2317.4,2315.77,1714739580000,2,,0,,0,0,0,0,0,false
,3,2316.9,0,2318.24,2317.05,2318.24,2315.41,1714739640000,3,,0,,0,0,0,0,0,false
,2,2315.94,0,2315.53,2316.35,2316.35,2315.53,1714739700000,2,,0,,0,0,0,0,0,false
,3,2316.2833,0,2317.24,2315.22,2317.24,2315.22,1714739760000,3,,0,,0,0,0,0,0,false
,3,2313.0233,0,2311.91,2315.22,2315.22,2311.91,1714739820000,3,,0,,0,0,0,0,0,false
,2,2310.89,0,2311.21,2310.57,2311.21,2310.57,1714739880000,2,,0,,0,0,0,0,0,false
,3,2311.8,0,2312.39,2311.8,2312.39,2311.21,1714739940000,3,,0,,0,0,0,0,0,false
,2,2314.115,0,2314.82,2313.41,2314.82,2313.41,1714740000000,2,,0,,0,0,0,0,0,false
,3,2310.4233,0,2311.14,2310.69,2311.14,2309.44,1714740060000,3,,0,,0,0,0,0,0,false
,3,2309.04,0,2307.12,2310.69,2310.69,2307.12,1714740120000,3,,0,,0,0,0,0,0,false
,2,2308.19,0,2309.23,2307.15,2309.23,2307.15,1714740180000,2,,0,,0,0,0,0,0,false
,3,2307.1833,0,2307.12,2305.2,2309.23,2305.2,1714740240000,3,,0,,0,0,0,0,0,false
,2,2302.885,0,2302.5,2303.27,2303.27,2302.5,1714740300000,2,,0,,0,0,0,0,0,false
,3,2304.0767,0,2307.11,2302.36,2307.11,2302.36,1714740360000,3,,0,,0,0,0,0,0,false
,3,2303.6833,0,2304.43,2302.36,2304.43,2302.36,1714740420000,3,,0,,0,0,0,0,0,false
,2,2300.765,0,2300.28,2301.25,2301.25,2300.28,1714740480000,2,,0,,0,0,0,0,0,false
,2,2300.59,0,2300.26,2300.92,2300.92,2300.26,1714740540000,2,,0,,0,0,0,0,0,false
,2,2299.92,0,2299.55,2300.29,2300.29,2299.55,1714740600000,2,,0,,0,0,0,0,0,false
,3,2299.8,0,2300.92,2299.74,2300.92,2298.74,1714740660000,3,,0,,0,0,0,0,0,false
,3,2298.72,0,2298.73,2299.74,2299.74,2297.69,1714740720000,3,,0,,0,0,0,0,0,false
,2,2299.785,0,2298.8,2300.77,2300.77,2298.8,1714740780000,2,,0,,0,0,0,0,0,false
,3,2300.37,0,2301.22,2302.28,2302.28,2297.61,1714740840000,3,,0,,0,0,0,0,0,false
,2,2303.645,0,2302.51,2304.78,2304.78,2302.51,1714740900000,2,,0,,0,0,0,0,0,false
,3,2302.34,0,2298.84,2303.89,2304.29,2298.84,1714740960000,3,,0,,0,0,0,0,0,false
,3,2303.8333,0,2303.63,2303.89,2303.98,2303.63,1714741020000,3,,0,,0,0,0,0,0,false
,2,2305.27,0,2304.51,2306.03,2306.03,2304.51,1714741080000,2,,0,,0,0,0,0,0,false
,3,2304.6933,0,2304.88,2304.78,2304.88,2304.42,1714741140000,3,,0,,0,0,0,0,0,false
,2,2303.205,0,2303.7,2302.71,2303.7,2302.71,1714741200000,2,,0,,0,0,0,0,0,false
,3,2304.08,0,2304.78,2303.93,2304.78,2303.53,1714741260000,3,,0,,0,0,0,0,0,false
,3,2305.0433,0,2304.56,2303.64,2306.93,2303.64,1714741320000,3,,0,,0,0,0,0,0,false
,2,2307.65,0,2307.91,2307.39,2307.91,2307.39,1714741380000,2,,0,,0,0,0,0,0,false
,2,2306.145,0,2306.23,2306.06,2306.23,2306.06,1714741440000,2,,0,,0,0,0,0,0,false
,2,2306.105,0,2306.81,2305.4,2306.81,2305.4,1714741500000,2,,0,,0,0,0,0,0,false
,3,2304.9633,0,2306.28,2304.01,2306.28,2304.01,1714741560000,3,,0,,0,0,0,0,0,false
,3,2304.59,0,2304.7,2305.06,2305.06,2304.01,1714741620000,3,,0,,0,0,0,0,0,false
,2,2303.305,0,2303.18,2303.43,2303.43,2303.18,1714741680000,2,,0,,0,0,0,0,0,false
,3,2303.2367,0,2302.87,2302.85,2303.99,2302.85,1714741740000,3,,0,,0,0,0,0,0,false
,2,2305.245,0,2304.67,2305.82,2305.82,2304.67,1714741800000,2,,0,,0,0,0,0,0,false
,3,2304.9,0,2302.85,2305.78,2306.07,2302.85,1714741860000,3,,0,,0,0,0,0,0,false
,3,2305.8433,0,2306.19,2304.54,2306.8,2304.54,1714741920000,3,,0,,0,0,0,0,0,false
,2,2306.205,0,2306.62,2305.79,2306.62,2305.79,1714741980000,2,,0,,0,0,0,0,0,false
,2,2305.07,0,2304.87,2305.27,2305.27,2304.87,1714742040000,2,,0,,0,0,0,0,0,false
,2,2304.59,0,2305.01,2304.17,2305.01,2304.17,1714742100000,2,,0,,0,0,0,0,0,false
,3,2305.1367,0,2305.75,2304.39,2305.75,2304.39,1714742160000,3,,0,,0,0,0,0,0,false
,3,2303.3333,0,2303.38,2304.23,2304.23,2302.39,1714742220000,3,,0,,0,0,0,0,0,false
,2,2301.69,0,2301.74,2301.64,2301.74,2301.64,1714742280000,2,,0,,0,0,0,0,0,false
,3,2302.2667,0,2302.34,2302.37,2302.37,2302.09,1714742340000,3,,0,,0,0,0,0,0,false
,2,2303.605,0,2303.14,2304.07,2304.07,2303.14,1714742400000,2,,0,,0,0,0,0,0,false
,3,2303.0233,0,2303.35,2302.91,2303.35,2302.81,1714742460000,3,,0,,0,0,0,0,0,false
,3,2301.91,0,2301.66,2302.91,2302.91,2301.16,1714742520000,3,,0,,0,0,0,0,0,false
,2,2302.1,0,2302.16,2302.04,2302.16,2302.04,1714742580000,2,,0,,0,0,0,0,0,false
,3,2301.2167,0,2302,2301.04,2302,2300.61,1714742640000,3,,0,,0,0,0,0,0,false
,2,2300.78,0,2301.05,2300.51,2301.05,2300.51,1714742700000,2,,0,,0,0,0,0,0,false
,3,2301.6767,0,2302.05,2301.93,2302.05,2301.05,1714742760000,3,,0,,0,0,0,0,0,false
,3,2301.8767,0,2301.62,2301.73,2302.28,2301.62,1714742820000,3,,0,,0,0,0,0,0,false
,2,2302.94,0,2303.3,2302.58,2303.3,2302.58,1714742880000,2,,0,,0,0,0,0,0,false
,3,2301.66,0,2301.56,2301.15,2302.27,2301.15,1714742940000,3,,0,,0,0,0,0,0,false
,2,2302.14,0,2300.97,2303.31,2303.31,2300.97,1714743000000,2,,0,,0,0,0,0,0,false
,3,2300.98,0,2301.66,2300.31,2301.66,2300.31,1714743060000,3,,0,,0,0,0,0,0,false
,3,2296.6067,0,2296.32,2299.73,2299.73,2293.77,1714743120000,3,,0,,0,0,0,0,0,false
,3,2289.3033,0,2291.13,2286.58,2291.13,2286.58,1714743180000,3,,0,,0,0,0,0,0,false
,3,2285.3967,0,2281.31,2284.02,2290.86,2281.31,1714743240000,3,,0,,0,0,0,0,0,false
,3,2279.2833,0,2279.43,2279.92,2279.92,2278.5,1714743300000,3,,0,,0,0,0,0,0,false
,3,2279.64,0,2278.52,2281.8,2281.8,2278.52,1714743360000,3,,0,,0,0,0,0,0,false
,3,2279.4233,0,2280.45,2278.53,2280.45,2278.53,1714743420000,3,,0,,0,0,0,0,0,false
,2,2281.52,0,2281.23,2281.81,2281.81,2281.23,1714743480000,2,,0,,0,0,0,0,0,false
,3,2282.69,0,2283.77,2284.79,2284.79,2279.51,1714743540000,3,,0,,0,0,0,0,0,false
,2,2283.395,0,2283.25,2283.54,2283.54,2283.25,1714743600000,2,,0,,0,0,0,0,0,false
,3,2284.6133,0,2285.51,2285.08,2285.51,2283.25,1714743660000,3,,0,,0,0,0,0,0,false
,2,2286.12,0,2285.64,2286.6,2286.6,2285.64,1714743720000,2,,0,,0,0,0,0,0,false
,2,2286.255,0,2286.78,2285.73,2286.78,2285.73,1714743780000,2,,0,,0,0,0,0,0,false
,3,2284.9967,0,2284.51,2284.51,2285.97,2284.51,1714743840000,3,,0,,0,0,0,0,0,false
,2,2283.405,0,2283.9,2282.91,2283.9,2282.91,1714743900000,2,,0,,0,0,0,0,0,false
,3,2283.1667,0,2281.43,2284.17,2284.17,2281.43,1714743960000,3,,0,,0,0,0,0,0,false
,3,2283.6667,0,2283.14,2284.24,2284.24,2283.14,1714744020000,3,,0,,0,0,0,0,0,false
,2,2286.15,0,2286.11,2286.19,2286.19,2286.11,1714744080000,2,,0,,0,0,0,0,0,false
,2,2287.215,0,2286.85,2287.58,2287.58,2286.85,1714744140000,2,,0,,0,0,0,0,0,false
,2,2289.185,0,2288.91,2289.46,2289.46,2288.91,1714744200000,2,,0,,0,0,0,0,0,false
,3,2288.1533,0,2287.59,2291.16,2291.16,2285.71,1714744260000,3,,0,,0,0,0,0,0,false
,3,2289.5633,0,2290.97,2287.6,2290.97,2287.6,1714744320000,3,,0,,0,0,0,0,0,false
,2,2291.01,0,2290.83,2291.19,2291.19,2290.83,1714744380000,2,,0,,0,0,0,0,0,false
,2,2291.885,0,2291.38,2292.39,2292.39,2291.38,1714744440000,2,,0,,0,0,0,0,0,false
,2,2292.28,0,2291.73,2292.83,2292.83,2291.73,1714744500000,2,,0,,0,0,0,0,0,false
,4,2291.295,0,2291.77,2291,2291.77,2290.7,1714744560000,4,,0,,0,0,0,0,0,false
,3,2291.6633,0,2292.2,2291,2292.2,2291,1714744620000,3,,0,,0,0,0,0,0,false
,2,2292.71,0,2292.93,2292.49,2292.93,2292.49,1714744680000,2,,0,,0,0,0,0,0,false
,3,2291.43,0,2292.11,2290.97,2292.11,2290.97,1714744740000,3,,0,,0,0,0,0,0,false
,2,2297.21,0,2297.76,2296.66,2297.76,2296.66,1714744800000,2,,0,,0,0,0,0,0,false
,3,2293.94,0,2294.41,2294.99,2294.99,2292.42,1714744860000,3,,0,,0,0,0,0,0,false
,3,2295.6067,0,2297.48,2294.99,2297.48,2294.35,1714744920000,3,,0,,0,0,0,0,0,false
,2,2292.99,0,2292.65,2293.33,2293.33,2292.65,1714744980000,2,,0,,0,0,0,0,0,false
,3,2292.6067,0,2295.69,2293.55,2295.69,2288.58,1714745040000,3,,0,,0,0,0,0,0,false
,2,2294.58,0,2294.43,2294.73,2294.73,2294.43,1714745100000,2,,0,,0,0,0,0,0,false
,2,2296.17,0,2296.31,2296.03,2296.31,2296.03,1714745160000,2,,0,,0,0,0,0,0,false
,2,2293.36,0,2293.41,2293.31,2293.41,2293.31,1714745220000,2,,0,,0,0,0,0,0,false
,2,2293.69,0,2293.2,2294.18,2294.18,2293.2,1714745280000,2,,0,,0,0,0,0,0,false
,3,2293.5133,0,2292.43,2294.91,2294.91,2292.43,1714745340000,3,,0,,0,0,0,0,0,false
,3,2295.5967,0,2295.91,2295.98,2295.98,2294.9,1714745400000,3,,0,,0,0,0,0,0,false
,3,2293.1767,0,2293.72,2293.05,2293.72,2292.76,1714745460000,3,,0,,0,0,0,0,0,false
,2,2290.895,0,2290.59,2291.2,2291.2,2290.59,1714745520000,2,,0,,0,0,0,0,0,false
,3,2290.9367,0,2293.32,2288.99,2293.32,2288.99,1714745580000,3,,0,,0,0,0,0,0,false
,3,2289.1433,0,2287.83,2289.1,2290.5,2287.83,1714745640000,3,,0,,0,0,0,0,0,false
,2,2289.67,0,2289.92,2289.42,2289.92,2289.42,1714745700000,2,,0,,0,0,0,0,0,false
,3,2288.87,0,2287.81,2289.1,2289.7,2287.81,1714745760000,3,,0,,0,0,0,0,0,false
,2,2289.03,0,2289.1,2288.96,2289.1,2288.96,1714745820000,2,,0,,0,0,0,0,0,false
,3,2288.6067,0,2289.1,2288.19,2289.1,2288.19,1714745880000,3,,0,,0,0,0,0,0,false
,3,2286.9433,0,2286.76,2288.64,2288.64,2285.43,1714745940000,3,,0,,0,0,0,0,0,false
,2,2284.09,0,2284.48,2283.7,2284.48,2283.7,1714746000000,2,,0,,0,0,0,0,0,false
,3,2284.0267,0,2283.57,2284.13,2284.38,2283.57,1714746060000,3,,0,,0,0,0,0,0,false
,2,2285.005,0,2284.98,2285.03,2285.03,2284.98,1714746120000,2,,0,,0,0,0,0,0,false
,3,2285.49,0,2283.58,2287.48,2287.48,2283.58,1714746180000,3,,0,,0,0,0,0,0,false
,3,2287.48,0,2287.91,2285.48,2289.05,2285.48,1714746240000,3,,0,,0,0,0,0,0,false
,2,2285.635,0,2286.09,2285.18,2286.09,2285.18,1714746300000,2,,0,,0,0,0,0,0,false
,3,2285.8267,0,2285.14,2286.25,2286.25,2285.14,1714746360000,3,,0,,0,0,0,0,0,false
,2,2286.965,0,2287.35,2286.58,2287.35,2286.58,1714746420000,2,,0,,0,0,0,0,0,false
,3,2286.46,0,2285.15,2286.83,2287.4,2285.15,1714746480000,3,,0,,0,0,0,0,0,false
,3,2287.0533,0,2287.85,2286.83,2287.85,2286.48,1714746540000,3,,0,,0,0,0,0,0,false
,2,2287.98,0,2287.63,2288.33,2288.33,2287.63,1714746600000,2,,0,,0,0,0,0,0,false
,3,2287,0,2287.75,2286.54,2287.75,2286.54,1714746660000,3,,0,,0,0,0,0,0,false
,2,2285.96,0,2287.15,2284.77,2287.15,2284.77,1714746720000,2,,0,,0,0,0,0,0,false
,3,2286.6267,0,2286.51,2286.49,2286.88,2286.49,1714746780000,3,,0,,0,0,0,0,0,false
,2,2284.8,0,2284.81,2284.79,2284.81,2284.79,1714746840000,2,,0,,0,0,0,0,0,false
,2,2284.52,0,2284.41,2284.63,2284.63,2284.41,1714746900000,2,,0,,0,0,0,0,0,false
,3,2285.3,0,2284.75,2286.74,2286.74,2284.41,1714746960000,3,,0,,0,0,0,0,0,false
,2,2285.92,0,2286.01,2285.83,2286.01,2285.83,1714747020000,2,,0,,0,0,0,0,0,false
,3,2285.6433,0,2284.76,2286.28,2286.28,2284.76,1714747080000,3,,0,,0,0,0,0,0,false
,2,2287.75,0,2286.89,2288.61,2288.61,2286.89,1714747140000,2,,0,,0,0,0,0,0,false
,2,2289.56,0,2289.66,2289.46,2289.66,2289.46,1714747200000,2,,0,,0,0,0,0,0,false
,3,2287.6367,0,2288.63,2286.31,2288.63,2286.31,1714747260000,3,,0,,0,0,0,0,0,false
,2,2285.995,0,2285.72,2286.27,2286.27,2285.72,1714747320000,2,,0,,0,0,0,0,0,false
,2,2286.9,0,2286.45,2287.35,2287.35,2286.45,1714747380000,2,,0,,0,0,0,0,0,false
,3,2287.38,0,2287.52,2286.46,2288.16,2286.46,1714747440000,3,,0,,0,0,0,0,0,false
,2,2287.35,0,2287.88,2286.82,2287.88,2286.82,1714747500000,2,,0,,0,0,0,0,0,false
,3,2287.9167,0,2287.35,2288.52,2288.52,2287.35,1714747560000,3,,0,,0,0,0,0,0,false
,2,2289.485,0,2289.13,2289.84,2289.84,2289.13,1714747620000,2,,0,,0,0,0,0,0,false
,3,2290.11,0,2287.36,2291.53,2291.53,2287.36,1714747680000,3,,0,,0,0,0,0,0,false
,3,2291.3333,0,2292.51,2289.58,2292.51,2289.58,1714747740000,3,,0,,0,0,0,0,0,false
,2,2290.72,0,2290.91,2290.53,2290.91,2290.53,1714747800000,2,,0,,0,0,0,0,0,false
,3,2291.37,0,2291.48,2291.72,2291.72,2290.91,1714747860000,3,,0,,0,0,0,0,0,false
,2,2292.735,0,2293.21,2292.26,2293.21,2292.26,1714747920000,2,,0,,0,0,0,0,0,false
,3,2292.3567,0,2291.72,2292.86,2292.86,2291.72,1714747980000,3,,0,,0,0,0,0,0,false
,3,2293.11,0,2293.51,2292.56,2293.51,2292.56,1714748040000,3,,0,,0,0,0,0,0,false
,2,2293.975,0,2294.18,2293.77,2294.18,2293.77,1714748100000,2,,0,,0,0,0,0,0,false
,2,2292.535,0,2292.91,2292.16,2292.91,2292.16,1714748160000,2,,0,,0,0,0,0,0,false
,2,2293.035,0,2293.58,2292.49,2293.58,2292.49,1714748220000,2,,0,,0,0,0,0,0,false
,3,2292.2033,0,2292.16,2291.98,2292.47,2291.98,1714748280000,3,,0,,0,0,0,0,0,false
,3,2291.59,0,2291.39,2292.46,2292.46,2290.92,1714748340000,3,,0,,0,0,0,0,0,false
,2,2291.765,0,2291.06,2292.47,2292.47,2291.06,1714748400000,2,,0,,0,0,0,0,0,false
,3,2291.9067,0,2292.47,2292.19,2292.47,2291.06,1714748460000,3,,0,,0,0,0,0,0,false
,2,2291.86,0,2292.36,2291.36,2292.36,2291.36,1714748520000,2,,0,,0,0,0,0,0,false
,3,2292.4667,0,2292.16,2292.69,2292.69,2292.16,1714748580000,3,,0,,0,0,0,0,0,false
,3,2292.99,0,2293.52,2291.66,2293.79,2291.66,1714748640000,3,,0,,0,0,0,0,0,false
,2,2293.375,0,2292.67,2294.08,2294.08,2292.67,1714748700000,2,,0,,0,0,0,0,0,false
,3,2293.2333,0,2294.07,2292.96,2294.07,2292.67,1714748760000,3,,0,,0,0,0,0,0,false
,3,2292.1467,0,2292.67,2292.17,2292.67,2291.6,1714748820000,3,,0,,0,0,0,0,0,false
,3,2292.03,0,2292.96,2291.66,2292.96,2291.47,1714748880000,3,,0,,0,0,0,0,0,false
,3,2291.2933,0,2291.34,2291.66,2291.66,2290.88,1714748940000,3,,0,,0,0,0,0,0,false
,2,2290.205,0,2290.58,2289.83,2290.58,2289.83,1714749000000,2,,0,,0,0,0,0,0,false
,3,2291.8067,0,2292.47,2292.37,2292.47,2290.58,1714749060000,3,,0,,0,0,0,0,0,false
,2,2292.71,0,2292.57,2292.85,2292.85,2292.57,1714749120000,2,,0,,0,0,0,0,0,false
,3,2292.9333,0,2291.66,2293.87,2293.87,2291.66,1714749180000,3,,0,,0,0,0,0,0,false
,3,2293.3233,0,2293.66,2292.54,2293.77,2292.54,1714749240000,3,,0,,0,0,0,0,0,false
,2,2294.45,0,2294.47,2294.43,2294.47,2294.43,1714749300000,2,,0,,0,0,0,0,0,false
,3,2293.6767,0,2294.03,2294.39,2294.39,2292.61,1714749360000,3,,0,,0,0,0,0,0,false
,2,2294.605,0,2294.59,2294.62,2294.62,2294.59,1714749420000,2,,0,,0,0,0,0,0,false
,3,2294.4933,0,2294.37,2294.77,2294.77,2294.34,1714749480000,3,,0,,0,0,0,0,0,false
,3,2294.1367,0,2293.97,2294.77,2294.77,2293.67,1714749540000,3,,0,,0,0,0,0,0,false
,2,2294.38,0,2294.18,2294.58,2294.58,2294.18,1714749600000,2,,0,,0,0,0,0,0,false
,3,2294.6067,0,2294.38,2295.17,2295.17,2294.27,1714749660000,3,,0,,0,0,0,0,0,false
,2,2294.92,0,2294.46,2295.38,2295.38,2294.46,1714749720000,2,,0,,0,0,0,0,0,false
,3,2295.08,0,2295.69,2295,2295.69,2294.55,1714749780000,3,,0,,0,0,0,0,0,false
,3,2294.9933,0,2295.13,2295,2295.13,2294.85,1714749840000,3,,0,,0,0,0,0,0,false
,2,2294.725,0,2295.1,2294.35,2295.1,2294.35,1714749900000,2,,0,,0,0,0,0,0,false
,3,2294.3867,0,2294.33,2293.73,2295.1,2293.73,1714749960000,3,,0,,0,0,0,0,0,false
,2,2293.53,0,2293.7,2293.36,2293.7,2293.36,1714750020000,2,,0,,0,0,0,0,0,false
,3,2293.1067,0,2293.07,2292.55,2293.7,2292.55,1714750080000,3,,0,,0,0,0,0,0,false
,2,2291.81,0,2291.88,2291.74,2291.88,2291.74,1714750140000,2,,0,,0,0,0,0,0,false
,2,2292.875,0,2292.38,2293.37,2293.37,2292.38,1714750200000,2,,0,,0,0,0,0,0,false
,3,2293.2733,0,2293.78,2293.81,2293.81,2292.23,1714750260000,3,,0,,0,0,0,0,0,false
,2,2293.775,0,2293.91,2293.64,2293.91,2293.64,1714750320000,2,,0,,0,0,0,0,0,false
,3,2294.1433,0,2294.14,2294.38,2294.38,2293.91,1714750380000,3,,0,,0,0,0,0,0,false
,3,2293.8967,0,2293.6,2294.38,2294.38,2293.6,1714750440000,3,,0,,0,0,0,0,0,false
,2,2293.785,0,2293.83,2293.74,2293.83,2293.74,1714750500000,2,,0,,0,0,0,0,0,false
,3,2294.5867,0,2294.54,2295.39,2295.39,2293.83,1714750560000,3,,0,,0,0,0,0,0,false
,2,2295.625,0,2295.22,2296.03,2296.03,2295.22,1714750620000,2,,0,,0,0,0,0,0,false
,3,2296.1833,0,2296.82,2296.86,2296.86,2294.87,1714750680000,3,,0,,0,0,0,0,0,false
,2,2297.16,0,2297.05,2297.27,2297.27,2297.05,1714750740000,2,,0,,0,0,0,0,0,false
,2,2298.055,0,2297.95,2298.16,2298.16,2297.95,1714750800000,2,,0,,0,0,0,0,0,false
,3,2298.16,0,2298.37,2298.4,2298.4,2297.71,1714750860000,3,,0,,0,0,0,0,0,false
,2,2298.52,0,2298.35,2298.69,2298.69,2298.35,1714750920000,2,,0,,0,0,0,0,0,false
,3,2298.4367,0,2298.56,2298.4,2298.56,2298.35,1714750980000,3,,0,,0,0,0,0,0,false
,3,2298.0367,0,2297.84,2298.4,2298.4,2297.84,1714751040000,3,,0,,0,0,0,0,0,false
,2,2297.605,0,2297.46,2297.75,2297.75,2297.46,1714751100000,2,,0,,0,0,0,0,0,false
,3,2297.9233,0,2297.76,2298.15,2298.15,2297.76,1714751160000,3,,0,,0,0,0,0,0,false
,2,2297.355,0,2297.64,2297.07,2297.64,2297.07,1714751220000,2,,0,,0,0,0,0,0,false
,3,2296.4333,0,2296.27,2295.39,2297.64,2295.39,1714751280000,3,,0,,0,0,0,0,0,false
,2,2294.82,0,2295.07,2294.57,2295.07,2294.57,1714751340000,2,,0,,0,0,0,0,0,false
,3,2295.46,0,2296.48,2295.15,2296.48,2294.75,1714751400000,3,,0,,0,0,0,0,0,false
,3,2294.1433,0,2294.23,2294.09,2294.23,2294.09,1714751460000,3,,0,,0,0,0,0,0,false
,2,2294.255,0,2294.29,2294.22,2294.29,2294.22,1714751520000,2,,0,,0,0,0,0,0,false
,3,2294.2167,0,2294.09,2294.27,2294.29,2294.09,1714751580000,3,,0,,0,0,0,0,0,false
,2,2294.695,0,2294.91,2294.48,2294.91,2294.48,1714751640000,2,,0,,0,0,0,0,0,false
,3,2293.8433,0,2294.27,2293.47,2294.27,2293.47,1714751700000,3,,0,,0,0,0,0,0,false
,3,2293.1733,0,2292.64,2292.72,2294.16,2292.64,1714751760000,3,,0,,0,0,0,0,0,false
,2,2293.18,0,2293.39,2292.97,2293.39,2292.97,1714751820000,2,,0,,0,0,0,0,0,false
,3,2293.5,0,2293.37,2293.97,2293.97,2293.16,1714751880000,3,,0,,0,0,0,0,0,false
,2,2293.575,0,2293.59,2293.56,2293.59,2293.56,1714751940000,2,,0,,0,0,0,0,0,false
,3,2293.48,0,2294.02,2293.17,2294.02,2293.17,1714752000000,3,,0,,0,0,0,0,0,false
,3,2293.1133,0,2293.04,2293.05,2293.25,2293.04,1714752060000,3,,0,,0,0,0,0,0,false
,2,2293.365,0,2292.96,2293.77,2293.77,2292.96,1714752120000,2,,0,,0,0,0,0,0,false
,3,2293.8733,0,2294.17,2294.49,2294.49,2292.96,1714752180000,3,,0,,0,0,0,0,0,false
,2,2294.375,0,2294.26,2294.49,2294.49,2294.26,1714752240000,2,,0,,0,0,0,0,0,false
,3,2294.1833,0,2293.36,2294.65,2294.65,2293.36,1714752300000,3,,0,,0,0,0,0,0,false
,3,2294.6867,0,2295.24,2295.61,2295.61,2293.21,1714752360000,3,,0,,0,0,0,0,0,false
,2,2295.185,0,2295.07,2295.3,2295.3,2295.07,1714752420000,2,,0,,0,0,0,0,0,false
,3,2294.7033,0,2295.1,2294.8,2295.1,2294.21,1714752480000,3,,0,,0,0,0,0,0,false
,2,2294.215,0,2294.21,2294.22,2294.22,2294.21,1714752540000,2,,0,,0,0,0,0,0,false
,3,2294.16,0,2294.8,2293.8,2294.8,2293.8,1714752600000,3,,0,,0,0,0,0,0,false
,3,2293.9433,0,2293.91,2294.04,2294.04,2293.88,1714752660000,3,,0,,0,0,0,0,0,false
,2,2293.53,0,2293.41,2293.65,2293.65,2293.41,1714752720000,2,,0,,0,0,0,0,0,false
,3,2294.3467,0,2294.28,2295.04,2295.04,2293.72,1714752780000,3,,0,,0,0,0,0,0,false
,2,2295.2,0,2295.08,2295.32,2295.32,2295.08,1714752840000,2,,0,,0,0,0,0,0,false
,3,2295.1033,0,2293.68,2295.64,2295.99,2293.68,1714752900000,3,,0,,0,0,0,0,0,false
,3,2294.7367,0,2294.67,2295.33,2295.33,2294.21,1714752960000,3,,0,,0,0,0,0,0,false
,2,2295.89,0,2295.8,2295.98,2295.98,2295.8,1714753020000,2,,0,,0,0,0,0,0,false
,3,2295.2367,0,2295.56,2295.31,2295.56,2294.84,1714753080000,3,,0,,0,0,0,0,0,false
,2,2295.495,0,2295.68,2295.31,2295.68,2295.31,1714753140000,2,,0,,0,0,0,0,0,false
,3,2295.3567,0,2295.31,2295.29,2295.47,2295.29,1714753200000,3,,0,,0,0,0,0,0,false
,3,2295.42,0,2295.09,2295.7,2295.7,2295.09,1714753260000,3,,0,,0,0,0,0,0,false
,2,2296.42,0,2295.94,2296.9,2296.9,2295.94,1714753320000,2,,0,,0,0,0,0,0,false
,3,2296.48,0,2297.1,2297.22,2297.22,2295.12,1714753380000,3,,0,,0,0,0,0,0,false
,2,2297.63,0,2297.53,2297.73,2297.73,2297.53,1714753440000,2,,0,,0,0,0,0,0,false
,3,2297.61,0,2296.58,2298.03,2298.22,2296.58,1714753500000,3,,0,,0,0,0,0,0,false
,3,2297.9533,0,2297.96,2298.46,2298.46,2297.44,1714753560000,3,,0,,0,0,0,0,0,false
,2,2297.425,0,2297.56,2297.29,2297.56,2297.29,1714753620000,2,,0,,0,0,0,0,0,false
,3,2297.33,0,2297.19,2297.24,2297.56,2297.19,1714753680000,3,,0,,0,0,0,0,0,false
,2,2297.17,0,2297.31,2297.03,2297.31,2297.03,1714753740000,2,,0,,0,0,0,0,0,false
,3,2297.3233,0,2297.24,2297.25,2297.48,2297.24,1714753800000,3,,0,,0,0,0,0,0,false
,3,2296.9833,0,2297.04,2297.25,2297.25,2296.66,1714753860000,3,,0,,0,0,0,0,0,false
,2,2296.93,0,2296.7,2297.16,2297.16,2296.7,1714753920000,2,,0,,0,0,0,0,0,false
,3,2297.51,0,2297.55,2298.28,2298.28,2296.7,1714753980000,3,,0,,0,0,0,0,0,false
,2,2297.985,0,2297.87,2298.1,2298.1,2297.87,1714754040000,2,,0,,0,0,0,0,0,false
,3,2297.8033,0,2297.1,2298.1,2298.21,2297.1,1714754100000,3,,0,,0,0,0,0,0,false
,3,2298.0133,0,2297.99,2298.1,2298.1,2297.95,1714754160000,3,,0,,0,0,0,0,0,false
,2,2298.03,0,2297.83,2298.23,2298.23,2297.83,1714754220000,2,,0,,0,0,0,0,0,false
,3,2298.3633,0,2298.53,2298.73,2298.73,2297.83,1714754280000,3,,0,,0,0,0,0,0,false
,2,2298.71,0,2298.94,2298.48,2298.94,2298.48,1714754340000,2,,0,,0,0,0,0,0,false
,3,2298.1833,0,2298.93,2297.85,2298.93,2297.77,1714754400000,3,,0,,0,0,0,0,0,false
,4,2297.1575,0,2297.41,2297.85,2297.85,2296.3,1714754460000,4,,0,,0,0,0,0,0,false
,2,2298.165,0,2298.12,2298.21,2298.21,2298.12,1714754520000,2,,0,,0,0,0,0,0,false
,3,2297.1267,0,2297.08,2296.87,2297.43,2296.87,1714754580000,3,,0,,0,0,0,0,0,false
,2,2297.365,0,2297.62,2297.11,2297.62,2297.11,1714754640000,2,,0,,0,0,0,0,0,false
,3,2297.0833,0,2296.87,2297.46,2297.46,2296.87,1714754700000,3,,0,,0,0,0,0,0,false
,3,2297.1633,0,2297.2,2296.93,2297.36,2296.93,1714754760000,3,,0,,0,0,0,0,0,false
,2,2296.87,0,2296.86,2296.88,2296.88,2296.86,1714754820000,2,,0,,0,0,0,0,0,false
,3,2296.9567,0,2296.97,2297,2297,2296.9,1714754880000,3,,0,,0,0,0,0,0,false
,2,2297.855,0,2297.55,2298.16,2298.16,2297.55,1714754940000,2,,0,,0,0,0,0,0,false
,3,2298.2933,0,2297,2298.99,2298.99,2297,1714755000000,3,,0,,0,0,0,0,0,false
,3,2298.8967,0,2298.95,2298.78,2298.96,2298.78,1714755060000,3,,0,,0,0,0,0,0,false
,2,2299.655,0,2299.36,2299.95,2299.95,2299.36,1714755120000,2,,0,,0,0,0,0,0,false
,3,2299.12,0,2299.77,2299.68,2299.77,2297.91,1714755180000,3,,0,,0,0,0,0,0,false
,2,2299.615,0,2299.69,2299.54,2299.69,2299.54,1714755240000,2,,0,,0,0,0,0,0,false
,3,2299.76,0,2299.78,2299.8,2299.8,2299.7,1714755300000,3,,0,,0,0,0,0,0,false
,3,2299.7,0,2299.88,2299.8,2299.88,2299.42,1714755360000,3,,0,,0,0,0,0,0,false
,2,2299.12,0,2299.33,2298.91,2299.33,2298.91,1714755420000,2,,0,,0,0,0,0,0,false
,3,2298.78,0,2298.33,2298.68,2299.33,2298.33,1714755480000,3,,0,,0,0,0,0,0,false
,2,2299.27,0,2299.2,2299.34,2299.34,2299.2,1714755540000,2,,0,,0,0,0,0,0,false
,3,2298.7333,0,2298.68,2298.69,2298.83,2298.68,1714755600000,3,,0,,0,0,0,0,0,false
,3,2298.45,0,2298.19,2298.69,2298.69,2298.19,1714755660000,3,,0,,0,0,0,0,0,false
,2,2299.035,0,2298.75,2299.32,2299.32,2298.75,1714755720000,2,,0,,0,0,0,0,0,false
,3,2298.77,0,2299.03,2298.53,2299.03,2298.53,1714755780000,3,,0,,0,0,0,0,0,false
,2,2299.07,0,2299.01,2299.13,2299.13,2299.01,1714755840000,2,,0,,0,0,0,0,0,false
,3,2298.93,0,2298.53,2298.91,2299.35,2298.53,1714755900000,3,,0,,0,0,0,0,0,false
,3,2299.16,0,2299,2299.34,2299.34,2299,1714755960000,3,,0,,0,0,0,0,0,false
,2,2298.96,0,2298.67,2299.25,2299.25,2298.67,1714756020000,2,,0,,0,0,0,0,0,false
,4,2298.2,0,2298.51,2298.07,2298.82,2297.4,1714756080000,4,,0,,0,0,0,0,0,false
,2,2297.725,0,2297.76,2297.69,2297.76,2297.69,1714756140000,2,,0,,0,0,0,0,0,false
,3,2297.8567,0,2298.5,2297.64,2298.5,2297.43,1714756200000,3,,0,,0,0,0,0,0,false
,3,2297.34,0,2297.06,2297.64,2297.64,2297.06,1714756260000,3,,0,,0,0,0,0,0,false
,2,2296.885,0,2297.01,2296.76,2297.01,2296.76,1714756320000,2,,0,,0,0,0,0,0,false
,4,2296.44,0,2296.52,2296.83,2297.01,2295.4,1714756380000,4,,0,,0,0,0,0,0,false
,2,2296.985,0,2296.66,2297.31,2297.31,2296.66,1714756440000,2,,0,,0,0,0,0,0,false
,3,2297.5667,0,2296.53,2297.99,2298.18,2296.53,1714756500000,3,,0,,0,0,0,0,0,false
,3,2298.2533,0,2298.06,2298.01,2298.69,2298.01,1714756560000,3,,0,,0,0,0,0,0,false
,2,2298.16,0,2298.36,2297.96,2298.36,2297.96,1714756620000,2,,0,,0,0,0,0,0,false
,2,2297.425,0,2297.73,2297.12,2297.73,2297.12,1714756680000,2,,0,,0,0,0,0,0,false
,2,2297.085,0,2296.9,2297.27,2297.27,2296.9,1714756740000,2,,0,,0,0,0,0,0,false
,3,2297.0733,0,2296.89,2297.21,2297.21,2296.89,1714756800000,3,,0,,0,0,0,0,0,false
,3,2297.1767,0,2297.11,2297.21,2297.21,2297.11,1714756860000,3,,0,,0,0,0,0,0,false
,2,2297.13,0,2296.93,2297.33,2297.33,2296.93,1714756920000,2,,0,,0,0,0,0,0,false
,3,2297.2233,0,2297.29,2297.45,2297.45,2296.93,1714756980000,3,,0,,0,0,0,0,0,false
,2,2297.905,0,2297.91,2297.9,2297.91,2297.9,1714757040000,2,,0,,0,0,0,0,0,false
,3,2298.1833,0,2297.81,2298.27,2298.47,2297.81,1714757100000,3,,0,,0,0,0,0,0,false
,4,2298.055,0,2298.37,2298.27,2298.37,2297.3,1714757160000,4,,0,,0,0,0,0,0,false
,2,2298.84,0,2298.66,2299.02,2299.02,2298.66,1714757220000,2,,0,,0,0,0,0,0,false
,3,2299.1667,0,2299.2,2299.72,2299.72,2298.58,1714757280000,3,,0,,0,0,0,0,0,false
,2,2299.56,0,2299.64,2299.48,2299.64,2299.48,1714757340000,2,,0,,0,0,0,0,0,false
,2,2299.54,0,2299.55,2299.53,2299.55,2299.53,1714757400000,2,,0,,0,0,0,0,0,false
,3,2299.7833,0,2299.74,2299.54,2300.07,2299.54,1714757460000,3,,0,,0,0,0,0,0,false
,2,2301.525,0,2301.35,2301.7,2301.7,2301.35,1714757520000,2,,0,,0,0,0,0,0,false
,3,2300.1567,0,2300.95,2300.81,2300.95,2298.71,1714757580000,3,,0,,0,0,0,0,0,false
,2,2300.545,0,2300.48,2300.61,2300.61,2300.48,1714757640000,2,,0,,0,0,0,0,0,false
,3,2300.6433,0,2300.68,2300.77,2300.77,2300.48,1714757700000,3,,0,,0,0,0,0,0,false
,2,2300.52,0,2300.84,2300.2,2300.84,2300.2,1714757760000,2,,0,,0,0,0,0,0,false
,3,2300.19,0,2300.77,2299.95,2300.77,2299.85,1714757820000,3,,0,,0,0,0,0,0,false
,3,2299.9767,0,2299.86,2299.55,2300.52,2299.55,1714757880000,3,,0,,0,0,0,0,0,false
,2,2299.825,0,2299.77,2299.88,2299.88,2299.77,1714757940000,2,,0,,0,0,0,0,0,false
,3,2299.8933,0,2299.88,2300.03,2300.03,2299.77,1714758000000,3,,0,,0,0,0,0,0,false
,2,2300.08,0,2299.86,2300.3,2300.3,2299.86,1714758060000,2,,0,,0,0,0,0,0,false
,3,2300.3867,0,2300.03,2300.68,2300.68,2300.03,1714758120000,3,,0,,0,0,0,0,0,false
,3,2300.2233,0,2300.55,2300.23,2300.55,2299.89,1714758180000,3,,0,,0,0,0,0,0,false
,2,2300.285,0,2300.11,2300.46,2300.46,2300.11,1714758240000,2,,0,,0,0,0,0,0,false
,3,2300.5033,0,2300.58,2300.82,2300.82,2300.11,1714758300000,3,,0,,0,0,0,0,0,false
,2,2300.335,0,2300.58,2300.09,2300.58,2300.09,1714758360000,2,,0,,0,0,0,0,0,false
,3,2300.3867,0,2300.82,2300.43,2300.82,2299.91,1714758420000,3,,0,,0,0,0,0,0,false
,3,2300.48,0,2300.71,2300.8,2300.8,2299.93,1714758480000,3,,0,,0,0,0,0,0,false
,2,2300.87,0,2301.09,2300.65,2301.09,2300.65,1714758540000,2,,0,,0,0,0,0,0,false
,3,2300.7867,0,2300.51,2300.76,2301.09,2300.51,1714758600000,3,,0,,0,0,0,0,0,false
,3,2300.43,0,2300.75,2300.84,2300.84,2299.7,1714758660000,3,,0,,0,0,0,0,0,false
,4,2300.805,0,2300.76,2301.8,2301.8,2299.8,1714758720000,4,,0,,0,0,0,0,0,false
,3,2301.57,0,2301.81,2302.04,2302.04,2300.86,1714758780000,3,,0,,0,0,0,0,0,false
,2,2301.545,0,2301.55,2301.54,2301.55,2301.54,1714758840000,2,,0,,0,0,0,0,0,false
,3,2301.7467,0,2301.84,2301.98,2301.98,2301.42,1714758900000,3,,0,,0,0,0,0,0,false
,2,2301.61,0,2301.79,2301.43,2301.79,2301.43,1714758960000,2,,0,,0,0,0,0,0,false
,3,2302.15,0,2301.98,2302.41,2302.41,2301.98,1714759020000,3,,0,,0,0,0,0,0,false
,3,2302.4467,0,2302.91,2302.61,2302.91,2301.82,1714759080000,3,,0,,0,0,0,0,0,false
,2,2301.905,0,2301.94,2301.87,2301.94,2301.87,1714759140000,2,,0,,0,0,0,0,0,false
,4,2301.9175,0,2302.4,2302.2,2302.4,2301.4,1714759200000,4,,0,,0,0,0,0,0,false
,3,2302.1167,0,2302.46,2302.49,2302.49,2301.4,1714759260000,3,,0,,0,0,0,0,0,false
,3,2302.45,0,2302.2,2302.63,2302.63,2302.2,1714759320000,3,,0,,0,0,0,0,0,false
,3,2302.5033,0,2302.51,2302.48,2302.52,2302.48,1714759380000,3,,0,,0,0,0,0,0,false
,2,2301.905,0,2301.98,2301.83,2301.98,2301.83,1714759440000,2,,0,,0,0,0,0,0,false
,3,2301.7733,0,2301.79,2301.37,2302.16,2301.37,1714759500000,3,,0,,0,0,0,0,0,false
,2,2301.245,0,2301.2,2301.29,2301.29,2301.2,1714759560000,2,,0,,0,0,0,0,0,false
,2,2301.115,0,2301.02,2301.21,2301.21,2301.02,1714759620000,2,,0,,0,0,0,0,0,false
,3,2301.2,0,2301.44,2301.14,2301.44,2301.02,1714759680000,3,,0,,0,0,0,0,0,false
,2,2301.275,0,2301.19,2301.36,2301.36,2301.19,1714759740000,2,,0,,0,0,0,0,0,false
,3,2301.1633,0,2301.09,2301.21,2301.21,2301.09,1714759800000,3,,0,,0,0,0,0,0,false
,2,2300.915,0,2300.74,2301.09,2301.09,2300.74,1714759860000,2,,0,,0,0,0,0,0,false
,3,2300.7567,0,2301.21,2300.6,2301.21,2300.46,1714759920000,3,,0,,0,0,0,0,0,false
,3,2300.5633,0,2300.48,2300.44,2300.77,2300.44,1714759980000,3,,0,,0,0,0,0,0,false
,2,2300.75,0,2300.66,2300.84,2300.84,2300.66,1714760040000,2,,0,,0,0,0,0,0,false
,3,2300.8467,0,2301.01,2300.87,2301.01,2300.66,1714760100000,3,,0,,0,0,0,0,0,false
,2,2300.02,0,2300.08,2299.96,2300.08,2299.96,1714760160000,2,,0,,0,0,0,0,0,false
,3,2300.46,0,2300.87,2300.05,2300.87,2300.05,1714760220000,3,,0,,0,0,0,0,0,false
,3,2300.1,0,2300.14,2299.86,2300.3,2299.86,1714760280000,3,,0,,0,0,0,0,0,false
,2,2299.76,0,2299.76,2299.76,2299.76,2299.76,1714760340000,2,,0,,0,0,0,0,0,false
,3,2299.7967,0,2299.78,2299.85,2299.85,2299.76,1714760400000,3,,0,,0,0,0,0,0,false
,2,2299.79,0,2299.82,2299.76,2299.82,2299.76,1714760460000,2,,0,,0,0,0,0,0,false
,3,2299.7467,0,2299.85,2299.71,2299.85,2299.68,1714760520000,3,,0,,0,0,0,0,0,false
,3,2299.5467,0,2299.4,2299.56,2299.68,2299.4,1714760580000,3,,0,,0,0,0,0,0,false
,2,2299.525,0,2299.55,2299.5,2299.55,2299.5,1714760640000,2,,0,,0,0,0,0,0,false
,3,2299.2067,0,2298.96,2299.11,2299.55,2298.96,1714760700000,3,,0,,0,0,0,0,0,false
,2,2299.04,0,2299.22,2298.86,2299.22,2298.86,1714760760000,2,,0,,0,0,0,0,0,false
,3,2298.91,0,2299.11,2298.66,2299.11,2298.66,1714760820000,3,,0,,0,0,0,0,0,false
,3,2298.6133,0,2298.46,2298.66,2298.72,2298.46,1714760880000,3,,0,,0,0,0,0,0,false
,2,2298.49,0,2298.71,2298.27,2298.71,2298.27,1714760940000,2,,0,,0,0,0,0,0,false
,3,2298.45,0,2298.39,2298.25,2298.71,2298.25,1714761000000,3,,0,,0,0,0,0,0,false
,2,2298.47,0,2298.46,2298.48,2298.48,2298.46,1714761060000,2,,0,,0,0,0,0,0,false
,3,2298.2967,0,2298.25,2298.17,2298.47,2298.17,1714761120000,3,,0,,0,0,0,0,0,false
,3,2298.1867,0,2298.23,2298.17,2298.23,2298.16,1714761180000,3,,0,,0,0,0,0,0,false
,2,2297.625,0,2297.81,2297.44,2297.81,2297.44,1714761240000,2,,0,,0,0,0,0,0,false
,3,2297.7733,0,2297.61,2297.87,2297.87,2297.61,1714761300000,3,,0,,0,0,0,0,0,false
,2,2297.78,0,2297.85,2297.71,2297.85,2297.71,1714761360000,2,,0,,0,0,0,0,0,false
,3,2297.8,0,2297.87,2297.83,2297.87,2297.7,1714761420000,3,,0,,0,0,0,0,0,false
,3,2297.9667,0,2297.62,2297.83,2298.45,2297.62,1714761480000,3,,0,,0,0,0,0,0,false
,2,2298.44,0,2298.2,2298.68,2298.68,2298.2,1714761540000,2,,0,,0,0,0,0,0,false
,3,2298.3967,0,2298.58,2298.69,2298.69,2297.92,1714761600000,3,,0,,0,0,0,0,0,false
,2,2298.795,0,2298.62,2298.97,2298.97,2298.62,1714761660000,2,,0,,0,0,0,0,0,false
,3,2298.5667,0,2298.78,2298.4,2298.78,2298.4,1714761720000,3,,0,,0,0,0,0,0,false
,3,2298.2433,0,2298.13,2298.4,2298.4,2298.13,1714761780000,3,,0,,0,0,0,0,0,false
,2,2298.32,0,2298.4,2298.24,2298.4,2298.24,1714761840000,2,,0,,0,0,0,0,0,false
,3,2298.6267,0,2298.76,2298.72,2298.76,2298.4,1714761900000,3,,0,,0,0,0,0,0,false
,2,2298.845,0,2298.73,2298.96,2298.96,2298.73,1714761960000,2,,0,,0,0,0,0,0,false
,3,2298.7367,0,2298.27,2299.19,2299.19,2298.27,1714762020000,3,,0,,0,0,0,0,0,false
,2,2299.355,0,2299.34,2299.37,2299.37,2299.34,1714762080000,2,,0,,0,0,0,0,0,false
,2,2299.57,0,2299.55,2299.59,2299.59,2299.55,1714762140000,2,,0,,0,0,0,0,0,false
,4,2299.2625,0,2299.57,2299.43,2299.57,2298.5,1714762200000,4,,0,,0,0,0,0,0,false
,2,2299.34,0,2299.29,2299.39,2299.39,2299.29,1714762260000,2,,0,,0,0,0,0,0,false
,3,2299.3333,0,2299.43,2299.29,2299.43,2299.28,1714762320000,3,,0,,0,0,0,0,0,false
,3,2299.2533,0,2299.37,2299.29,2299.37,2299.1,1714762380000,3,,0,,0,0,0,0,0,false
,2,2298.82,0,2299.03,2298.61,2299.03,2298.61,1714762440000,2,,0,,0,0,0,0,0,false
,3,2298.6067,0,2298.63,2298.16,2299.03,2298.16,1714762500000,3,,0,,0,0,0,0,0,false
,2,2298.52,0,2298.3,2298.74,2298.74,2298.3,1714762560000,2,,0,,0,0,0,0,0,false
,3,2298.9667,0,2298.62,2299.25,2299.25,2298.62,1714762620000,3,,0,,0,0,0,0,0,false
,4,2299.0125,0,2298.4,2298.7,2299.52,2298.4,1714762680000,4,,0,,0,0,0,0,0,false
,2,2299.265,0,2299.46,2299.07,2299.46,2299.07,1714762740000,2,,0,,0,0,0,0,0,false
,3,2298.7,0,2299.19,2297.45,2299.46,2297.45,1714762800000,3,,0,,0,0,0,0,0,false
,2,2297.12,0,2296.35,2297.89,2297.89,2296.35,1714762860000,2,,0,,0,0,0,0,0,false
,3,2298.4467,0,2299.18,2298.13,2299.18,2298.03,1714762920000,3,,0,,0,0,0,0,0,false
,3,2298.0867,0,2297.91,2298.13,2298.22,2297.91,1714762980000,3,,0,,0,0,0,0,0,false
,2,2297.95,0,2298.2,2297.7,2298.2,2297.7,1714763040000,2,,0,,0,0,0,0,0,false
,4,2297.6375,0,2297.85,2297.7,2298.2,2296.8,1714763100000,4,,0,,0,0,0,0,0,false
,2,2297.665,0,2297.55,2297.78,2297.78,2297.55,1714763160000,2,,0,,0,0,0,0,0,false
,3,2297.8367,0,2297.7,2297.68,2298.13,2297.68,1714763220000,3,,0,,0,0,0,0,0,false
,3,2297.7067,0,2297.92,2297.75,2297.92,2297.45,1714763280000,3,,0,,0,0,0,0,0,false
,2,2297.33,0,2297.28,2297.38,2297.38,2297.28,1714763340000,2,,0,,0,0,0,0,0,false
,3,2297.5667,0,2297.57,2297.85,2297.85,2297.28,1714763400000,3,,0,,0,0,0,0,0,false
,2,2297.665,0,2297.66,2297.67,2297.67,2297.66,1714763460000,2,,0,,0,0,0,0,0,false
,3,2297.4767,0,2297.85,2296.9,2297.85,2296.9,1714763520000,3,,0,,0,0,0,0,0,false
,3,2296.82,0,2296.41,2297.67,2297.67,2296.38,1714763580000,3,,0,,0,0,0,0,0,false
,2,2296.375,0,2296.15,2296.6,2296.6,2296.15,1714763640000,2,,0,,0,0,0,0,0,false
,3,2296.6467,0,2297.01,2296.78,2297.01,2296.15,1714763700000,3,,0,,0,0,0,0,0,false
,2,2296.97,0,2296.41,2297.53,2297.53,2296.41,1714763760000,2,,0,,0,0,0,0,0,false
,3,2297.5033,0,2296.78,2297.85,2297.88,2296.78,1714763820000,3,,0,,0,0,0,0,0,false
,3,2298.2167,0,2298.5,2297.51,2298.64,2297.51,1714763880000,3,,0,,0,0,0,0,0,false
,2,2298.84,0,2298.55,2299.13,2299.13,2298.55,1714763940000,2,,0,,0,0,0,0,0,false
,3,2298.9067,0,2299.54,2299.67,2299.67,2297.51,1714764000000,3,,0,,0,0,0,0,0,false
,2,2299.68,0,2299.66,2299.7,2299.7,2299.66,1714764060000,2,,0,,0,0,0,0,0,false
,3,2298.95,0,2299.43,2298.88,2299.43,2298.54,1714764120000,3,,0,,0,0,0,0,0,false
,2,2299.085,0,2299.04,2299.13,2299.13,2299.04,1714764180000,2,,0,,0,0,0,0,0,false
,3,2298.91,0,2298.88,2298.79,2299.06,2298.79,1714764240000,3,,0,,0,0,0,0,0,false
,3,2298.8167,0,2298.72,2298.67,2299.06,2298.67,1714764300000,3,,0,,0,0,0,0,0,false
,2,2298.52,0,2298.55,2298.49,2298.55,2298.49,1714764360000,2,,0,,0,0,0,0,0,false
,3,2298.6,0,2298.6,2298.65,2298.65,2298.55,1714764420000,3,,0,,0,0,0,0,0,false
,2,2298.375,0,2298.3,2298.45,2298.45,2298.3,1714764480000,2,,0,,0,0,0,0,0,false
,3,2298.56,0,2298.65,2298.56,2298.65,2298.47,1714764540000,3,,0,,0,0,0,0,0,false
,3,2298.6633,0,2298.75,2298.77,2298.77,2298.47,1714764600000,3,,0,,0,0,0,0,0,false
,2,2298.475,0,2298.6,2298.35,2298.6,2298.35,1714764660000,2,,0,,0,0,0,0,0,false
,3,2298.2167,0,2298.16,2297.89,2298.6,2297.89,1714764720000,3,,0,,0,0,0,0,0,false
,2,2297.985,0,2298.07,2297.9,2298.07,2297.9,1714764780000,2,,0,,0,0,0,0,0,false
,3,2298.16,0,2297.89,2298.32,2298.32,2297.89,1714764840000,3,,0,,0,0,0,0,0,false
,3,2298.6233,0,2298.62,2299.05,2299.05,2298.2,1714764900000,3,,0,,0,0,0,0,0,false
,2,2299.25,0,2299.26,2299.24,2299.26,2299.24,1714764960000,2,,0,,0,0,0,0,0,false
,3,2299.5467,0,2299.74,2299.87,2299.87,2299.03,1714765020000,3,,0,,0,0,0,0,0,false
,1,2299.68,0,2299.68,2299.68,2299.68,2299.68,1714765080000,1,,0,,0,0,0,0,0,false
,3,2299.5533,0,2299.7,2299.61,2299.7,2299.35,1714765140000,3,,0,,0,0,0,0,0,false
,3,2299.8333,0,2300.2,2299.95,2300.2,2299.35,1714765200000,3,,0,,0,0,0,0,0,false
,2,2299.675,0,2299.7,2299.65,2299.7,2299.65,1714765260000,2,,0,,0,0,0,0,0,false
,3,2299.53,0,2299.41,2299.48,2299.7,2299.41,1714765320000,3,,0,,0,0,0,0,0,false
,2,2299.38,0,2299.37,2299.39,2299.39,2299.37,1714765380000,2,,0,,0,0,0,0,0,false
,3,2299.2967,0,2299.48,2298.89,2299.52,2298.89,1714765440000,3,,0,,0,0,0,0,0,false
,3,2299.4167,0,2299.35,2299.38,2299.52,2299.35,1714765500000,3,,0,,0,0,0,0,0,false
,2,2299.83,0,2299.65,2300.01,2300.01,2299.65,1714765560000,2,,0,,0,0,0,0,0,false
,3,2300.1033,0,2300.29,2300.37,2300.37,2299.65,1714765620000,3,,0,,0,0,0,0,0,false
,2,2300.23,0,2300.06,2300.4,2300.4,2300.06,1714765680000,2,,0,,0,0,0,0,0,false
,3,2299.9567,0,2300.05,2299.84,2300.05,2299.84,1714765740000,3,,0,,0,0,0,0,0,false
,3,2299.6033,0,2299.34,2299.49,2299.98,2299.34,1714765800000,3,,0,,0,0,0,0,0,false
,2,2300.04,0,2300.08,2300,2300.08,2300,1714765860000,2,,0,,0,0,0,0,0,false
,3,2300.1767,0,2300.33,2300.35,2300.35,2299.85,1714765920000,3,,0,,0,0,0,0,0,false
,2,2300.04,0,2300.12,2299.96,2300.12,2299.96,1714765980000,2,,0,,0,0,0,0,0,false
,3,2299.9233,0,2300.35,2299.69,2300.35,2299.69,1714766040000,3,,0,,0,0,0,0,0,false
,3,2299.97,0,2299.98,2300.2,2300.2,2299.73,1714766100000,3,,0,,0,0,0,0,0,false
,2,2300.345,0,2300.25,2300.44,2300.44,2300.25,1714766160000,2,,0,,0,0,0,0,0,false
,3,2300.49,0,2300.83,2300.39,2300.83,2300.25,1714766220000,3,,0,,0,0,0,0,0,false
,2,2300.455,0,2300.54,2300.37,2300.54,2300.37,1714766280000,2,,0,,0,0,0,0,0,false
,3,2300.7433,0,2300.41,2301.02,2301.02,2300.41,1714766340000,3,,0,,0,0,0,0,0,false
,3,2300.78,0,2301.11,2300.85,2301.11,2300.38,1714766400000,3,,0,,0,0,0,0,0,false
,2,2301.345,0,2301.16,2301.53,2301.53,2301.16,1714766460000,2,,0,,0,0,0,0,0,false
,3,2301.3467,0,2301.37,2301.51,2301.51,2301.16,1714766520000,3,,0,,0,0,0,0,0,false
,2,2301.535,0,2301.62,2301.45,2301.62,2301.45,1714766580000,2,,0,,0,0,0,0,0,false
,3,2301.3533,0,2301.51,2301.24,2301.51,2301.24,1714766640000,3,,0,,0,0,0,0,0,false
,4,2301.18,0,2301.36,2301.75,2301.75,2300.3,1714766700000,4,,0,,0,0,0,0,0,false
,2,2301.755,0,2301.77,2301.74,2301.77,2301.74,1714766760000,2,,0,,0,0,0,0,0,false
,3,2301.5233,0,2301.52,2301.37,2301.68,2301.37,1714766820000,3,,0,,0,0,0,0,0,false
,2,2301.115,0,2301.13,2301.1,2301.13,2301.1,1714766880000,2,,0,,0,0,0,0,0,false
,3,2301.1967,0,2301.37,2301.04,2301.37,2301.04,1714766940000,3,,0,,0,0,0,0,0,false
,3,2301.0867,0,2300.99,2301.09,2301.18,2300.99,1714767000000,3,,0,,0,0,0,0,0,false
,2,2301.215,0,2301.27,2301.16,2301.27,2301.16,1714767060000,2,,0,,0,0,0,0,0,false
,3,2301.4333,0,2301.46,2301.57,2301.57,2301.27,1714767120000,3,,0,,0,0,0,0,0,false
,2,2301.785,0,2301.49,2302.08,2302.08,2301.49,1714767180000,2,,0,,0,0,0,0,0,false
,3,2301.9633,0,2301.57,2302.1,2302.22,2301.57,1714767240000,3,,0,,0,0,0,0,0,false
,3,2301.7833,0,2301.94,2301.89,2301.94,2301.52,1714767300000,3,,0,,0,0,0,0,0,false
,2,2302.12,0,2302.07,2302.17,2302.17,2302.07,1714767360000,2,,0,,0,0,0,0,0,false
,3,2302.4967,0,2302.56,2302.86,2302.86,2302.07,1714767420000,3,,0,,0,0,0,0,0,false
,3,2302.4833,0,2302,2302.43,2303.02,2302,1714767480000,3,,0,,0,0,0,0,0,false
,3,2302.3633,0,2302.8,2302.19,2302.8,2302.1,1714767540000,3,,0,,0,0,0,0,0,false
,3,2302.1867,0,2302.2,2302.1,2302.26,2302.1,1714767600000,3,,0,,0,0,0,0,0,false
,2,2301.98,0,2301.9,2302.06,2302.06,2301.9,1714767660000,2,,0,,0,0,0,0,0,false
,3,2301.7433,0,2301.59,2301.7,2301.94,2301.59,1714767720000,3,,0,,0,0,0,0,0,false
,2,2301.46,0,2301.53,2301.39,2301.53,2301.39,1714767780000,2,,0,,0,0,0,0,0,false
,4,2301.24,0,2301.7,2301.41,2301.7,2300.5,1714767840000,4,,0,,0,0,0,0,0,false
,3,2301.4433,0,2301.44,2301.48,2301.48,2301.41,1714767900000,3,,0,,0,0,0,0,0,false
,2,2301.745,0,2301.92,2301.57,2301.92,2301.57,1714767960000,2,,0,,0,0,0,0,0,false
,3,2301.4633,0,2301.43,2301.18,2301.78,2301.18,1714768020000,3,,0,,0,0,0,0,0,false
,2,2301.115,0,2301.14,2301.09,2301.14,2301.09,1714768080000,2,,0,,0,0,0,0,0,false
,3,2301.0167,0,2301.18,2300.89,2301.18,2300.89,1714768140000,3,,0,,0,0,0,0,0,false
,3,2301.04,0,2301,2300.89,2301.23,2300.89,1714768200000,3,,0,,0,0,0,0,0,false
,3,2301.1533,0,2301.52,2301.44,2301.52,2300.5,1714768260000,3,,0,,0,0,0,0,0,false
,3,2301.6,0,2301.67,2301.61,2301.67,2301.52,1714768320000,3,,0,,0,0,0,0,0,false
,2,2301.465,0,2301.47,2301.46,2301.47,2301.46,1714768380000,2,,0,,0,0,0,0,0,false
,3,2301.5667,0,2301.61,2301.47,2301.62,2301.47,1714768440000,3,,0,,0,0,0,0,0,false
,3,2301.4333,0,2301.47,2301.47,2301.47,2301.36,1714768500000,3,,0,,0,0,0,0,0,false
,2,2301.215,0,2301.29,2301.14,2301.29,2301.14,1714768560000,2,,0,,0,0,0,0,0,false
,3,2301.12,0,2301.18,2300.89,2301.29,2300.89,1714768620000,3,,0,,0,0,0,0,0,false
,2,2300.74,0,2300.68,2300.8,2300.8,2300.68,1714768680000,2,,0,,0,0,0,0,0,false
,4,2300.49,0,2300.89,2300.77,2300.89,2299.6,1714768740000,4,,0,,0,0,0,0,0,false
,3,2300.9167,0,2300.82,2300.77,2301.16,2300.77,1714768800000,3,,0,,0,0,0,0,0,false
,2,2301.25,0,2301.33,2301.17,2301.33,2301.17,1714768860000,2,,0,,0,0,0,0,0,false
,3,2301.2433,0,2301.23,2301.65,2301.65,2300.85,1714768920000,3,,0,,0,0,0,0,0,false
,2,2301.655,0,2301.65,2301.66,2301.66,2301.65,1714768980000,2,,0,,0,0,0,0,0,false
,3,2301.7233,0,2301.24,2302.23,2302.23,2301.24,1714769040000,3,,0,,0,0,0,0,0,false
,2,2302.205,0,2301.9,2302.51,2302.51,2301.9,1714769100000,2,,0,,0,0,0,0,0,false
,2,2302.415,0,2302.48,2302.35,2302.48,2302.35,1714769160000,2,,0,,0,0,0,0,0,false
,3,2302.5967,0,2302.43,2302.7,2302.7,2302.43,1714769220000,3,,0,,0,0,0,0,0,false
,2,2302.48,0,2302.42,2302.54,2302.54,2302.42,1714769280000,2,,0,,0,0,0,0,0,false
,3,2302.8367,0,2302.7,2303.11,2303.11,2302.7,1714769340000,3,,0,,0,0,0,0,0,false
,3,2302.6733,0,2302.68,2302.71,2302.71,2302.63,1714769400000,3,,0,,0,0,0,0,0,false
,3,2302.1967,0,2302.55,2302.54,2302.55,2301.5,1714769460000,3,,0,,0,0,0,0,0,false
,3,2302.44,0,2302.38,2302.39,2302.55,2302.38,1714769520000,3,,0,,0,0,0,0,0,false
,2,2302.025,0,2302.3,2301.75,2302.3,2301.75,1714769580000,2,,0,,0,0,0,0,0,false
,3,2301.75,0,2302.39,2301.49,2302.39,2301.37,1714769640000,3,,0,,0,0,0,0,0,false
,3,2301.9367,0,2302.08,2301.49,2302.24,2301.49,1714769700000,3,,0,,0,0,0,0,0,false
,2,2302.15,0,2302.18,2302.12,2302.18,2302.12,1714769760000,2,,0,,0,0,0,0,0,false
,3,2302.0333,0,2301.8,2301.96,2302.34,2301.8,1714769820000,3,,0,,0,0,0,0,0,false
,2,2301.79,0,2301.73,2301.85,2301.85,2301.73,1714769880000,2,,0,,0,0,0,0,0,false
,2,2301.77,0,2301.61,2301.93,2301.93,2301.61,1714769940000,2,,0,,0,0,0,0,0,false
,1,2301.85,0,2301.85,2301.85,2301.85,2301.85,1714942800000,1,,0,,0,0,0,0,0,false
,2,2301.83,0,2302.03,2301.63,2302.03,2301.63,1714946460000,2,,0,,0,0,0,0,0,false
,2,2301.09,0,2300.79,2301.39,2301.39,2300.79,1714946520000,2,,0,,0,0,0,0,0,false
,2,2301.485,0,2301.76,2301.21,2301.76,2301.21,1714946580000,2,,0,,0,0,0,0,0,false
,3,2300.38,0,2299.6,2301.3,2301.3,2299.6,1714946640000,3,,0,,0,0,0,0,0,false
,2,2302.015,0,2301.91,2302.12,2302.12,2301.91,1714946700000,2,,0,,0,0,0,0,0,false
,2,2302.635,0,2302.31,2302.96,2302.96,2302.31,1714946760000,2,,0,,0,0,0,0,0,false
,2,2302.335,0,2302.12,2302.55,2302.55,2302.12,1714946820000,2,,0,,0,0,0,0,0,false
,3,2302.4567,0,2301.8,2302.87,2302.87,2301.8,1714946880000,3,,0,,0,0,0,0,0,false
,2,2302.325,0,2302.21,2302.44,2302.44,2302.21,1714946940000,2,,0,,0,0,0,0,0,false
,2,2302.45,0,2302.48,2302.42,2302.48,2302.42,1714947000000,2,,0,,0,0,0,0,0,false
,2,2302.39,0,2302.46,2302.32,2302.46,2302.32,1714947060000,2,,0,,0,0,0,0,0,false
,2,2302.44,0,2302.45,2302.43,2302.45,2302.43,1714947120000,2,,0,,0,0,0,0,0,false
,3,2302.2867,0,2302.6,2302.66,2302.66,2301.6,1714947180000,3,,0,,0,0,0,0,0,false
,1,2301.7,0,2301.7,2301.7,2301.7,2301.7,1714947240000,1,,0,,0,0,0,0,0,false
,2,2302.26,0,2302.36,2302.16,2302.36,2302.16,1714950660000,2,,0,,0,0,0,0,0,false
,3,2301.9733,0,2302.36,2302.16,2302.36,2301.4,1714950720000,3,,0,,0,0,0,0,0,false
,2,2301.91,0,2301.96,2301.86,2301.96,2301.86,1714950780000,2,,0,,0,0,0,0,0,false
,2,2301.96,0,2302.16,2301.76,2302.16,2301.76,1714950840000,2,,0,,0,0,0,0,0,false
,2,2301.66,0,2301.56,2301.76,2301.76,2301.56,1714950900000,2,,0,,0,0,0,0,0,false
,1,2301.46,0,2301.46,2301.46,2301.46,2301.46,1714950960000,1,,0,,0,0,0,0,0,false
,1,2301.56,0,2301.56,2301.56,2301.56,2301.56,1714951020000,1,,0,,0,0,0,0,0,false
,3,2301.3067,0,2301.56,2301.66,2301.66,2300.7,1714951080000,3,,0,,0,0,0,0,0,false
,3,2301.2733,0,2301.56,2301.66,2301.66,2300.6,1714951140000,3,,0,,0,0,0,0,0,false
,2,2301.71,0,2301.66,2301.76,2301.76,2301.66,1714951200000,2,,0,,0,0,0,0,0,false
,1,2301.66,0,2301.66,2301.66,2301.66,2301.66,1714951260000,1,,0,,0,0,0,0,0,false
,2,2301.18,0,2300.7,2301.66,2301.66,2300.7,1714951320000,2,,0,,0,0,0,0,0,false
,2,2301.86,0,2301.66,2302.06,2302.06,2301.66,1714951380000,2,,0,,0,0,0,0,0,false
,3,2301.4733,0,2301.76,2301.86,2301.86,2300.8,1714951440000,3,,0,,0,0,0,0,0,false
,2,2301.31,0,2301.36,2301.26,2301.36,2301.26,1714951500000,2,,0,,0,0,0,0,0,false
,2,2300.88,0,2301.36,2300.4,2301.36,2300.4,1714951560000,2,,0,,0,0,0,0,0,false
,3,2301.1067,0,2300.4,2301.56,2301.56,2300.4,1714951620000,3,,0,,0,0,0,0,0,false
,2,2301.41,0,2301.46,2301.36,2301.46,2301.36,1714951680000,2,,0,,0,0,0,0,0,false
,2,2301.11,0,2301.26,2300.96,2301.26,2300.96,1714951740000,2,,0,,0,0,0,0,0,false
,2,2300.61,0,2300.66,2300.56,2300.66,2300.56,1714951800000,2,,0,,0,0,0,0,0,false
,2,2300.08,0,2299.6,2300.56,2300.56,2299.6,1714951860000,2,,0,,0,0,0,0,0,false
,2,2298.91,0,2299.16,2298.66,2299.16,2298.66,1714951920000,2,,0,,0,0,0,0,0,false
,2,2298.61,0,2298.96,2298.26,2298.96,2298.26,1714951980000,2,,0,,0,0,0,0,0,false
,2,2296.16,0,2296.06,2296.26,2296.26,2296.06,1714952040000,2,,0,,0,0,0,0,0,false
,2,2294.81,0,2294.96,2294.66,2294.96,2294.66,1714952100000,2,,0,,0,0,0,0,0,false
,3,2295.3267,0,2295.36,2295.26,2295.36,2295.26,1714952160000,3,,0,,0,0,0,0,0,false
,2,2295.26,0,2295.36,2295.16,2295.36,2295.16,1714952220000,2,,0,,0,0,0,0,0,false
,2,2295.06,0,2295.26,2294.86,2295.26,2294.86,1714952280000,2,,0,,0,0,0,0,0,false
,2,2294.16,0,2293.56,2294.76,2294.76,2293.56,1714952340000,2,,0,,0,0,0,0,0,false
,2,2294.86,0,2294.76,2294.96,2294.96,2294.76,1714952400000,2,,0,,0,0,0,0,0,false
,2,2294.66,0,2294.76,2294.56,2294.76,2294.56,1714952460000,2,,0,,0,0,0,0,0,false
,2,2294.41,0,2294.46,2294.36,2294.46,2294.36,1714952520000,2,,0,,0,0,0,0,0,false
,2,2294.11,0,2294.06,2294.16,2294.16,2294.06,1714952580000,2,,0,,0,0,0,0,0,false
,2,2294.86,0,2294.66,2295.06,2295.06,2294.66,1714952640000,2,,0,,0,0,0,0,0,false
,2,2295.26,0,2294.96,2295.56,2295.56,2294.96,1714952700000,2,,0,,0,0,0,0,0,false
,2,2295.96,0,2295.96,2295.96,2295.96,2295.96,1714952760000,2,,0,,0,0,0,0,0,false
,2,2295.56,0,2295.66,2295.46,2295.66,2295.46,1714952820000,2,,0,,0,0,0,0,0,false
,2,2295.41,0,2295.36,2295.46,2295.46,2295.36,1714952880000,2,,0,,0,0,0,0,0,false
,2,2294.88,0,2295.36,2294.4,2295.36,2294.4,1714952940000,2,,0,,0,0,0,0,0,false
,2,2295.26,0,2295.06,2295.46,2295.46,2295.06,1714953000000,2,,0,,0,0,0,0,0,false
,2,2295.16,0,2295.06,2295.26,2295.26,2295.06,1714953060000,2,,0,,0,0,0,0,0,false
,3,2295.34,0,2295.66,2295.66,2295.66,2294.7,1714953120000,3,,0,,0,0,0,0,0,false
,3,2295.49,0,2295.66,2295.56,2295.66,2295.25,1714953180000,3,,0,,0,0,0,0,0,false
,1,2295.46,0,2295.46,2295.46,2295.46,2295.46,1714953240000,1,,0,,0,0,0,0,0,false
,3,2294.6067,0,2294.96,2294.76,2294.96,2294.1,1714953300000,3,,0,,0,0,0,0,0,false
,2,2294.26,0,2294.56,2293.96,2294.56,2293.96,1714953360000,2,,0,,0,0,0,0,0,false
,2,2293.76,0,2293.96,2293.56,2293.96,2293.56,1714953420000,2,,0,,0,0,0,0,0,false
,2,2293.41,0,2293.16,2293.66,2293.66,2293.16,1714953480000,2,,0,,0,0,0,0,0,false
,3,2293.5067,0,2293.66,2293.96,2293.96,2292.9,1714953540000,3,,0,,0,0,0,0,0,false
,3,2294.2533,0,2293.74,2294.56,2294.56,2293.74,1714953600000,3,,0,,0,0,0,0,0,false
,3,2294.26,0,2293.76,2294.56,2294.56,2293.76,1714953660000,3,,0,,0,0,0,0,0,false
,3,2294.14,0,2294.26,2294.66,2294.66,2293.5,1714953720000,3,,0,,0,0,0,0,0,false
,3,2294.4933,0,2294.56,2294.66,2294.66,2294.26,1714953780000,3,,0,,0,0,0,0,0,false
,2,2294.36,0,2294.56,2294.16,2294.56,2294.16,1714953840000,2,,0,,0,0,0,0,0,false
,4,2293.87,0,2294.66,2293.86,2294.66,2293.1,1714953900000,4,,0,,0,0,0,0,0,false
,3,2293.9933,0,2293.86,2293.86,2294.26,2293.86,1714953960000,3,,0,,0,0,0,0,0,false
,2,2293.96,0,2294.16,2293.76,2294.16,2293.76,1714954020000,2,,0,,0,0,0,0,0,false
,3,2294.0567,0,2294.06,2294.16,2294.16,2293.95,1714954080000,3,,0,,0,0,0,0,0,false
,2,2294.01,0,2294.06,2293.96,2294.06,2293.96,1714954140000,2,,0,,0,0,0,0,0,false
,3,2294.0267,0,2294.16,2293.76,2294.16,2293.76,1714954200000,3,,0,,0,0,0,0,0,false
,2,2293.805,0,2293.46,2294.15,2294.15,2293.46,1714954260000,2,,0,,0,0,0,0,0,false
,2,2293.46,0,2293.56,2293.36,2293.56,2293.36,1714954320000,2,,0,,0,0,0,0,0,false
,3,2293.5933,0,2293.46,2293.76,2293.76,2293.46,1714954380000,3,,0,,0,0,0,0,0,false
,2,2294.06,0,2294.06,2294.06,2294.06,2294.06,1714954440000,2,,0,,0,0,0,0,0,false
,3,2293.7933,0,2293.76,2293.46,2294.16,2293.46,1714954500000,3,,0,,0,0,0,0,0,false
,3,2293.1567,0,2292.76,2294.15,2294.15,2292.56,1714954560000,3,,0,,0,0,0,0,0,false
,2,2292.565,0,2292.46,2292.67,2292.67,2292.46,1714954620000,2,,0,,0,0,0,0,0,false
,3,2292.54,0,2292.53,2292.63,2292.63,2292.46,1714954680000,3,,0,,0,0,0,0,0,false
,2,2293.055,0,2292.91,2293.2,2293.2,2292.91,1714954740000,2,,0,,0,0,0,0,0,false
,3,2292.7333,0,2292.63,2292.61,2292.96,2292.61,1714954800000,3,,0,,0,0,0,0,0,false
,2,2292.955,0,2292.78,2293.13,2293.13,2292.78,1714954860000,2,,0,,0,0,0,0,0,false
,2,2292.615,0,2292.52,2292.71,2292.71,2292.52,1714954920000,2,,0,,0,0,0,0,0,false
,3,2292.5567,0,2292.52,2292.63,2292.63,2292.52,1714954980000,3,,0,,0,0,0,0,0,false
,2,2292.93,0,2292.8,2293.06,2293.06,2292.8,1714955040000,2,,0,,0,0,0,0,0,false
,3,2292.7433,0,2292.63,2292.69,2292.91,2292.63,1714955100000,3,,0,,0,0,0,0,0,false
,3,2292.37,0,2292.13,2292.69,2292.69,2292.13,1714955160000,3,,0,,0,0,0,0,0,false
,2,2292.38,0,2292.53,2292.23,2292.53,2292.23,1714955220000,2,,0,,0,0,0,0,0,false
,4,2292.305,0,2292.23,2292.23,2292.53,2292.23,1714955280000,4,,0,,0,0,0,0,0,false
,2,2292.39,0,2292.18,2292.6,2292.6,2292.18,1714955340000,2,,0,,0,0,0,0,0,false
,3,2292.4667,0,2292.23,2292.77,2292.77,2292.23,1714955400000,3,,0,,0,0,0,0,0,false
,3,2292.8033,0,2292.94,2292.58,2292.94,2292.58,1714955460000,3,,0,,0,0,0,0,0,false
,2,2293.225,0,2292.98,2293.47,2293.47,2292.98,1714955520000,2,,0,,0,0,0,0,0,false
,3,2293.7467,0,2294.2,2294.06,2294.2,2292.98,1714955580000,3,,0,,0,0,0,0,0,false
,2,2294.11,0,2294.06,2294.16,2294.16,2294.06,1714955640000,2,,0,,0,0,0,0,0,false
,3,2293.9333,0,2294.08,2293.66,2294.08,2293.66,1714955700000,3,,0,,0,0,0,0,0,false
,3,2293.4267,0,2293.16,2293.66,2293.66,2293.16,1714955760000,3,,0,,0,0,0,0,0,false
,2,2294.01,0,2293.86,2294.16,2294.16,2293.86,1714955820000,2,,0,,0,0,0,0,0,false
,4,2294.075,0,2294.36,2294.66,2294.66,2293.5,1714955880000,4,,0,,0,0,0,0,0,false
,2,2294.66,0,2294.46,2294.86,2294.86,2294.46,1714955940000,2,,0,,0,0,0,0,0,false
,3,2294.5933,0,2294.66,2294.46,2294.66,2294.46,1714956000000,3,,0,,0,0,0,0,0,false
,3,2293.9933,0,2293.96,2294.46,2294.46,2293.56,1714956060000,3,,0,,0,0,0,0,0,false
,2,2293.46,0,2293.56,2293.36,2293.56,2293.36,1714956120000,2,,0,,0,0,0,0,0,false
,4,2293.32,0,2293.36,2293.76,2293.76,2292.6,1714956180000,4,,0,,0,0,0,0,0,false
,2,2293.46,0,2293.46,2293.46,2293.46,2293.46,1714956240000,2,,0,,0,0,0,0,0,false
,3,2293.6633,0,2293.37,2293.86,2293.86,2293.37,1714956300000,3,,0,,0,0,0,0,0,false
,3,2293.76,0,2293.46,2293.86,2293.96,2293.46,1714956360000,3,,0,,0,0,0,0,0,false
,2,2294.01,0,2294.06,2293.96,2294.06,2293.96,1714956420000,2,,0,,0,0,0,0,0,false
,3,2294.19,0,2294.06,2294.56,2294.56,2293.95,1714956480000,3,,0,,0,0,0,0,0,false
,3,2294.1733,0,2294.46,2294.36,2294.46,2293.7,1714956540000,3,,0,,0,0,0,0,0,false
,3,2294.1633,0,2294.07,2294.26,2294.26,2294.07,1714956600000,3,,0,,0,0,0,0,0,false
,3,2294.5933,0,2294.66,2294.26,2294.86,2294.26,1714956660000,3,,0,,0,0,0,0,0,false
,3,2294.7267,0,2294.76,2294.66,2294.76,2294.66,1714956720000,3,,0,,0,0,0,0,0,false
,3,2295.16,0,2295.46,2295.26,2295.46,2294.76,1714956780000,3,,0,,0,0,0,0,0,false
,2,2295.96,0,2295.76,2296.16,2296.16,2295.76,1714956840000,2,,0,,0,0,0,0,0,false
,3,2295.7267,0,2295.26,2295.96,2295.96,2295.26,1714956900000,3,,0,,0,0,0,0,0,false
,3,2296.2933,0,2296.36,2295.96,2296.56,2295.96,1714956960000,3,,0,,0,0,0,0,0,false
,2,2296.41,0,2296.36,2296.46,2296.46,2296.36,1714957020000,2,,0,,0,0,0,0,0,false
,3,2296.86,0,2296.96,2297.26,2297.26,2296.36,1714957080000,3,,0,,0,0,0,0,0,false
,2,2295.96,0,2296.16,2295.76,2296.16,2295.76,1714957140000,2,,0,,0,0,0,0,0,false
,3,2297.1367,0,2296.09,2297.66,2297.66,2296.09,1714957200000,3,,0,,0,0,0,0,0,false
,3,2298.47,0,2298.36,2297.29,2299.76,2297.29,1714957260000,3,,0,,0,0,0,0,0,false
,2,2304.01,0,2303.26,2304.76,2304.76,2303.26,1714957320000,2,,0,,0,0,0,0,0,false
,3,2301.41,0,2302.96,2303.76,2303.76,2297.51,1714957380000,3,,0,,0,0,0,0,0,false
,2,2304.11,0,2303.56,2304.66,2304.66,2303.56,1714957440000,2,,0,,0,0,0,0,0,false
,3,2303.41,0,2303.96,2304.06,2304.06,2302.21,1714957500000,3,,0,,0,0,0,0,0,false
,4,2303.5,0,2303.36,2304.28,2304.28,2302.5,1714957560000,4,,0,,0,0,0,0,0,false
,2,2306.945,0,2307.33,2306.56,2307.33,2306.56,1714957620000,2,,0,,0,0,0,0,0,false
,3,2305.4267,0,2306.56,2305.26,2306.56,2304.46,1714957680000,3,,0,,0,0,0,0,0,false
,2,2306.31,0,2306.06,2306.56,2306.56,2306.06,1714957740000,2,,0,,0,0,0,0,0,false
,3,2306.2267,0,2305.96,2306.66,2306.66,2305.96,1714957800000,3,,0,,0,0,0,0,0,false
,3,2306.13,0,2306.16,2305.97,2306.26,2305.97,1714957860000,3,,0,,0,0,0,0,0,false
,3,2305.8067,0,2306.16,2306.06,2306.16,2305.2,1714957920000,3,,0,,0,0,0,0,0,false
,4,2305.62,0,2305.96,2305.46,2306.16,2304.9,1714957980000,4,,0,,0,0,0,0,0,false
,2,2304.36,0,2304.56,2304.16,2304.56,2304.16,1714958040000,2,,0,,0,0,0,0,0,false
,3,2304.6167,0,2304.16,2304.56,2305.13,2304.16,1714958100000,3,,0,,0,0,0,0,0,false
,3,2305.16,0,2305.46,2304.56,2305.46,2304.56,1714958160000,3,,0,,0,0,0,0,0,false
,2,2305.01,0,2304.76,2305.26,2305.26,2304.76,1714958220000,2,,0,,0,0,0,0,0,false
,3,2304.7867,0,2304.76,2304.76,2304.84,2304.76,1714958280000,3,,0,,0,0,0,0,0,false
,2,2304.26,0,2304.56,2303.96,2304.56,2303.96,1714958340000,2,,0,,0,0,0,0,0,false
,4,2303.995,0,2304.06,2304.26,2304.56,2303.1,1714958400000,4,,0,,0,0,0,0,0,false
,3,2304.16,0,2304.06,2304.26,2304.26,2304.06,1714958460000,3,,0,,0,0,0,0,0,false
,2,2304.71,0,2304.36,2305.06,2305.06,2304.36,1714958520000,2,,0,,0,0,0,0,0,false
,3,2304.6267,0,2304.76,2304.76,2304.76,2304.36,1714958580000,3,,0,,0,0,0,0,0,false
,2,2305.41,0,2305.26,2305.56,2305.56,2305.26,1714958640000,2,,0,,0,0,0,0,0,false
,3,2305.7133,0,2305.76,2306.46,2306.46,2304.92,1714958700000,3,,0,,0,0,0,0,0,false
,2,2306.96,0,2306.66,2307.26,2307.26,2306.66,1714958760000,2,,0,,0,0,0,0,0,false
,2,2307.51,0,2307.26,2307.76,2307.76,2307.26,1714958820000,2,,0,,0,0,0,0,0,false
,3,2307.9367,0,2308.26,2308.56,2308.56,2306.99,1714958880000,3,,0,,0,0,0,0,0,false
,2,2307.51,0,2307.56,2307.46,2307.56,2307.46,1714958940000,2,,0,,0,0,0,0,0,false
,3,2307.8067,0,2307.76,2307.56,2308.1,2307.56,1714959000000,3,,0,,0,0,0,0,0,false
,2,2307.56,0,2307.66,2307.46,2307.66,2307.46,1714959060000,2,,0,,0,0,0,0,0,false
,3,2306.8267,0,2307.56,2306.56,2307.56,2306.36,1714959120000,3,,0,,0,0,0,0,0,false
,3,2307.1267,0,2307.36,2307.66,2307.66,2306.36,1714959180000,3,,0,,0,0,0,0,0,false
,2,2307.61,0,2307.66,2307.56,2307.66,2307.56,1714959240000,2,,0,,0,0,0,0,0,false
,3,2307.9267,0,2307.86,2308.26,2308.26,2307.66,1714959300000,3,,0,,0,0,0,0,0,false
,1,2307.66,0,2307.66,2307.66,2307.66,2307.66,1714959360000,1,,0,,0,0,0,0,0,false
,3,2308.33,0,2307.87,2308.66,2308.66,2307.87,1714959420000,3,,0,,0,0,0,0,0,false
,3,2308.3,0,2308.56,2308.36,2308.56,2307.98,1714959480000,3,,0,,0,0,0,0,0,false
,2,2308.01,0,2307.96,2308.06,2308.06,2307.96,1714959540000,2,,0,,0,0,0,0,0,false
,3,2307.5933,0,2307.36,2307.46,2307.96,2307.36,1714959600000,3,,0,,0,0,0,0,0,false
,2,2307.16,0,2307.26,2307.06,2307.26,2307.06,1714959660000,2,,0,,0,0,0,0,0,false
,3,2307.36,0,2307.46,2307.06,2307.56,2307.06,1714959720000,3,,0,,0,0,0,0,0,false
,3,2306.8267,0,2306.76,2306.36,2307.36,2306.36,1714959780000,3,,0,,0,0,0,0,0,false
,2,2306.51,0,2306.26,2306.76,2306.76,2306.26,1714959840000,2,,0,,0,0,0,0,0,false
,2,2306.96,0,2307.06,2306.86,2307.06,2306.86,1714959900000,2,,0,,0,0,0,0,0,false
,2,2306.86,0,2307.06,2306.66,2307.06,2306.66,1714959960000,2,,0,,0,0,0,0,0,false
,2,2306.36,0,2306.56,2306.16,2306.56,2306.16,1714960020000,2,,0,,0,0,0,0,0,false
,3,2306.2267,0,2306.16,2305.96,2306.56,2305.96,1714960080000,3,,0,,0,0,0,0,0,false
,2,2306.31,0,2306.16,2306.46,2306.46,2306.16,1714960140000,2,,0,,0,0,0,0,0,false
,3,2306.1933,0,2306.56,2305.86,2306.56,2305.86,1714960200000,3,,0,,0,0,0,0,0,false
,2,2306.46,0,2306.46,2306.46,2306.46,2306.46,1714960260000,2,,0,,0,0,0,0,0,false
,3,2306.7233,0,2305.95,2307.16,2307.16,2305.95,1714960320000,3,,0,,0,0,0,0,0,false
,3,2307.4933,0,2307.66,2307.76,2307.76,2307.06,1714960380000,3,,0,,0,0,0,0,0,false
,2,2308.11,0,2308.06,2308.16,2308.16,2308.06,1714960440000,2,,0,,0,0,0,0,0,false
,3,2307.86,0,2307.96,2307.56,2308.06,2307.56,1714960500000,3,,0,,0,0,0,0,0,false
,2,2307.41,0,2307.36,2307.46,2307.46,2307.36,1714960560000,2,,0,,0,0,0,0,0,false
,3,2307.99,0,2307.95,2308.26,2308.26,2307.76,1714960620000,3,,0,,0,0,0,0,0,false
,2,2307.71,0,2307.76,2307.66,2307.76,2307.66,1714960680000,2,,0,,0,0,0,0,0,false
,2,2308.26,0,2308.26,2308.26,2308.26,2308.26,1714960740000,2,,0,,0,0,0,0,0,false
,3,2307.89,0,2308.26,2307.76,2308.26,2307.65,1714960800000,3,,0,,0,0,0,0,0,false
,2,2308.16,0,2307.56,2308.76,2308.76,2307.56,1714960860000,2,,0,,0,0,0,0,0,false
,3,2309.8267,0,2307.76,2311.56,2311.56,2307.76,1714960920000,3,,0,,0,0,0,0,0,false
,3,2310.5933,0,2311.36,2308.26,2312.16,2308.26,1714960980000,3,,0,,0,0,0,0,0,false
,2,2314.28,0,2314.53,2314.03,2314.53,2314.03,1714961040000,2,,0,,0,0,0,0,0,false
,2,2314.2,0,2314.33,2314.07,2314.33,2314.07,1714961100000,2,,0,,0,0,0,0,0,false
,2,2314.24,0,2313.41,2315.07,2315.07,2313.41,1714961160000,2,,0,,0,0,0,0,0,false
,3,2313.96,0,2314.07,2313.43,2314.38,2313.43,1714961220000,3,,0,,0,0,0,0,0,false
,3,2313.1967,0,2313.02,2313.43,2313.43,2313.02,1714961280000,3,,0,,0,0,0,0,0,false
,2,2313.43,0,2313.17,2313.69,2313.69,2313.17,1714961340000,2,,0,,0,0,0,0,0,false
,3,2313.72,0,2314.05,2313.94,2314.05,2313.17,1714961400000,3,,0,,0,0,0,0,0,false
,2,2313.18,0,2313.72,2312.64,2313.72,2312.64,1714961460000,2,,0,,0,0,0,0,0,false
,3,2313.42,0,2313.94,2313.34,2313.94,2312.98,1714961520000,3,,0,,0,0,0,0,0,false
,3,2312.9433,0,2312.72,2313.34,2313.34,2312.72,1714961580000,3,,0,,0,0,0,0,0,false
,2,2312.565,0,2312.37,2312.76,2312.76,2312.37,1714961640000,2,,0,,0,0,0,0,0,false
,3,2312.8367,0,2312.96,2313.16,2313.16,2312.39,1714961700000,3,,0,,0,0,0,0,0,false
,2,2313.875,0,2313.56,2314.19,2314.19,2313.56,1714961760000,2,,0,,0,0,0,0,0,false
,3,2313.7767,0,2313.16,2314.37,2314.37,2313.16,1714961820000,3,,0,,0,0,0,0,0,false
,3,2314.4333,0,2314.36,2314.37,2314.57,2314.36,1714961880000,3,,0,,0,0,0,0,0,false
,2,2314.78,0,2314.69,2314.87,2314.87,2314.69,1714961940000,2,,0,,0,0,0,0,0,false
,3,2314.73,0,2314.89,2314.61,2314.89,2314.61,1714962000000,3,,0,,0,0,0,0,0,false
,3,2314.42,0,2314.87,2314.59,2314.87,2313.8,1714962060000,3,,0,,0,0,0,0,0,false
,3,2313.9567,0,2314.61,2313.49,2314.61,2313.49,1714962120000,3,,0,,0,0,0,0,0,false
,3,2313.9133,0,2313.78,2313.94,2314.02,2313.78,1714962180000,3,,0,,0,0,0,0,0,false
,2,2313.98,0,2314,2313.96,2314,2313.96,1714962240000,2,,0,,0,0,0,0,0,false
,4,2313.885,0,2314.3,2314.04,2314.3,2313.2,1714962300000,4,,0,,0,0,0,0,0,false
,2,2313.16,0,2313.3,2313.02,2313.3,2313.02,1714962360000,2,,0,,0,0,0,0,0,false
,3,2313.2933,0,2314.04,2312.98,2314.04,2312.86,1714962420000,3,,0,,0,0,0,0,0,false
,3,2313.21,0,2313.1,2312.98,2313.55,2312.98,1714962480000,3,,0,,0,0,0,0,0,false
,2,2313.555,0,2313.44,2313.67,2313.67,2313.44,1714962540000,2,,0,,0,0,0,0,0,false
,3,2313.4,0,2313.47,2313.6,2313.6,2313.13,1714962600000,3,,0,,0,0,0,0,0,false
,2,2313.76,0,2314.07,2313.45,2314.07,2313.45,1714962660000,2,,0,,0,0,0,0,0,false
,3,2313.6533,0,2313.6,2313.62,2313.74,2313.6,1714962720000,3,,0,,0,0,0,0,0,false
,3,2313.41,0,2313.52,2313.56,2313.56,2313.15,1714962780000,3,,0,,0,0,0,0,0,false
,2,2311.49,0,2312.22,2310.76,2312.22,2310.76,1714962840000,2,,0,,0,0,0,0,0,false
,3,2310.9033,0,2310.16,2309.86,2312.69,2309.86,1714962900000,3,,0,,0,0,0,0,0,false
,2,2310.81,0,2310.66,2310.96,2310.96,2310.66,1714962960000,2,,0,,0,0,0,0,0,false
,4,2310.87,0,2309.86,2311.66,2311.66,2309.86,1714963020000,4,,0,,0,0,0,0,0,false
,3,2311.2533,0,2311.46,2310.64,2311.66,2310.64,1714963080000,3,,0,,0,0,0,0,0,false
,2,2312.01,0,2312.06,2311.96,2312.06,2311.96,1714963140000,2,,0,,0,0,0,0,0,false
,2,2311.71,0,2311.66,2311.76,2311.76,2311.66,1714963200000,2,,0,,0,0,0,0,0,false
,2,2311.71,0,2311.86,2311.56,2311.86,2311.56,1714963260000,2,,0,,0,0,0,0,0,false
,3,2311.1933,0,2311.76,2310.96,2311.76,2310.86,1714963320000,3,,0,,0,0,0,0,0,false
,3,2310.8933,0,2310.76,2311.06,2311.06,2310.76,1714963380000,3,,0,,0,0,0,0,0,false
,2,2310.61,0,2310.56,2310.66,2310.66,2310.56,1714963440000,2,,0,,0,0,0,0,0,false
,3,2310.7267,0,2310.96,2310.66,2310.96,2310.56,1714963500000,3,,0,,0,0,0,0,0,false
,2,2310.96,0,2310.86,2311.06,2311.06,2310.86,1714963560000,2,,0,,0,0,0,0,0,false
,3,2310.64,0,2310.66,2310.2,2311.06,2310.2,1714963620000,3,,0,,0,0,0,0,0,false
,3,2310.9267,0,2310.96,2311.06,2311.06,2310.76,1714963680000,3,,0,,0,0,0,0,0,false
,2,2310.86,0,2310.86,2310.86,2310.86,2310.86,1714963740000,2,,0,,0,0,0,0,0,false
,3,2310.6933,0,2311.06,2310.16,2311.06,2310.16,1714963800000,3,,0,,0,0,0,0,0,false
,2,2310.21,0,2310.36,2310.06,2310.36,2310.06,1714963860000,2,,0,,0,0,0,0,0,false
,3,2310.5567,0,2311.05,2310.26,2311.05,2310.26,1714963920000,3,,0,,0,0,0,0,0,false
,2,2310.41,0,2310.56,2310.26,2310.56,2310.26,1714963980000,2,,0,,0,0,0,0,0,false
,2,2310.36,0,2310.46,2310.26,2310.46,2310.26,1714964040000,2,,0,,0,0,0,0,0,false
,3,2310.2267,0,2309.96,2310.26,2310.46,2309.96,1714964100000,3,,0,,0,0,0,0,0,false
,2,2310.21,0,2310.16,2310.26,2310.26,2310.16,1714964160000,2,,0,,0,0,0,0,0,false
,3,2310.1933,0,2310.26,2310.06,2310.26,2310.06,1714964220000,3,,0,,0,0,0,0,0,false
,3,2310.3933,0,2310.36,2310.06,2310.76,2310.06,1714964280000,3,,0,,0,0,0,0,0,false
,1,2311.06,0,2311.06,2311.06,2311.06,2311.06,1714964340000,1,,0,,0,0,0,0,0,false
,2,2311.075,0,2310.69,2311.46,2311.46,2310.69,1714964400000,2,,0,,0,0,0,0,0,false
,2,2311.31,0,2311.46,2311.16,2311.46,2311.16,1714964460000,2,,0,,0,0,0,0,0,false
,3,2310.7933,0,2310.66,2310.26,2311.46,2310.26,1714964520000,3,,0,,0,0,0,0,0,false
,3,2310.16,0,2310.16,2310.26,2310.26,2310.06,1714964580000,3,,0,,0,0,0,0,0,false
,1,2310.36,0,2310.36,2310.36,2310.36,2310.36,1714964640000,1,,0,,0,0,0,0,0,false
,3,2310.5267,0,2310.56,2310.66,2310.66,2310.36,1714964700000,3,,0,,0,0,0,0,0,false
,2,2311.21,0,2311.06,2311.36,2311.36,2311.06,1714964760000,2,,0,,0,0,0,0,0,false
,3,2311.2267,0,2311.26,2311.46,2311.46,2310.96,1714964820000,3,,0,,0,0,0,0,0,false
,3,2311.5267,0,2311.36,2311.46,2311.76,2311.36,1714964880000,3,,0,,0,0,0,0,0,false
,2,2310.91,0,2310.86,2310.96,2310.96,2310.86,1714964940000,2,,0,,0,0,0,0,0,false
,3,2310.5267,0,2310.46,2310.26,2310.86,2310.26,1714965000000,3,,0,,0,0,0,0,0,false
,3,2310.1267,0,2310.16,2310.06,2310.16,2310.06,1714965060000,3,,0,,0,0,0,0,0,false
,3,2309.7933,0,2309.76,2309.46,2310.16,2309.46,1714965120000,3,,0,,0,0,0,0,0,false
,2,2309.41,0,2309.36,2309.46,2309.46,2309.36,1714965180000,2,,0,,0,0,0,0,0,false
,2,2309.46,0,2309.46,2309.46,2309.46,2309.46,1714965240000,2,,0,,0,0,0,0,0,false
,3,2309.46,0,2309.36,2309.56,2309.56,2309.36,1714965300000,3,,0,,0,0,0,0,0,false
,2,2309.76,0,2309.66,2309.86,2309.86,2309.66,1714965360000,2,,0,,0,0,0,0,0,false
,3,2309.46,0,2309.56,2309.16,2309.66,2309.16,1714965420000,3,,0,,0,0,0,0,0,false
,2,2309.31,0,2309.36,2309.26,2309.36,2309.26,1714965480000,2,,0,,0,0,0,0,0,false
,3,2309.4233,0,2309.55,2308.76,2309.96,2308.76,1714965540000,3,,0,,0,0,0,0,0,false
,3,2308.9267,0,2308.66,2308.56,2309.56,2308.56,1714965600000,3,,0,,0,0,0,0,0,false
,2,2308.51,0,2308.36,2308.66,2308.66,2308.36,1714965660000,2,,0,,0,0,0,0,0,false
,3,2308.5733,0,2308.76,2308.96,2308.96,2308,1714965720000,3,,0,,0,0,0,0,0,false
,2,2309.01,0,2309.06,2308.96,2309.06,2308.96,1714965780000,2,,0,,0,0,0,0,0,false
,2,2309.11,0,2309.06,2309.16,2309.16,2309.06,1714965840000,2,,0,,0,0,0,0,0,false
,3,2309.2933,0,2309.26,2309.56,2309.56,2309.06,1714965900000,3,,0,,0,0,0,0,0,false
,2,2309.56,0,2309.66,2309.46,2309.66,2309.46,1714965960000,2,,0,,0,0,0,0,0,false
,3,2309.6933,0,2309.76,2309.66,2309.76,2309.66,1714966020000,3,,0,,0,0,0,0,0,false
,2,2309.96,0,2309.86,2310.06,2310.06,2309.86,1714966080000,2,,0,,0,0,0,0,0,false
,3,2309.86,0,2309.66,2309.96,2309.96,2309.66,1714966140000,3,,0,,0,0,0,0,0,false
,3,2309.9933,0,2310.06,2309.96,2310.06,2309.96,1714966200000,3,,0,,0,0,0,0,0,false
,2,2309.61,0,2309.66,2309.56,2309.66,2309.56,1714966260000,2,,0,,0,0,0,0,0,false
,3,2309.3933,0,2309.36,2309.16,2309.66,2309.16,1714966320000,3,,0,,0,0,0,0,0,false
,2,2309.36,0,2309.46,2309.26,2309.46,2309.26,1714966380000,2,,0,,0,0,0,0,0,false
,3,2309.16,0,2309.16,2309.16,2309.16,2309.16,1714966440000,3,,0,,0,0,0,0,0,false
,4,2309.02,0,2309.26,2309.26,2309.26,2308.4,1714966500000,4,,0,,0,0,0,0,0,false
,2,2309.26,0,2309.26,2309.26,2309.26,2309.26,1714966560000,2,,0,,0,0,0,0,0,false
,2,2309.36,0,2309.46,2309.26,2309.46,2309.26,1714966620000,2,,0,,0,0,0,0,0,false
,2,2309.26,0,2309.36,2309.16,2309.36,2309.16,1714966680000,2,,0,,0,0,0,0,0,false
,3,2309.36,0,2309.26,2309.46,2309.46,2309.26,1714966740000,3,,0,,0,0,0,0,0,false
,1,2309.36,0,2309.36,2309.36,2309.36,2309.36,1714966800000,1,,0,,0,0,0,0,0,false
,2,2309.76,0,2309.66,2309.86,2309.86,2309.66,1714966860000,2,,0,,0,0,0,0,0,false
,2,2309.36,0,2309.66,2309.06,2309.66,2309.06,1714966920000,2,,0,,0,0,0,0,0,false
,2,2308.96,0,2309.06,2308.86,2309.06,2308.86,1714966980000,2,,0,,0,0,0,0,0,false
,3,2309.3233,0,2309.65,2309.16,2309.65,2309.16,1714967040000,3,,0,,0,0,0,0,0,false
,3,2309.2933,0,2309.26,2309.46,2309.46,2309.16,1714967100000,3,,0,,0,0,0,0,0,false
,2,2309.91,0,2309.86,2309.96,2309.96,2309.86,1714967160000,2,,0,,0,0,0,0,0,false
,3,2309.7367,0,2309.1,2310.66,2310.66,2309.1,1714967220000,3,,0,,0,0,0,0,0,false
,2,2311.01,0,2310.96,2311.06,2311.06,2310.96,1714967280000,2,,0,,0,0,0,0,0,false
,2,2310.705,0,2310.25,2311.16,2311.16,2310.25,1714967340000,2,,0,,0,0,0,0,0,false
,3,2311.1433,0,2311.76,2311.56,2311.76,2310.11,1714967400000,3,,0,,0,0,0,0,0,false
,2,2311.21,0,2311.26,2311.16,2311.26,2311.16,1714967460000,2,,0,,0,0,0,0,0,false
,3,2311.0933,0,2311.06,2310.96,2311.26,2310.96,1714967520000,3,,0,,0,0,0,0,0,false
,3,2310.5733,0,2310.96,2310.66,2310.96,2310.1,1714967580000,3,,0,,0,0,0,0,0,false
,3,2310.5933,0,2310.96,2310.36,2310.96,2310.36,1714967640000,3,,0,,0,0,0,0,0,false
,3,2310.4267,0,2310.36,2310.46,2310.46,2310.36,1714967700000,3,,0,,0,0,0,0,0,false
,2,2310.31,0,2310.26,2310.36,2310.36,2310.26,1714967760000,2,,0,,0,0,0,0,0,false
,3,2309.8267,0,2309.76,2309.46,2310.26,2309.46,1714967820000,3,,0,,0,0,0,0,0,false
,1,2309.16,0,2309.16,2309.16,2309.16,2309.16,1714967880000,1,,0,,0,0,0,0,0,false
,3,2309.31,0,2309.71,2309.06,2309.71,2309.06,1714967940000,3,,0,,0,0,0,0,0,false
,2,2309.36,0,2309.46,2309.26,2309.46,2309.26,1714969560000,2,,0,,0,0,0,0,0,false
,3,2309.1933,0,2309.16,2308.96,2309.46,2308.96,1714969620000,3,,0,,0,0,0,0,0,false
,2,2309.31,0,2309.36,2309.26,2309.36,2309.26,1714969680000,2,,0,,0,0,0,0,0,false
,3,2309.1933,0,2308.96,2309.26,2309.36,2308.96,1714969740000,3,,0,,0,0,0,0,0,false
,3,2309.2933,0,2309.26,2309.26,2309.36,2309.26,1714969800000,3,,0,,0,0,0,0,0,false
,2,2309.66,0,2309.56,2309.76,2309.76,2309.56,1714969860000,2,,0,,0,0,0,0,0,false
,3,2309.6267,0,2309.66,2309.66,2309.66,2309.56,1714969920000,3,,0,,0,0,0,0,0,false
,2,2309.96,0,2309.76,2310.16,2310.16,2309.76,1714969980000,2,,0,,0,0,0,0,0,false
,3,2310.46,0,2309.66,2310.76,2310.96,2309.66,1714970040000,3,,0,,0,0,0,0,0,false
,3,2310.4933,0,2310.76,2310.16,2310.76,2310.16,1714970100000,3,,0,,0,0,0,0,0,false
,2,2310.66,0,2310.56,2310.76,2310.76,2310.56,1714970160000,2,,0,,0,0,0,0,0,false
,3,2310.5533,0,2310.66,2310.36,2310.66,2310.36,1714970220000,3,,0,,0,0,0,0,0,false
,2,2309.81,0,2310.06,2309.56,2310.06,2309.56,1714970280000,2,,0,,0,0,0,0,0,false
,3,2309.8267,0,2310.36,2309.56,2310.36,2309.56,1714970340000,3,,0,,0,0,0,0,0,false
,3,2309.4267,0,2309.46,2309.56,2309.56,2309.26,1714970400000,3,,0,,0,0,0,0,0,false
,3,2308.8733,0,2308.4,2309.06,2309.16,2308.4,1714970460000,3,,0,,0,0,0,0,0,false
,3,2309.06,0,2309.06,2308.96,2309.16,2308.96,1714970520000,3,,0,,0,0,0,0,0,false
,1,2308.76,0,2308.76,2308.76,2308.76,2308.76,1714970580000,1,,0,,0,0,0,0,0,false
,3,2308.8933,0,2308.96,2308.86,2308.96,2308.86,1714970640000,3,,0,,0,0,0,0,0,false
,2,2308.805,0,2308.86,2308.75,2308.86,2308.75,1714970700000,2,,0,,0,0,0,0,0,false
,3,2308.7067,0,2308.5,2308.76,2308.86,2308.5,1714970760000,3,,0,,0,0,0,0,0,false
,3,2308.7233,0,2308.66,2308.66,2308.85,2308.66,1714970820000,3,,0,,0,0,0,0,0,false
,2,2308.71,0,2308.66,2308.76,2308.76,2308.66,1714970880000,2,,0,,0,0,0,0,0,false
,3,2308.66,0,2308.66,2308.66,2308.66,2308.66,1714970940000,3,,0,,0,0,0,0,0,false
,3,2308.7933,0,2308.76,2308.66,2308.96,2308.66,1714971000000,3,,0,,0,0,0,0,0,false
,2,2309.31,0,2309.26,2309.36,2309.36,2309.26,1714971060000,2,,0,,0,0,0,0,0,false
,3,2309.46,0,2309.56,2309.56,2309.56,2309.26,1714971120000,3,,0,,0,0,0,0,0,false
,1,2309.56,0,2309.56,2309.56,2309.56,2309.56,1714971180000,1,,0,,0,0,0,0,0,false
,3,2309.5233,0,2309.35,2309.66,2309.66,2309.35,1714971240000,3,,0,,0,0,0,0,0,false
,3,2309.4933,0,2309.56,2309.66,2309.66,2309.26,1714971300000,3,,0,,0,0,0,0,0,false
,2,2308.91,0,2308.96,2308.86,2308.96,2308.86,1714971360000,2,,0,,0,0,0,0,0,false
,3,2308.86,0,2308.86,2308.76,2308.96,2308.76,1714971420000,3,,0,,0,0,0,0,0,false
,1,2308.56,0,2308.56,2308.56,2308.56,2308.56,1714971480000,1,,0,,0,0,0,0,0,false
,3,2308.8933,0,2308.76,2309.06,2309.06,2308.76,1714971540000,3,,0,,0,0,0,0,0,false
,2,2309.16,0,2309.16,2309.16,2309.16,2309.16,1714971600000,2,,0,,0,0,0,0,0,false
,3,2308.9167,0,2309.06,2308.76,2309.06,2308.76,1714971660000,3,,0,,0,0,0,0,0,false
,3,2309.05,0,2308.86,2309.36,2309.36,2308.86,1714971720000,3,,0,,0,0,0,0,0,false
,2,2309.56,0,2309.36,2309.76,2309.76,2309.36,1714971780000,2,,0,,0,0,0,0,0,false
,2,2310.06,0,2310.06,2310.06,2310.06,2310.06,1714971840000,2,,0,,0,0,0,0,0,false
,2,2310.01,0,2310.16,2309.86,2310.16,2309.86,1714971900000,2,,0,,0,0,0,0,0,false
,4,2310.0175,0,2310.35,2310.16,2310.35,2309.3,1714971960000,4,,0,,0,0,0,0,0,false
,3,2310.7933,0,2310.76,2311.36,2311.36,2310.26,1714972020000,3,,0,,0,0,0,0,0,false
,2,2311.41,0,2311.56,2311.26,2311.56,2311.26,1714972080000,2,,0,,0,0,0,0,0,false
,3,2311.8367,0,2312.56,2311.66,2312.56,2311.29,1714972140000,3,,0,,0,0,0,0,0,false
,2,2311.06,0,2311.16,2310.96,2311.16,2310.96,1714972200000,2,,0,,0,0,0,0,0,false
,3,2310.98,0,2311.32,2310.66,2311.32,2310.66,1714972260000,3,,0,,0,0,0,0,0,false
,3,2311.16,0,2310.46,2312.06,2312.06,2310.46,1714972320000,3,,0,,0,0,0,0,0,false
,3,2310.4733,0,2310.76,2310.86,2310.86,2309.8,1714972380000,3,,0,,0,0,0,0,0,false
,3,2311.2033,0,2311.86,2311.26,2311.86,2310.49,1714972440000,3,,0,,0,0,0,0,0,false
,2,2311.06,0,2311.26,2310.86,2311.26,2310.86,1714972500000,2,,0,,0,0,0,0,0,false
,3,2311.16,0,2311.26,2311.06,2311.26,2311.06,1714972560000,3,,0,,0,0,0,0,0,false
,3,2311.2267,0,2311.16,2311.36,2311.36,2311.16,1714972620000,3,,0,,0,0,0,0,0,false
,2,2311.61,0,2311.46,2311.76,2311.76,2311.46,1714972680000,2,,0,,0,0,0,0,0,false
,3,2311.2933,0,2311.26,2311.16,2311.46,2311.16,1714972740000,3,,0,,0,0,0,0,0,false
,2,2311.81,0,2311.76,2311.86,2311.86,2311.76,1714972800000,2,,0,,0,0,0,0,0,false
,3,2311.4933,0,2311.16,2311.76,2311.76,2311.16,1714972860000,3,,0,,0,0,0,0,0,false
,4,2311.12,0,2311.36,2311.16,2311.56,2310.4,1714972920000,4,,0,,0,0,0,0,0,false
,3,2310.7733,0,2310.3,2310.86,2311.16,2310.3,1714972980000,3,,0,,0,0,0,0,0,false
,3,2310.8933,0,2310.66,2310.86,2311.16,2310.66,1714973040000,3,,0,,0,0,0,0,0,false
,2,2310.91,0,2310.86,2310.96,2310.96,2310.86,1714973100000,2,,0,,0,0,0,0,0,false
,4,2310.745,0,2310.86,2311.06,2311.06,2310.1,1714973160000,4,,0,,0,0,0,0,0,false
,3,2310.8933,0,2310.76,2310.96,2310.96,2310.76,1714973220000,3,,0,,0,0,0,0,0,false
,1,2310.76,0,2310.76,2310.76,2310.76,2310.76,1714973280000,1,,0,,0,0,0,0,0,false
,3,2310.76,0,2310.86,2310.66,2310.86,2310.66,1714973340000,3,,0,,0,0,0,0,0,false
,2,2311.26,0,2311.36,2311.16,2311.36,2311.16,1714973400000,2,,0,,0,0,0,0,0,false
,3,2310.96,0,2310.66,2310.86,2311.36,2310.66,1714973460000,3,,0,,0,0,0,0,0,false
,3,2311.4267,0,2311.06,2311.86,2311.86,2311.06,1714973520000,3,,0,,0,0,0,0,0,false
,2,2311.33,0,2311.76,2310.9,2311.76,2310.9,1714973580000,2,,0,,0,0,0,0,0,false
,3,2311.5367,0,2311.96,2311.56,2311.96,2311.09,1714973640000,3,,0,,0,0,0,0,0,false
,2,2311.31,0,2311.96,2310.66,2311.96,2310.66,1714973700000,2,,0,,0,0,0,0,0,false
,3,2311.26,0,2311.56,2310.86,2311.56,2310.86,1714973760000,3,,0,,0,0,0,0,0,false
,3,2310.96,0,2310.66,2310.86,2311.36,2310.66,1714973820000,3,,0,,0,0,0,0,0,false
,2,2310.96,0,2310.96,2310.96,2310.96,2310.96,1714973880000,2,,0,,0,0,0,0,0,false
,3,2310.8933,0,2310.56,2311.16,2311.16,2310.56,1714973940000,3,,0,,0,0,0,0,0,false
,2,2311.61,0,2311.66,2311.56,2311.66,2311.56,1714974000000,2,,0,,0,0,0,0,0,false
,3,2311.7633,0,2310.97,2312.36,2312.36,2310.97,1714974060000,3,,0,,0,0,0,0,0,false
,2,2311.86,0,2312.16,2311.56,2312.16,2311.56,1714974120000,2,,0,,0,0,0,0,0,false
,1,2311.76,0,2311.76,2311.76,2311.76,2311.76,1714974180000,1,,0,,0,0,0,0,0,false
,3,2312.0767,0,2312.36,2312.66,2312.66,2311.21,1714974240000,3,,0,,0,0,0,0,0,false
,1,2312.86,0,2312.86,2312.86,2312.86,2312.86,1714974300000,1,,0,,0,0,0,0,0,false
,3,2312.6267,0,2312.66,2312.56,2312.66,2312.56,1714974360000,3,,0,,0,0,0,0,0,false
,4,2312.32,0,2312.46,2312.66,2312.66,2311.5,1714974420000,4,,0,,0,0,0,0,0,false
,2,2312.31,0,2312.36,2312.26,2312.36,2312.26,1714974480000,2,,0,,0,0,0,0,0,false
,3,2312.26,0,2312.26,2312.16,2312.36,2312.16,1714974540000,3,,0,,0,0,0,0,0,false
,2,2312.71,0,2312.66,2312.76,2312.76,2312.66,1714974600000,2,,0,,0,0,0,0,0,false
,3,2311.9933,0,2312.16,2311.76,2312.16,2311.76,1714974660000,3,,0,,0,0,0,0,0,false
,3,2312.3533,0,2312.06,2312.56,2312.56,2312.06,1714974720000,3,,0,,0,0,0,0,0,false
,2,2313.41,0,2313.16,2313.66,2313.66,2313.16,1714974780000,2,,0,,0,0,0,0,0,false
,3,2312.89,0,2313.46,2313.06,2313.46,2312.15,1714974840000,3,,0,,0,0,0,0,0,false
,2,2312.61,0,2312.76,2312.46,2312.76,2312.46,1714974900000,2,,0,,0,0,0,0,0,false
,3,2312.68,0,2313.02,2312.76,2313.02,2312.26,1714974960000,3,,0,,0,0,0,0,0,false
,3,2312.3933,0,2312.76,2312.16,2312.76,2312.16,1714975020000,3,,0,,0,0,0,0,0,false
,2,2312.71,0,2312.06,2313.36,2313.36,2312.06,1714975080000,2,,0,,0,0,0,0,0,false
,3,2312.6267,0,2312.96,2312.86,2312.96,2312.06,1714975140000,3,,0,,0,0,0,0,0,false
,2,2313.46,0,2313.46,2313.46,2313.46,2313.46,1714975200000,2,,0,,0,0,0,0,0,false
,3,2312.9267,0,2312.46,2313.16,2313.16,2312.46,1714975260000,3,,0,,0,0,0,0,0,false
,3,2313.0767,0,2313.26,2313.26,2313.26,2312.71,1714975320000,3,,0,,0,0,0,0,0,false
,2,2312.96,0,2312.96,2312.96,2312.96,2312.96,1714975380000,2,,0,,0,0,0,0,0,false
,3,2312.9233,0,2312.96,2312.56,2313.25,2312.56,1714975440000,3,,0,,0,0,0,0,0,false
,2,2312.21,0,2312.56,2311.86,2312.56,2311.86,1714975500000,2,,0,,0,0,0,0,0,false
,3,2312.1567,0,2312.95,2311.66,2312.95,2311.66,1714975560000,3,,0,,0,0,0,0,0,false
,3,2311.86,0,2312.06,2311.86,2312.06,2311.66,1714975620000,3,,0,,0,0,0,0,0,false
,2,2312.51,0,2312.46,2312.56,2312.56,2312.46,1714975680000,2,,0,,0,0,0,0,0,false
,3,2312.5667,0,2312.76,2312.76,2312.76,2312.18,1714975740000,3,,0,,0,0,0,0,0,false
,2,2313.36,0,2313.66,2313.06,2313.66,2313.06,1714975800000,2,,0,,0,0,0,0,0,false
,3,2312.9267,0,2312.76,2312.96,2313.06,2312.76,1714975860000,3,,0,,0,0,0,0,0,false
,3,2312.9933,0,2312.86,2312.96,2313.16,2312.86,1714975920000,3,,0,,0,0,0,0,0,false
,2,2312.66,0,2312.56,2312.76,2312.76,2312.56,1714975980000,2,,0,,0,0,0,0,0,false
,3,2312.92,0,2312.96,2312.96,2312.96,2312.84,1714976040000,3,,0,,0,0,0,0,0,false
,2,2313.41,0,2313.46,2313.36,2313.46,2313.36,1714976100000,2,,0,,0,0,0,0,0,false
,3,2313.56,0,2312.96,2313.66,2314.06,2312.96,1714976160000,3,,0,,0,0,0,0,0,false
,3,2313.66,0,2313.66,2313.66,2313.66,2313.66,1714976220000,3,,0,,0,0,0,0,0,false
,2,2313.51,0,2313.56,2313.46,2313.56,2313.46,1714976280000,2,,0,,0,0,0,0,0,false
,3,2313.46,0,2313.36,2313.46,2313.56,2313.36,1714976340000,3,,0,,0,0,0,0,0,false
,2,2313.61,0,2313.76,2313.46,2313.76,2313.46,1714976400000,2,,0,,0,0,0,0,0,false
,2,2313.91,0,2313.76,2314.06,2314.06,2313.76,1714976460000,2,,0,,0,0,0,0,0,false
,2,2314.06,0,2314.36,2313.76,2314.36,2313.76,1714976520000,2,,0,,0,0,0,0,0,false
,2,2314.11,0,2314.26,2313.96,2314.26,2313.96,1714976580000,2,,0,,0,0,0,0,0,false
,3,2313.96,0,2313.86,2313.76,2314.26,2313.76,1714976640000,3,,0,,0,0,0,0,0,false
,2,2313.41,0,2313.56,2313.26,2313.56,2313.26,1714976700000,2,,0,,0,0,0,0,0,false
,3,2313.5267,0,2313.76,2313.76,2313.76,2313.06,1714976760000,3,,0,,0,0,0,0,0,false
,3,2313.5967,0,2313.66,2313.07,2314.06,2313.07,1714976820000,3,,0,,0,0,0,0,0,false
,2,2314.06,0,2314.06,2314.06,2314.06,2314.06,1714976880000,2,,0,,0,0,0,0,0,false
,3,2313.3833,0,2313.66,2313.68,2313.68,2312.81,1714976940000,3,,0,,0,0,0,0,0,false
,2,2313.665,0,2313.54,2313.79,2313.79,2313.54,1714977000000,2,,0,,0,0,0,0,0,false
,3,2313.8267,0,2313.54,2314.04,2314.04,2313.54,1714977060000,3,,0,,0,0,0,0,0,false
,3,2313.8833,0,2313.9,2314.04,2314.04,2313.71,1714977120000,3,,0,,0,0,0,0,0,false
,2,2313.76,0,2313.69,2313.83,2313.83,2313.69,1714977180000,2,,0,,0,0,0,0,0,false
,3,2313.63,0,2313.62,2313.58,2313.69,2313.58,1714977240000,3,,0,,0,0,0,0,0,false
,2,2313.775,0,2313.39,2314.16,2314.16,2313.39,1714977300000,2,,0,,0,0,0,0,0,false
,3,2314.1367,0,2313.58,2314.37,2314.46,2313.58,1714977360000,3,,0,,0,0,0,0,0,false
,3,2314.2567,0,2314.55,2313.79,2314.55,2313.79,1714977420000,3,,0,,0,0,0,0,0,false
,2,2314.225,0,2314.17,2314.28,2314.28,2314.17,1714977480000,2,,0,,0,0,0,0,0,false
,3,2314.19,0,2314.16,2314.24,2314.24,2314.16,1714977540000,3,,0,,0,0,0,0,0,false
,2,2314.155,0,2314.14,2314.17,2314.17,2314.14,1714977600000,2,,0,,0,0,0,0,0,false
,3,2313.97,0,2314.24,2313.69,2314.24,2313.69,1714977660000,3,,0,,0,0,0,0,0,false
,3,2313.5333,0,2313.4,2313.69,2313.69,2313.4,1714977720000,3,,0,,0,0,0,0,0,false
,2,2313.225,0,2313.32,2313.13,2313.32,2313.13,1714977780000,2,,0,,0,0,0,0,0,false
,3,2313.0133,0,2312.94,2312.78,2313.32,2312.78,1714977840000,3,,0,,0,0,0,0,0,false
,2,2313.255,0,2313.25,2313.26,2313.26,2313.25,1714977900000,2,,0,,0,0,0,0,0,false
,3,2312.9533,0,2312.78,2312.92,2313.16,2312.78,1714977960000,3,,0,,0,0,0,0,0,false
,2,2313.155,0,2313,2313.31,2313.31,2313,1714978020000,2,,0,,0,0,0,0,0,false
,3,2312.99,0,2312.92,2313.03,2313.03,2312.92,1714978080000,3,,0,,0,0,0,0,0,false
,3,2313.08,0,2312.99,2313.22,2313.22,2312.99,1714978140000,3,,0,,0,0,0,0,0,false
,3,2312.57,0,2312.97,2312.74,2312.97,2312,1714978200000,3,,0,,0,0,0,0,0,false
,3,2312.8933,0,2313.22,2312.81,2313.22,2312.65,1714978260000,3,,0,,0,0,0,0,0,false
,1,2313.73,0,2313.73,2313.73,2313.73,2313.73,1714978320000,1,,0,,0,0,0,0,0,false
,3,2313.4967,0,2312.81,2313.93,2313.93,2312.81,1714978380000,3,,0,,0,0,0,0,0,false
,3,2314.0933,0,2314.24,2314.52,2314.52,2313.52,1714978440000,3,,0,,0,0,0,0,0,false
,2,2314.27,0,2314.42,2314.12,2314.42,2314.12,1714978500000,2,,0,,0,0,0,0,0,false
,3,2314.1567,0,2314.52,2314.09,2314.52,2313.86,1714978560000,3,,0,,0,0,0,0,0,false
,2,2314.455,0,2314.43,2314.48,2314.48,2314.43,1714978620000,2,,0,,0,0,0,0,0,false
,3,2313.9733,0,2314.09,2313.85,2314.09,2313.85,1714978680000,3,,0,,0,0,0,0,0,false
,3,2313.9667,0,2313.7,2314.04,2314.16,2313.7,1714978740000,3,,0,,0,0,0,0,0,false
,2,2313.905,0,2313.63,2314.18,2314.18,2313.63,1714978800000,2,,0,,0,0,0,0,0,false
,3,2313.7467,0,2313.71,2313.65,2313.88,2313.65,1714978860000,3,,0,,0,0,0,0,0,false
,2,2313.695,0,2313.83,2313.56,2313.83,2313.56,1714978920000,2,,0,,0,0,0,0,0,false
,3,2313.8,0,2313.65,2314.02,2314.02,2313.65,1714978980000,3,,0,,0,0,0,0,0,false
,3,2313.7067,0,2313.68,2313.71,2313.73,2313.68,1714979040000,3,,0,,0,0,0,0,0,false
,2,2314.28,0,2314.12,2314.44,2314.44,2314.12,1714979100000,2,,0,,0,0,0,0,0,false
,3,2313.8533,0,2313.71,2313.74,2314.11,2313.71,1714979160000,3,,0,,0,0,0,0,0,false
,2,2313.46,0,2313.37,2313.55,2313.55,2313.37,1714979220000,2,,0,,0,0,0,0,0,false
,2,2313.34,0,2313.24,2313.44,2313.44,2313.24,1714979280000,2,,0,,0,0,0,0,0,false
,3,2313.5533,0,2313.78,2313.64,2313.78,2313.24,1714979340000,3,,0,,0,0,0,0,0,false
,2,2314.15,0,2314.13,2314.17,2314.17,2314.13,1714979400000,2,,0,,0,0,0,0,0,false
,3,2314.14,0,2314.36,2314.12,2314.36,2313.94,1714979460000,3,,0,,0,0,0,0,0,false
,2,2313.74,0,2313.87,2313.61,2313.87,2313.61,1714979520000,2,,0,,0,0,0,0,0,false
,3,2313.4533,0,2314.12,2313.1,2314.12,2313.1,1714979580000,3,,0,,0,0,0,0,0,false
,3,2312.8533,0,2312.42,2312.85,2313.29,2312.42,1714979640000,3,,0,,0,0,0,0,0,false
,2,2313.175,0,2313.42,2312.93,2313.42,2312.93,1714979700000,2,,0,,0,0,0,0,0,false
,3,2313.06,0,2313.15,2312.88,2313.15,2312.88,1714979760000,3,,0,,0,0,0,0,0,false
,2,2313.02,0,2312.98,2313.06,2313.06,2312.98,1714979820000,2,,0,,0,0,0,0,0,false
,3,2312.89,0,2312.88,2312.58,2313.21,2312.58,1714979880000,3,,0,,0,0,0,0,0,false
,3,2313.4733,0,2313.6,2313.61,2313.61,2313.21,1714979940000,3,,0,,0,0,0,0,0,false
,2,2313.38,0,2313.5,2313.26,2313.5,2313.26,1714980000000,2,,0,,0,0,0,0,0,false
,3,2313.3667,0,2312.9,2313.7,2313.7,2312.9,1714980060000,3,,0,,0,0,0,0,0,false
,2,2314.095,0,2314,2314.19,2314.19,2314,1714980120000,2,,0,,0,0,0,0,0,false
,3,2313.9233,0,2313.33,2314.13,2314.31,2313.33,1714980180000,3,,0,,0,0,0,0,0,false
,3,2314.5933,0,2314.73,2314.74,2314.74,2314.31,1714980240000,3,,0,,0,0,0,0,0,false
,2,2314.805,0,2314.72,2314.89,2314.89,2314.72,1714980300000,2,,0,,0,0,0,0,0,false
,3,2315.0867,0,2314.89,2315.65,2315.65,2314.72,1714980360000,3,,0,,0,0,0,0,0,false
,2,2315.795,0,2315.51,2316.08,2316.08,2315.51,1714980420000,2,,0,,0,0,0,0,0,false
,3,2315.94,0,2314.9,2316.44,2316.48,2314.9,1714980480000,3,,0,,0,0,0,0,0,false
,3,2316.1767,0,2316.43,2316.65,2316.65,2315.45,1714980540000,3,,0,,0,0,0,0,0,false
,2,2316.68,0,2316.49,2316.87,2316.87,2316.49,1714980600000,2,,0,,0,0,0,0,0,false
,3,2316.3767,0,2316.31,2316.33,2316.49,2316.31,1714980660000,3,,0,,0,0,0,0,0,false
,2,2316.74,0,2316.68,2316.8,2316.8,2316.68,1714980720000,2,,0,,0,0,0,0,0,false
,3,2316.8567,0,2316.33,2317.37,2317.37,2316.33,1714980780000,3,,0,,0,0,0,0,0,false
,3,2318.0467,0,2318.44,2318.83,2318.83,2316.87,1714980840000,3,,0,,0,0,0,0,0,false
,2,2318.59,0,2319.04,2318.14,2319.04,2318.14,1714980900000,2,,0,,0,0,0,0,0,false
,3,2317.6033,0,2317.91,2317.59,2317.91,2317.31,1714980960000,3,,0,,0,0,0,0,0,false
,2,2317.75,0,2317.68,2317.82,2317.82,2317.68,1714981020000,2,,0,,0,0,0,0,0,false
,3,2317.9633,0,2317.9,2317.94,2318.05,2317.9,1714981080000,3,,0,,0,0,0,0,0,false
,3,2319.3033,0,2318.94,2320.92,2320.92,2318.05,1714981140000,3,,0,,0,0,0,0,0,false
,2,2322.96,0,2323.45,2322.47,2323.45,2322.47,1714981200000,2,,0,,0,0,0,0,0,false
,3,2321.29,0,2322.73,2322.49,2322.73,2318.65,1714981260000,3,,0,,0,0,0,0,0,false
,2,2322.58,0,2322.57,2322.59,2322.59,2322.57,1714981320000,2,,0,,0,0,0,0,0,false
,3,2322.6033,0,2322.49,2322.78,2322.78,2322.49,1714981380000,3,,0,,0,0,0,0,0,false
,3,2322.8467,0,2322.89,2323.11,2323.11,2322.54,1714981440000,3,,0,,0,0,0,0,0,false
,2,2323.18,0,2323.56,2322.8,2323.56,2322.8,1714981500000,2,,0,,0,0,0,0,0,false
,3,2322.9933,0,2323.02,2322.41,2323.55,2322.41,1714981560000,3,,0,,0,0,0,0,0,false
,2,2322.12,0,2322.26,2321.98,2322.26,2321.98,1714981620000,2,,0,,0,0,0,0,0,false
,3,2322.0067,0,2322.41,2321.61,2322.41,2321.61,1714981680000,3,,0,,0,0,0,0,0,false
,3,2322.2133,0,2322.28,2322.36,2322.36,2322,1714981740000,3,,0,,0,0,0,0,0,false
,2,2321.52,0,2321.53,2321.51,2321.53,2321.51,1714981800000,2,,0,,0,0,0,0,0,false
,3,2321.7,0,2321.66,2321.91,2321.91,2321.53,1714981860000,3,,0,,0,0,0,0,0,false
,2,2321.815,0,2321.7,2321.93,2321.93,2321.7,1714981920000,2,,0,,0,0,0,0,0,false
,3,2322.0267,0,2321.91,2321.92,2322.25,2321.91,1714981980000,3,,0,,0,0,0,0,0,false
,3,2321.9033,0,2321.64,2321.84,2322.23,2321.64,1714982040000,3,,0,,0,0,0,0,0,false
,2,2321.45,0,2321.78,2321.12,2321.78,2321.12,1714982100000,2,,0,,0,0,0,0,0,false
,3,2321.77,0,2321.84,2321.69,2321.84,2321.69,1714982160000,3,,0,,0,0,0,0,0,false
,2,2322.555,0,2322.51,2322.6,2322.6,2322.51,1714982220000,2,,0,,0,0,0,0,0,false
,3,2322.5167,0,2321.69,2323.08,2323.08,2321.69,1714982280000,3,,0,,0,0,0,0,0,false
,3,2322.66,0,2322.37,2323.07,2323.07,2322.37,1714982340000,3,,0,,0,0,0,0,0,false
,2,2322.11,0,2322.75,2321.47,2322.75,2321.47,1714982400000,2,,0,,0,0,0,0,0,false
,3,2321.8033,0,2321.49,2321.17,2322.75,2321.17,1714982460000,3,,0,,0,0,0,0,0,false
,2,2321.03,0,2321.02,2321.04,2321.04,2321.02,1714982520000,2,,0,,0,0,0,0,0,false
,3,2321.3033,0,2321.17,2321.3,2321.44,2321.17,1714982580000,3,,0,,0,0,0,0,0,false
,3,2321.31,0,2321.2,2321.33,2321.4,2321.2,1714982640000,3,,0,,0,0,0,0,0,false
,3,2320.6,0,2320.97,2320.43,2320.97,2320.4,1714982700000,3,,0,,0,0,0,0,0,false
,3,2320.8433,0,2320.65,2320.87,2321.01,2320.65,1714982760000,3,,0,,0,0,0,0,0,false
,2,2320.95,0,2320.9,2321,2321,2320.9,1714982820000,2,,0,,0,0,0,0,0,false
,3,2320.8533,0,2320.41,2321.25,2321.25,2320.41,1714982880000,3,,0,,0,0,0,0,0,false
,2,2320.97,0,2321.43,2320.51,2321.43,2320.51,1714982940000,2,,0,,0,0,0,0,0,false
,2,2321,0,2321.02,2320.98,2321.02,2320.98,1714983000000,2,,0,,0,0,0,0,0,false
,3,2321.3233,0,2321.56,2321.39,2321.56,2321.02,1714983060000,3,,0,,0,0,0,0,0,false
,2,2321.085,0,2320.91,2321.26,2321.26,2320.91,1714983120000,2,,0,,0,0,0,0,0,false
,3,2321.14,0,2321.39,2320.83,2321.39,2320.83,1714983180000,3,,0,,0,0,0,0,0,false
,3,2320.7033,0,2320.4,2321.19,2321.19,2320.4,1714983240000,3,,0,,0,0,0,0,0,false
,2,2319.595,0,2319.96,2319.23,2319.96,2319.23,1714983300000,2,,0,,0,0,0,0,0,false
,3,2319.32,0,2318.97,2318.93,2320.06,2318.93,1714983360000,3,,0,,0,0,0,0,0,false
,2,2319.815,0,2319.77,2319.86,2319.86,2319.77,1714983420000,2,,0,,0,0,0,0,0,false
,3,2319.5867,0,2318.93,2319.76,2320.07,2318.93,1714983480000,3,,0,,0,0,0,0,0,false
,4,2319.31,0,2319.65,2319.26,2319.73,2318.6,1714983540000,4,,0,,0,0,0,0,0,false
,2,2319.885,0,2319.56,2320.21,2320.21,2319.56,1714983600000,2,,0,,0,0,0,0,0,false
,3,2320.1967,0,2320.76,2320.15,2320.76,2319.68,1714983660000,3,,0,,0,0,0,0,0,false
,2,2320.395,0,2320.43,2320.36,2320.43,2320.36,1714983720000,2,,0,,0,0,0,0,0,false
,2,2320.825,0,2321.11,2320.54,2321.11,2320.54,1714983780000,2,,0,,0,0,0,0,0,false
,3,2320.6267,0,2320.44,2320.54,2320.9,2320.44,1714983840000,3,,0,,0,0,0,0,0,false
,2,2320.84,0,2320.94,2320.74,2320.94,2320.74,1714983900000,2,,0,,0,0,0,0,0,false
,3,2320.9633,0,2321.12,2321.28,2321.28,2320.49,1714983960000,3,,0,,0,0,0,0,0,false
,2,2321.08,0,2321.26,2320.9,2321.26,2320.9,1714984020000,2,,0,,0,0,0,0,0,false
,3,2321.1133,0,2321.28,2321.1,2321.28,2320.96,1714984080000,3,,0,,0,0,0,0,0,false
,3,2321.05,0,2321.03,2321.1,2321.1,2321.02,1714984140000,3,,0,,0,0,0,0,0,false
,2,2320.605,0,2320.77,2320.44,2320.77,2320.44,1714984200000,2,,0,,0,0,0,0,0,false
,3,2320.4,0,2320.58,2319.85,2320.77,2319.85,1714984260000,3,,0,,0,0,0,0,0,false
,2,2319.765,0,2319.81,2319.72,2319.81,2319.72,1714984320000,2,,0,,0,0,0,0,0,false
,3,2320.1833,0,2320.57,2319.99,2320.57,2319.99,1714984380000,3,,0,,0,0,0,0,0,false
,2,2319.905,0,2320.18,2319.63,2320.18,2319.63,1714984440000,2,,0,,0,0,0,0,0,false
,3,2319.5933,0,2319.99,2319.49,2319.99,2319.3,1714984500000,3,,0,,0,0,0,0,0,false
,3,2319.2633,0,2319.01,2319.25,2319.53,2319.01,1714984560000,3,,0,,0,0,0,0,0,false
,2,2318.805,0,2318.82,2318.79,2318.82,2318.79,1714984620000,2,,0,,0,0,0,0,0,false
,3,2318.8967,0,2319.25,2318.72,2319.25,2318.72,1714984680000,3,,0,,0,0,0,0,0,false
,2,2318.61,0,2318.67,2318.55,2318.67,2318.55,1714984740000,2,,0,,0,0,0,0,0,false
,3,2318.19,0,2318.72,2317.63,2318.72,2317.63,1714984800000,3,,0,,0,0,0,0,0,false
,3,2318.2067,0,2317.98,2318.41,2318.41,2317.98,1714984860000,3,,0,,0,0,0,0,0,false
,2,2318.655,0,2318.64,2318.67,2318.67,2318.64,1714984920000,2,,0,,0,0,0,0,0,false
,2,2318.4,0,2318.5,2318.3,2318.5,2318.3,1714984980000,2,,0,,0,0,0,0,0,false
,2,2318.35,0,2318.38,2318.32,2318.38,2318.32,1714985040000,2,,0,,0,0,0,0,0,false
,3,2318.2933,0,2318.3,2318.41,2318.41,2318.17,1714985100000,3,,0,,0,0,0,0,0,false
,3,2318.2533,0,2318.31,2318.28,2318.31,2318.17,1714985160000,3,,0,,0,0,0,0,0,false
,2,2318.195,0,2318.08,2318.31,2318.31,2318.08,1714985220000,2,,0,,0,0,0,0,0,false
,3,2318.0333,0,2318.28,2317.86,2318.28,2317.86,1714985280000,3,,0,,0,0,0,0,0,false
,2,2317.84,0,2317.63,2318.05,2318.05,2317.63,1714985340000,2,,0,,0,0,0,0,0,false
,3,2318,0,2317.86,2318.05,2318.09,2317.86,1714985400000,3,,0,,0,0,0,0,0,false
,3,2318.0733,0,2318.03,2318.24,2318.24,2317.95,1714985460000,3,,0,,0,0,0,0,0,false
,2,2318.01,0,2318.13,2317.89,2318.13,2317.89,1714985520000,2,,0,,0,0,0,0,0,false
,3,2317.7567,0,2318.24,2317.28,2318.24,2317.28,1714985580000,3,,0,,0,0,0,0,0,false
,2,2317.81,0,2317.77,2317.85,2317.85,2317.77,1714985640000,2,,0,,0,0,0,0,0,false
,3,2317.73,0,2317.74,2317.65,2317.8,2317.65,1714985700000,3,,0,,0,0,0,0,0,false
,3,2317.73,0,2317.65,2317.74,2317.8,2317.65,1714985760000,3,,0,,0,0,0,0,0,false
,2,2318.15,0,2318.05,2318.25,2318.25,2318.05,1714985820000,2,,0,,0,0,0,0,0,false
,4,2318.1275,0,2317.74,2318.39,2318.68,2317.7,1714985880000,4,,0,,0,0,0,0,0,false
,2,2318.2,0,2318.41,2317.99,2318.41,2317.99,1714985940000,2,,0,,0,0,0,0,0,false
,3,2318.1567,0,2318.39,2318.16,2318.39,2317.92,1714986000000,3,,0,,0,0,0,0,0,false
,3,2317.83,0,2317.81,2317.76,2317.92,2317.76,1714986060000,3,,0,,0,0,0,0,0,false
,2,2317.07,0,2317.12,2317.02,2317.12,2317.02,1714986120000,2,,0,,0,0,0,0,0,false
,3,2317.3633,0,2317.76,2317.36,2317.76,2316.97,1714986180000,3,,0,,0,0,0,0,0,false
,2,2317.41,0,2317.46,2317.36,2317.46,2317.36,1714986240000,2,,0,,0,0,0,0,0,false
,3,2317.4867,0,2316.98,2317.68,2317.8,2316.98,1714986300000,3,,0,,0,0,0,0,0,false
,3,2317.5867,0,2317.57,2317.39,2317.8,2317.39,1714986360000,3,,0,,0,0,0,0,0,false
,2,2317.67,0,2317.46,2317.88,2317.88,2317.46,1714986420000,2,,0,,0,0,0,0,0,false
,3,2317.8,0,2317.39,2318.07,2318.07,2317.39,1714986480000,3,,0,,0,0,0,0,0,false
,2,2318.225,0,2318.05,2318.4,2318.4,2318.05,1714986540000,2,,0,,0,0,0,0,0,false
,3,2317.9267,0,2317.86,2317.72,2318.2,2317.72,1714986600000,3,,0,,0,0,0,0,0,false
,3,2317.9267,0,2317.8,2317.78,2318.2,2317.78,1714986660000,3,,0,,0,0,0,0,0,false
,2,2317.695,0,2317.73,2317.66,2317.73,2317.66,1714986720000,2,,0,,0,0,0,0,0,false
,3,2317.79,0,2317.68,2317.96,2317.96,2317.68,1714986780000,3,,0,,0,0,0,0,0,false
,2,2317.635,0,2317.83,2317.44,2317.83,2317.44,1714986840000,2,,0,,0,0,0,0,0,false
,3,2317.68,0,2317.96,2317.7,2317.96,2317.38,1714986900000,3,,0,,0,0,0,0,0,false
,3,2317.2967,0,2317.15,2317.36,2317.38,2317.15,1714986960000,3,,0,,0,0,0,0,0,false
,2,2317.12,0,2317.09,2317.15,2317.15,2317.09,1714987020000,2,,0,,0,0,0,0,0,false
,3,2317.0367,0,2317.13,2316.89,2317.13,2316.89,1714987080000,3,,0,,0,0,0,0,0,false
,2,2316.84,0,2316.8,2316.88,2316.88,2316.8,1714987140000,2,,0,,0,0,0,0,0,false
,3,2316.76,0,2316.89,2316.66,2316.89,2316.66,1714987200000,3,,0,,0,0,0,0,0,false
,3,2316.4967,0,2316.34,2316.42,2316.73,2316.34,1714987260000,3,,0,,0,0,0,0,0,false
,2,2316.46,0,2316.55,2316.37,2316.55,2316.37,1714987320000,2,,0,,0,0,0,0,0,false
,3,2315.97,0,2315.53,2315.83,2316.55,2315.53,1714987380000,3,,0,,0,0,0,0,0,false
,2,2316.42,0,2316.12,2316.72,2316.72,2316.12,1714987440000,2,,0,,0,0,0,0,0,false
,3,2316.8033,0,2315.83,2317.14,2317.44,2315.83,1714987500000,3,,0,,0,0,0,0,0,false
,3,2316.9467,0,2317.21,2317.48,2317.48,2316.15,1714987560000,3,,0,,0,0,0,0,0,false
,2,2317.93,0,2317.82,2318.04,2318.04,2317.82,1714987620000,2,,0,,0,0,0,0,0,false
,3,2317.52,0,2317.6,2317.92,2317.92,2317.04,1714987680000,3,,0,,0,0,0,0,0,false
,2,2318.17,0,2318.11,2318.23,2318.23,2318.11,1714987740000,2,,0,,0,0,0,0,0,false
,3,2317.9033,0,2317.92,2317.94,2317.94,2317.85,1714987800000,3,,0,,0,0,0,0,0,false
,3,2318.3867,0,2318.88,2318.43,2318.88,2317.85,1714987860000,3,,0,,0,0,0,0,0,false
,2,2318.35,0,2318.42,2318.28,2318.42,2318.28,1714987920000,2,,0,,0,0,0,0,0,false
,3,2318.0133,0,2317.66,2317.96,2318.42,2317.66,1714987980000,3,,0,,0,0,0,0,0,false
,2,2317.5,0,2317.37,2317.63,2317.63,2317.37,1714988040000,2,,0,,0,0,0,0,0,false
,3,2317.6933,0,2317.96,2317.56,2317.96,2317.56,1714988100000,3,,0,,0,0,0,0,0,false
,3,2317.36,0,2317.13,2317.39,2317.56,2317.13,1714988160000,3,,0,,0,0,0,0,0,false
,2,2317.24,0,2317.29,2317.19,2317.29,2317.19,1714988220000,2,,0,,0,0,0,0,0,false
,3,2317.1233,0,2317.19,2316.89,2317.29,2316.89,1714988280000,3,,0,,0,0,0,0,0,false
,2,2317.275,0,2316.99,2317.56,2317.56,2316.99,1714988340000,2,,0,,0,0,0,0,0,false
,3,2317.44,0,2316.89,2317.68,2317.75,2316.89,1714988400000,3,,0,,0,0,0,0,0,false
,3,2317.6,0,2317.66,2318.12,2318.12,2317.02,1714988460000,3,,0,,0,0,0,0,0,false
,2,2318.745,0,2318.62,2318.87,2318.87,2318.62,1714988520000,2,,0,,0,0,0,0,0,false
,2,2318.765,0,2318.81,2318.72,2318.81,2318.72,1714988580000,2,,0,,0,0,0,0,0,false
,2,2318.845,0,2318.95,2318.74,2318.95,2318.74,1714988640000,2,,0,,0,0,0,0,0,false
,3,2318.7567,0,2318.72,2318.71,2318.84,2318.71,1714988700000,3,,0,,0,0,0,0,0,false
,3,2319.3167,0,2319.22,2319.89,2319.89,2318.84,1714988760000,3,,0,,0,0,0,0,0,false
,2,2320.63,0,2320.41,2320.85,2320.85,2320.41,1714988820000,2,,0,,0,0,0,0,0,false
,3,2320.33,0,2320.64,2320.64,2320.64,2319.71,1714988880000,3,,0,,0,0,0,0,0,false
,2,2320.405,0,2320.37,2320.44,2320.44,2320.37,1714988940000,2,,0,,0,0,0,0,0,false
,3,2320.4933,0,2320.64,2320.3,2320.64,2320.3,1714989000000,3,,0,,0,0,0,0,0,false
,3,2320.4867,0,2320.63,2320.29,2320.63,2320.29,1714989060000,3,,0,,0,0,0,0,0,false
,2,2320.265,0,2320.23,2320.3,2320.3,2320.23,1714989120000,2,,0,,0,0,0,0,0,false
,3,2320.4933,0,2320.64,2320.61,2320.64,2320.23,1714989180000,3,,0,,0,0,0,0,0,false
,2,2320.87,0,2320.66,2321.08,2321.08,2320.66,1714989240000,2,,0,,0,0,0,0,0,false
,3,2321.2333,0,2320.61,2321.94,2321.94,2320.61,1714989300000,3,,0,,0,0,0,0,0,false
,3,2321.5367,0,2321.87,2321.59,2321.87,2321.15,1714989360000,3,,0,,0,0,0,0,0,false
,2,2321.745,0,2321.79,2321.7,2321.79,2321.7,1714989420000,2,,0,,0,0,0,0,0,false
,3,2321.28,0,2321.14,2320.91,2321.79,2320.91,1714989480000,3,,0,,0,0,0,0,0,false
,2,2321.09,0,2321.03,2321.15,2321.15,2321.03,1714989540000,2,,0,,0,0,0,0,0,false
,3,2321.12,0,2321.05,2321.02,2321.29,2321.02,1714989600000,3,,0,,0,0,0,0,0,false
,3,2321.38,0,2321.49,2321.36,2321.49,2321.29,1714989660000,3,,0,,0,0,0,0,0,false
,2,2321.39,0,2321.49,2321.29,2321.49,2321.29,1714989720000,2,,0,,0,0,0,0,0,false
,3,2320.8833,0,2320.53,2320.63,2321.49,2320.53,1714989780000,3,,0,,0,0,0,0,0,false
,2,2320.805,0,2320.69,2320.92,2320.92,2320.69,1714989840000,2,,0,,0,0,0,0,0,false
,3,2320.75,0,2320.64,2320.89,2320.89,2320.64,1714989900000,3,,0,,0,0,0,0,0,false
,3,2320.5,0,2320.39,2320.39,2320.72,2320.39,1714989960000,3,,0,,0,0,0,0,0,false
,2,2320.39,0,2320.3,2320.48,2320.48,2320.3,1714990020000,2,,0,,0,0,0,0,0,false
,3,2320.5333,0,2320.56,2320.74,2320.74,2320.3,1714990080000,3,,0,,0,0,0,0,0,false
,2,2321.3,0,2320.81,2321.79,2321.79,2320.81,1714990140000,2,,0,,0,0,0,0,0,false
,3,2321.37,0,2320.74,2321.62,2321.75,2320.74,1714990200000,3,,0,,0,0,0,0,0,false
,4,2320.88,0,2321.21,2320.96,2321.21,2320.2,1714990260000,4,,0,,0,0,0,0,0,false
,2,2320.25,0,2320.49,2320.01,2320.49,2320.01,1714990320000,2,,0,,0,0,0,0,0,false
,3,2320.4067,0,2320.13,2320.59,2320.59,2320.13,1714990380000,3,,0,,0,0,0,0,0,false
,2,2320.45,0,2320.37,2320.53,2320.53,2320.37,1714990440000,2,,0,,0,0,0,0,0,false
,3,2320.1167,0,2320.02,2320.03,2320.3,2320.02,1714990500000,3,,0,,0,0,0,0,0,false
,3,2319.9,0,2320.06,2320.03,2320.06,2319.61,1714990560000,3,,0,,0,0,0,0,0,false
,2,2319.485,0,2319.55,2319.42,2319.55,2319.42,1714990620000,2,,0,,0,0,0,0,0,false
,3,2319.64,0,2319.59,2319.73,2319.73,2319.59,1714990680000,3,,0,,0,0,0,0,0,false
,2,2319.44,0,2319.61,2319.27,2319.61,2319.27,1714990740000,2,,0,,0,0,0,0,0,false
,3,2319.48,0,2319.73,2319.5,2319.73,2319.21,1714990800000,3,,0,,0,0,0,0,0,false
,2,2319.41,0,2319.41,2319.41,2319.41,2319.41,1714990860000,2,,0,,0,0,0,0,0,false
,3,2319.3833,0,2319.5,2319.31,2319.5,2319.31,1714990920000,3,,0,,0,0,0,0,0,false
,3,2319.3267,0,2319.33,2319.31,2319.34,2319.31,1714990980000,3,,0,,0,0,0,0,0,false
,2,2319.615,0,2319.43,2319.8,2319.8,2319.43,1714991040000,2,,0,,0,0,0,0,0,false
,3,2319.6467,0,2319.31,2319.74,2319.89,2319.31,1714991100000,3,,0,,0,0,0,0,0,false
,2,2319.77,0,2319.9,2319.64,2319.9,2319.64,1714991160000,2,,0,,0,0,0,0,0,false
,4,2319.5575,0,2319.74,2319.93,2319.93,2318.8,1714991220000,4,,0,,0,0,0,0,0,false
,3,2319.7367,0,2319.71,2319.74,2319.76,2319.71,1714991280000,3,,0,,0,0,0,0,0,false
,2,2319.79,0,2319.78,2319.8,2319.8,2319.78,1714991340000,2,,0,,0,0,0,0,0,false
,3,2320.21,0,2319.74,2320.38,2320.51,2319.74,1714991400000,3,,0,,0,0,0,0,0,false
,2,2320.46,0,2320.46,2320.46,2320.46,2320.46,1714991460000,2,,0,,0,0,0,0,0,false
,2,2320.44,0,2320.38,2320.5,2320.5,2320.38,1714991520000,2,,0,,0,0,0,0,0,false
,4,2320.2625,0,2320.37,2319.93,2320.5,2319.93,1714991580000,4,,0,,0,0,0,0,0,false
,2,2319.64,0,2319.37,2319.91,2319.91,2319.37,1714991640000,2,,0,,0,0,0,0,0,false
,3,2320.12,0,2320.24,2320.14,2320.24,2319.98,1714991700000,3,,0,,0,0,0,0,0,false
,2,2320.395,0,2320.25,2320.54,2320.54,2320.25,1714991760000,2,,0,,0,0,0,0,0,false
,3,2320.28,0,2320.14,2320.26,2320.44,2320.14,1714991820000,3,,0,,0,0,0,0,0,false
,3,2320.1267,0,2319.96,2319.98,2320.44,2319.96,1714991880000,3,,0,,0,0,0,0,0,false
,2,2320.06,0,2320.21,2319.91,2320.21,2319.91,1714991940000,2,,0,,0,0,0,0,0,false
,3,2319.94,0,2319.98,2319.98,2319.98,2319.86,1714992000000,3,,0,,0,0,0,0,0,false
,2,2319.685,0,2319.83,2319.54,2319.83,2319.54,1714992060000,2,,0,,0,0,0,0,0,false
,2,2319.64,0,2319.98,2319.3,2319.98,2319.3,1714992120000,2,,0,,0,0,0,0,0,false
,3,2319.15,0,2319.29,2319.3,2319.3,2318.86,1714992180000,3,,0,,0,0,0,0,0,false
,2,2319.34,0,2319.15,2319.53,2319.53,2319.15,1714992240000,2,,0,,0,0,0,0,0,false
,3,2319.3967,0,2319.57,2319.47,2319.57,2319.15,1714992300000,3,,0,,0,0,0,0,0,false
,2,2319.495,0,2319.53,2319.46,2319.53,2319.46,1714992360000,2,,0,,0,0,0,0,0,false
,3,2319.21,0,2319.12,2318.98,2319.53,2318.98,1714992420000,3,,0,,0,0,0,0,0,false
,4,2319.7025,0,2319.97,2318.98,2320.36,2318.98,1714992480000,4,,0,,0,0,0,0,0,false
,2,2319.71,0,2319.94,2319.48,2319.94,2319.48,1714992540000,2,,0,,0,0,0,0,0,false
,3,2319.3167,0,2319.37,2318.75,2319.83,2318.75,1714992600000,3,,0,,0,0,0,0,0,false
,2,2318.785,0,2318.78,2318.79,2318.79,2318.78,1714992660000,2,,0,,0,0,0,0,0,false
,3,2318.8367,0,2319,2318.73,2319,2318.73,1714992720000,3,,0,,0,0,0,0,0,false
,3,2318.96,0,2318.79,2318.73,2319.36,2318.73,1714992780000,3,,0,,0,0,0,0,0,false
,2,2319.545,0,2319.59,2319.5,2319.59,2319.5,1714992840000,2,,0,,0,0,0,0,0,false
,3,2319.29,0,2319.46,2319.59,2319.59,2318.82,1714992900000,3,,0,,0,0,0,0,0,false
,2,2319.9,0,2319.83,2319.97,2319.97,2319.83,1714992960000,2,,0,,0,0,0,0,0,false
,3,2319.8567,0,2319.93,2319.81,2319.93,2319.81,1714993020000,3,,0,,0,0,0,0,0,false
,3,2319.74,0,2319.87,2319.81,2319.87,2319.54,1714993080000,3,,0,,0,0,0,0,0,false
,3,2319.0567,0,2319.34,2319.43,2319.43,2318.4,1714993140000,3,,0,,0,0,0,0,0,false
,3,2319.27,0,2319.25,2319.22,2319.34,2319.22,1714993200000,3,,0,,0,0,0,0,0,false
,2,2319.625,0,2319.55,2319.7,2319.7,2319.55,1714993260000,2,,0,,0,0,0,0,0,false
,3,2319.78,0,2319.93,2319.89,2319.93,2319.52,1714993320000,3,,0,,0,0,0,0,0,false
,3,2319.72,0,2319.61,2319.89,2319.89,2319.61,1714993380000,3,,0,,0,0,0,0,0,false
,2,2319.76,0,2319.7,2319.82,2319.82,2319.7,1714993440000,2,,0,,0,0,0,0,0,false
,3,2320.0733,0,2320.32,2320.2,2320.32,2319.7,1714993500000,3,,0,,0,0,0,0,0,false
,2,2320.465,0,2320.41,2320.52,2320.52,2320.41,1714993560000,2,,0,,0,0,0,0,0,false
,3,2320.9067,0,2321.03,2321.28,2321.28,2320.41,1714993620000,3,,0,,0,0,0,0,0,false
,3,2321.49,0,2321.45,2321.15,2321.87,2321.15,1714993680000,3,,0,,0,0,0,0,0,false
,2,2321.86,0,2322.06,2321.66,2322.06,2321.66,1714993740000,2,,0,,0,0,0,0,0,false
,2,2321.38,0,2321.46,2321.3,2321.46,2321.3,1714993800000,2,,0,,0,0,0,0,0,false
,2,2321.105,0,2321.06,2321.15,2321.15,2321.06,1714993860000,2,,0,,0,0,0,0,0,false
,3,2321.1367,0,2321.08,2321.27,2321.27,2321.06,1714993920000,3,,0,,0,0,0,0,0,false
,4,2321.075,0,2321.19,2321.27,2321.27,2320.65,1714993980000,4,,0,,0,0,0,0,0,false
,2,2321.17,0,2321.08,2321.26,2321.26,2321.08,1714994040000,2,,0,,0,0,0,0,0,false
,3,2321.19,0,2321.15,2321.26,2321.26,2321.15,1714994100000,3,,0,,0,0,0,0,0,false
,2,2321.16,0,2321.16,2321.16,2321.16,2321.16,1714994160000,2,,0,,0,0,0,0,0,false
,4,2320.8425,0,2321.18,2321.03,2321.18,2320,1714994220000,4,,0,,0,0,0,0,0,false
,3,2321.3733,0,2321.43,2321.03,2321.66,2321.03,1714994280000,3,,0,,0,0,0,0,0,false
,2,2321.735,0,2321.91,2321.56,2321.91,2321.56,1714994340000,2,,0,,0,0,0,0,0,false
,3,2321.6233,0,2321.46,2321.56,2321.85,2321.46,1714994400000,3,,0,,0,0,0,0,0,false
,2,2321.73,0,2321.87,2321.59,2321.87,2321.59,1714994460000,2,,0,,0,0,0,0,0,false
,3,2321.46,0,2321.35,2321.05,2321.98,2321.05,1714994520000,3,,0,,0,0,0,0,0,false
,4,2320.79,0,2320.97,2321.05,2321.05,2320.2,1714994580000,4,,0,,0,0,0,0,0,false
,2,2321.09,0,2321.14,2321.04,2321.14,2321.04,1714994640000,2,,0,,0,0,0,0,0,false
,3,2320.9433,0,2320.99,2321.04,2321.04,2320.8,1714994700000,3,,0,,0,0,0,0,0,false
,2,2320.29,0,2320.39,2320.19,2320.39,2320.19,1714994760000,2,,0,,0,0,0,0,0,false
,3,2320.28,0,2320.02,2320.34,2320.48,2320.02,1714994820000,3,,0,,0,0,0,0,0,false
,3,2320.3867,0,2320.44,2320.03,2320.69,2320.03,1714994880000,3,,0,,0,0,0,0,0,false
,2,2320.59,0,2320.61,2320.57,2320.61,2320.57,1714994940000,2,,0,,0,0,0,0,0,false
,3,2320.7133,0,2320.6,2320.57,2320.97,2320.57,1714995000000,3,,0,,0,0,0,0,0,false
,2,2320.805,0,2320.65,2320.96,2320.96,2320.65,1714995060000,2,,0,,0,0,0,0,0,false
,3,2320.6767,0,2320.7,2320.7,2320.7,2320.63,1714995120000,3,,0,,0,0,0,0,0,false
,3,2320.5867,0,2320.7,2320.7,2320.7,2320.36,1714995180000,3,,0,,0,0,0,0,0,false
,2,2320.3,0,2320.11,2320.49,2320.49,2320.11,1714995240000,2,,0,,0,0,0,0,0,false
,4,2320.155,0,2320.51,2320.12,2320.51,2319.5,1714995300000,4,,0,,0,0,0,0,0,false
,3,2320.09,0,2320.27,2320.6,2320.6,2319.4,1714995360000,3,,0,,0,0,0,0,0,false
,3,2320.17,0,2320.19,2320.05,2320.27,2320.05,1714995420000,3,,0,,0,0,0,0,0,false
,3,2320.18,0,2320.34,2320.05,2320.34,2320.05,1714995480000,3,,0,,0,0,0,0,0,false
,3,2319.6767,0,2320.09,2319.94,2320.09,2319,1714995540000,3,,0,,0,0,0,0,0,false
,3,2319.89,0,2320.01,2319.94,2320.01,2319.72,1714995600000,3,,0,,0,0,0,0,0,false
,2,2319.585,0,2319.69,2319.48,2319.69,2319.48,1714995660000,2,,0,,0,0,0,0,0,false
,3,2319.1133,0,2319.05,2318.6,2319.69,2318.6,1714995720000,3,,0,,0,0,0,0,0,false
,4,2318.175,0,2318.45,2318.83,2318.83,2317.5,1714995780000,4,,0,,0,0,0,0,0,false
,1,2317.84,0,2317.84,2317.84,2317.84,2317.84,1714995840000,1,,0,,0,0,0,0,0,false
,3,2317.14,0,2317.18,2317.84,2317.84,2316.4,1714995900000,3,,0,,0,0,0,0,0,false
,2,2316.43,0,2316.39,2316.47,2316.47,2316.39,1714995960000,2,,0,,0,0,0,0,0,false
,3,2317.0667,0,2317.3,2317.51,2317.51,2316.39,1714996020000,3,,0,,0,0,0,0,0,false
,3,2317.7767,0,2317.84,2317.28,2318.21,2317.28,1714996080000,3,,0,,0,0,0,0,0,false
,2,2318.27,0,2318.45,2318.09,2318.45,2318.09,1714996140000,2,,0,,0,0,0,0,0,false
,3,2318.2967,0,2318.39,2318.09,2318.41,2318.09,1714996200000,3,,0,,0,0,0,0,0,false
,3,2318.0133,0,2318.31,2318.53,2318.53,2317.2,1714996260000,3,,0,,0,0,0,0,0,false
,3,2318.2433,0,2318.41,2318.01,2318.41,2318.01,1714996320000,3,,0,,0,0,0,0,0,false
,3,2318.1267,0,2317.68,2318.4,2318.4,2317.68,1714996380000,3,,0,,0,0,0,0,0,false
,2,2317.845,0,2317.9,2317.79,2317.9,2317.79,1714996440000,2,,0,,0,0,0,0,0,false
,3,2317.97,0,2318.08,2317.79,2318.08,2317.79,1714996500000,3,,0,,0,0,0,0,0,false
,2,2318.095,0,2317.99,2318.2,2318.2,2317.99,1714996560000,2,,0,,0,0,0,0,0,false
,3,2318.0733,0,2318.26,2317.97,2318.26,2317.97,1714996620000,3,,0,,0,0,0,0,0,false
,3,2317.8133,0,2317.96,2317.97,2317.97,2317.51,1714996680000,3,,0,,0,0,0,0,0,false
,2,2317.935,0,2317.77,2318.1,2318.1,2317.77,1714996740000,2,,0,,0,0,0,0,0,false
,3,2318,0,2318.16,2317.78,2318.16,2317.78,1714996800000,3,,0,,0,0,0,0,0,false
,2,2318.475,0,2318.48,2318.47,2318.48,2318.47,1714996860000,2,,0,,0,0,0,0,0,false
,3,2318.54,0,2318.79,2318.45,2318.79,2318.38,1714996920000,3,,0,,0,0,0,0,0,false
,3,2317.42,0,2317,2317.22,2318.04,2317,1714996980000,3,,0,,0,0,0,0,0,false
,3,2317.5867,0,2318.42,2316.84,2318.42,2316.84,1714997040000,3,,0,,0,0,0,0,0,false
,3,2317.28,0,2317.25,2317.49,2317.49,2317.1,1714997100000,3,,0,,0,0,0,0,0,false
,2,2316.825,0,2317.02,2316.63,2317.02,2316.63,1714997160000,2,,0,,0,0,0,0,0,false
,3,2317.0067,0,2316.83,2317.17,2317.17,2316.83,1714997220000,3,,0,,0,0,0,0,0,false
,2,2315.87,0,2315.9,2315.84,2315.9,2315.84,1714997280000,2,,0,,0,0,0,0,0,false
,3,2316.6033,0,2316.84,2316.37,2316.84,2316.37,1714997340000,3,,0,,0,0,0,0,0,false
,3,2315.9233,0,2315.81,2316.37,2316.37,2315.59,1714997400000,3,,0,,0,0,0,0,0,false
,2,2315.565,0,2315.71,2315.42,2315.71,2315.42,1714997460000,2,,0,,0,0,0,0,0,false
,3,2315.2767,0,2315.38,2314.74,2315.71,2314.74,1714997520000,3,,0,,0,0,0,0,0,false
,2,2314.89,0,2314.92,2314.86,2314.92,2314.86,1714997580000,2,,0,,0,0,0,0,0,false
,2,2315.26,0,2315.28,2315.24,2315.28,2315.24,1714997640000,2,,0,,0,0,0,0,0,false
,3,2315.6333,0,2315.65,2315.24,2316.01,2315.24,1714997700000,3,,0,,0,0,0,0,0,false
,2,2316.04,0,2316.07,2316.01,2316.07,2316.01,1714997760000,2,,0,,0,0,0,0,0,false
,3,2315.8867,0,2316.19,2316.12,2316.19,2315.35,1714997820000,3,,0,,0,0,0,0,0,false
,2,2316.325,0,2316.17,2316.48,2316.48,2316.17,1714997880000,2,,0,,0,0,0,0,0,false
,3,2316.1433,0,2315.21,2316.52,2316.7,2315.21,1714997940000,3,,0,,0,0,0,0,0,false
,3,2316.2,0,2316.15,2316.52,2316.52,2315.93,1714998000000,3,,0,,0,0,0,0,0,false
,2,2317.065,0,2317.44,2316.69,2317.44,2316.69,1714998060000,2,,0,,0,0,0,0,0,false
,3,2316.24,0,2316.56,2315.63,2316.56,2315.63,1714998120000,3,,0,,0,0,0,0,0,false
,2,2315.54,0,2315.59,2315.49,2315.59,2315.49,1714998180000,2,,0,,0,0,0,0,0,false
,3,2315.5933,0,2315.16,2315.89,2315.89,2315.16,1714998240000,3,,0,,0,0,0,0,0,false
,3,2316.3667,0,2316.5,2315.17,2317.43,2315.17,1714998300000,3,,0,,0,0,0,0,0,false
,1,2317.53,0,2317.53,2317.53,2317.53,2317.53,1714998360000,1,,0,,0,0,0,0,0,false
,3,2316.7133,0,2317.75,2316.98,2317.75,2315.41,1714998420000,3,,0,,0,0,0,0,0,false
,2,2316.885,0,2316.59,2317.18,2317.18,2316.59,1714998480000,2,,0,,0,0,0,0,0,false
,3,2316.84,0,2317.14,2316.79,2317.14,2316.59,1714998540000,3,,0,,0,0,0,0,0,false
,3,2316.3333,0,2316.43,2316.79,2316.79,2315.78,1714998600000,3,,0,,0,0,0,0,0,false
,2,2316.3,0,2316.03,2316.57,2316.57,2316.03,1714998660000,2,,0,,0,0,0,0,0,false
,3,2316.8733,0,2316.96,2317.63,2317.63,2316.03,1714998720000,3,,0,,0,0,0,0,0,false
,2,2316.725,0,2316.82,2316.63,2316.82,2316.63,1714998780000,2,,0,,0,0,0,0,0,false
,3,2317.2367,0,2316.84,2318.05,2318.05,2316.82,1714998840000,3,,0,,0,0,0,0,0,false
,3,2318.4633,0,2318.85,2316.85,2319.69,2316.85,1714998900000,3,,0,,0,0,0,0,0,false
,2,2319.85,0,2319.96,2319.74,2319.96,2319.74,1714998960000,2,,0,,0,0,0,0,0,false
,3,2319.2233,0,2319.52,2320.44,2320.44,2317.71,1714999020000,3,,0,,0,0,0,0,0,false
,2,2320.765,0,2320.83,2320.7,2320.83,2320.7,1714999080000,2,,0,,0,0,0,0,0,false
,3,2321.0533,0,2321.3,2321.69,2321.69,2320.17,1714999140000,3,,0,,0,0,0,0,0,false
,4,2321.3975,0,2321.96,2320.74,2321.99,2320.74,1714999200000,4,,0,,0,0,0,0,0,false
,2,2322.035,0,2322.22,2321.85,2322.22,2321.85,1714999260000,2,,0,,0,0,0,0,0,false
,4,2321.9575,0,2322.48,2322.94,2322.94,2320.91,1714999320000,4,,0,,0,0,0,0,0,false
,2,2322.845,0,2322.69,2323,2323,2322.69,1714999380000,2,,0,,0,0,0,0,0,false
,3,2323.5133,0,2324.23,2324.8,2324.8,2321.51,1714999440000,3,,0,,0,0,0,0,0,false
,2,2325.38,0,2324.9,2325.86,2325.86,2324.9,1714999500000,2,,0,,0,0,0,0,0,false
,2,2328.055,0,2328.68,2327.43,2328.68,2327.43,1714999560000,2,,0,,0,0,0,0,0,false
,3,2327.49,0,2327.34,2327.71,2327.71,2327.34,1714999620000,3,,0,,0,0,0,0,0,false
,2,2328.455,0,2328.66,2328.25,2328.66,2328.25,1714999680000,2,,0,,0,0,0,0,0,false
,3,2328.3867,0,2329.02,2327.99,2329.02,2327.99,1714999740000,3,,0,,0,0,0,0,0,false
,3,2327.6433,0,2327.97,2328.08,2328.08,2326.88,1714999800000,3,,0,,0,0,0,0,0,false
,2,2328.2,0,2328.58,2327.82,2328.58,2327.82,1714999860000,2,,0,,0,0,0,0,0,false
,3,2327.2567,0,2327.07,2326.58,2328.12,2326.58,1714999920000,3,,0,,0,0,0,0,0,false
,2,2325.185,0,2325.41,2324.96,2325.41,2324.96,1714999980000,2,,0,,0,0,0,0,0,false
,3,2325.3767,0,2325.19,2325.34,2325.6,2325.19,1715000040000,3,,0,,0,0,0,0,0,false
,3,2325.2933,0,2325.66,2325.12,2325.66,2325.1,1715000100000,3,,0,,0,0,0,0,0,false
,2,2324.535,0,2324.57,2324.5,2324.57,2324.5,1715000160000,2,,0,,0,0,0,0,0,false
,3,2324.5433,0,2325.05,2324.01,2325.05,2324.01,1715000220000,3,,0,,0,0,0,0,0,false
,2,2324.08,0,2324.23,2323.93,2324.23,2323.93,1715000280000,2,,0,,0,0,0,0,0,false
,3,2323.9367,0,2324.15,2323.43,2324.23,2323.43,1715000340000,3,,0,,0,0,0,0,0,false
,3,2324.1667,0,2324,2324.14,2324.36,2324,1715000400000,3,,0,,0,0,0,0,0,false
,2,2323.34,0,2323.77,2322.91,2323.77,2322.91,1715000460000,2,,0,,0,0,0,0,0,false
,3,2322.8033,0,2322.87,2321.77,2323.77,2321.77,1715000520000,3,,0,,0,0,0,0,0,false
,2,2323.16,0,2323,2323.32,2323.32,2323,1715000580000,2,,0,,0,0,0,0,0,false
,3,2323.9667,0,2324.04,2324.93,2324.93,2322.93,1715000640000,3,,0,,0,0,0,0,0,false
,2,2325.105,0,2325.14,2325.07,2325.14,2325.07,1715000700000,2,,0,,0,0,0,0,0,false
,2,2325.225,0,2324.72,2325.73,2325.73,2324.72,1715000760000,2,,0,,0,0,0,0,0,false
,3,2325.2933,0,2326.17,2324.99,2326.17,2324.72,1715000820000,3,,0,,0,0,0,0,0,false
,2,2324.555,0,2324.28,2324.83,2324.83,2324.28,1715000880000,2,,0,,0,0,0,0,0,false
,2,2324.43,0,2324.64,2324.22,2324.64,2324.22,1715000940000,2,,0,,0,0,0,0,0,false
,3,2323.8033,0,2323.67,2324.63,2324.63,2323.11,1715001000000,3,,0,,0,0,0,0,0,false
,2,2323.385,0,2323.16,2323.61,2323.61,2323.16,1715001060000,2,,0,,0,0,0,0,0,false
,3,2324.1367,0,2324.34,2324.91,2324.91,2323.16,1715001120000,3,,0,,0,0,0,0,0,false
,2,2324.86,0,2324.81,2324.91,2324.91,2324.81,1715001180000,2,,0,,0,0,0,0,0,false
,3,2324.4833,0,2325.11,2324.93,2325.11,2323.41,1715001240000,3,,0,,0,0,0,0,0,false
,3,2324.77,0,2324.88,2324.42,2325.01,2324.42,1715001300000,3,,0,,0,0,0,0,0,false
,2,2324.015,0,2324.58,2323.45,2324.58,2323.45,1715001360000,2,,0,,0,0,0,0,0,false
,3,2323.96,0,2323.46,2324.57,2324.57,2323.46,1715001420000,3,,0,,0,0,0,0,0,false
,2,2323.3,0,2323.27,2323.33,2323.33,2323.27,1715001480000,2,,0,,0,0,0,0,0,false
,3,2323.5567,0,2323.45,2323.99,2323.99,2323.23,1715001540000,3,,0,,0,0,0,0,0,false
,3,2324.4,0,2324.55,2323.46,2325.19,2323.46,1715001600000,3,,0,,0,0,0,0,0,false
,2,2324.8,0,2324.69,2324.91,2324.91,2324.69,1715001660000,2,,0,,0,0,0,0,0,false
,3,2324.21,0,2323.86,2324.91,2324.91,2323.86,1715001720000,3,,0,,0,0,0,0,0,false
,2,2324.425,0,2324.01,2324.84,2324.84,2324.01,1715001780000,2,,0,,0,0,0,0,0,false
,3,2324.8233,0,2324.99,2325.47,2325.47,2324.01,1715001840000,3,,0,,0,0,0,0,0,false
,3,2325.0033,0,2325.12,2325.11,2325.12,2324.78,1715001900000,3,,0,,0,0,0,0,0,false
,2,2326.255,0,2326.39,2326.12,2326.39,2326.12,1715001960000,2,,0,,0,0,0,0,0,false
,3,2325.8667,0,2326.27,2325.78,2326.27,2325.55,1715002020000,3,,0,,0,0,0,0,0,false
,2,2325.065,0,2325.19,2324.94,2325.19,2324.94,1715002080000,2,,0,,0,0,0,0,0,false
,3,2325.37,0,2325.54,2325.38,2325.54,2325.19,1715002140000,3,,0,,0,0,0,0,0,false
,3,2325.4533,0,2325.99,2325.38,2325.99,2324.99,1715002200000,3,,0,,0,0,0,0,0,false
,2,2324.14,0,2324.16,2324.12,2324.16,2324.12,1715002260000,2,,0,,0,0,0,0,0,false
,3,2323.48,0,2323.96,2324.06,2324.06,2322.42,1715002320000,3,,0,,0,0,0,0,0,false
,2,2324.34,0,2324.84,2323.84,2324.84,2323.84,1715002380000,2,,0,,0,0,0,0,0,false
,3,2324.39,0,2325.23,2324.93,2325.23,2323.01,1715002440000,3,,0,,0,0,0,0,0,false
,3,2325.39,0,2326.19,2324.84,2326.19,2324.84,1715002500000,3,,0,,0,0,0,0,0,false
,2,2326.01,0,2325.65,2326.37,2326.37,2325.65,1715002560000,2,,0,,0,0,0,0,0,false
,4,2325.265,0,2325.75,2325.66,2325.75,2324.7,1715002620000,4,,0,,0,0,0,0,0,false
,2,2326.72,0,2326.61,2326.83,2326.83,2326.61,1715002680000,2,,0,,0,0,0,0,0,false
,3,2327.03,0,2327.85,2328.53,2328.53,2324.71,1715002740000,3,,0,,0,0,0,0,0,false
,3,2329.1667,0,2328.4,2327.28,2331.82,2327.28,1715002800000,3,,0,,0,0,0,0,0,false
,2,2331.27,0,2331.27,2331.27,2331.27,2331.27,1715002860000,2,,0,,0,0,0,0,0,false
,3,2330.22,0,2330.82,2329.08,2330.82,2329.08,1715002920000,3,,0,,0,0,0,0,0,false
,2,2330.945,0,2330.97,2330.92,2330.97,2330.92,1715002980000,2,,0,,0,0,0,0,0,false
,3,2330.55,0,2330.74,2329.94,2330.97,2329.94,1715003040000,3,,0,,0,0,0,0,0,false
,3,2329.4033,0,2329.34,2330.73,2330.73,2328.14,1715003100000,3,,0,,0,0,0,0,0,false
,2,2327.775,0,2328.43,2327.12,2328.43,2327.12,1715003160000,2,,0,,0,0,0,0,0,false
,3,2326.49,0,2326.25,2328.42,2328.42,2324.8,1715003220000,3,,0,,0,0,0,0,0,false
,2,2323.88,0,2324.16,2323.6,2324.16,2323.6,1715003280000,2,,0,,0,0,0,0,0,false
,3,2323.7767,0,2323.69,2323.48,2324.16,2323.48,1715003340000,3,,0,,0,0,0,0,0,false
,2,2324.04,0,2324.42,2323.66,2324.42,2323.66,1715003400000,2,,0,,0,0,0,0,0,false
,3,2323.9133,0,2323.48,2324.17,2324.17,2323.48,1715003460000,3,,0,,0,0,0,0,0,false
,3,2324.4733,0,2324.59,2323.88,2324.95,2323.88,1715003520000,3,,0,,0,0,0,0,0,false
,2,2326.11,0,2325.99,2326.23,2326.23,2325.99,1715003580000,2,,0,,0,0,0,0,0,false
,3,2327.1533,0,2327.48,2327.28,2327.48,2326.7,1715003640000,3,,0,,0,0,0,0,0,false
,2,2328.015,0,2327.74,2328.29,2328.29,2327.74,1715003700000,2,,0,,0,0,0,0,0,false
,3,2327.35,0,2326.58,2327.7,2327.77,2326.58,1715003760000,3,,0,,0,0,0,0,0,false
,3,2327.6433,0,2327.12,2327.7,2328.11,2327.12,1715003820000,3,,0,,0,0,0,0,0,false
,2,2327.125,0,2327.11,2327.14,2327.14,2327.11,1715003880000,2,,0,,0,0,0,0,0,false
,3,2327.25,0,2327.05,2327.59,2327.59,2327.05,1715003940000,3,,0,,0,0,0,0,0,false
,2,2328.965,0,2329,2328.93,2329,2328.93,1715004000000,2,,0,,0,0,0,0,0,false
,3,2327.9267,0,2327.06,2328.08,2328.64,2327.06,1715004060000,3,,0,,0,0,0,0,0,false
,3,2328.41,0,2328.46,2328.63,2328.63,2328.14,1715004120000,3,,0,,0,0,0,0,0,false
,2,2327.78,0,2326.97,2328.59,2328.59,2326.97,1715004180000,2,,0,,0,0,0,0,0,false
,3,2328.56,0,2329.04,2328.96,2329.04,2327.68,1715004240000,3,,0,,0,0,0,0,0,false
,2,2329.01,0,2328.73,2329.29,2329.29,2328.73,1715004300000,2,,0,,0,0,0,0,0,false
,3,2329.6767,0,2328.96,2330.28,2330.28,2328.96,1715004360000,3,,0,,0,0,0,0,0,false
,2,2329.43,0,2329.43,2329.43,2329.43,2329.43,1715004420000,2,,0,,0,0,0,0,0,false
,2,2329.41,0,2329.43,2329.39,2329.43,2329.39,1715004480000,2,,0,,0,0,0,0,0,false
,3,2329.04,0,2329.13,2328.56,2329.43,2328.56,1715004540000,3,,0,,0,0,0,0,0,false
,2,2327.995,0,2328.47,2327.52,2328.47,2327.52,1715004600000,2,,0,,0,0,0,0,0,false
,3,2327.6233,0,2329.12,2326.76,2329.12,2326.76,1715004660000,3,,0,,0,0,0,0,0,false
,3,2326.6533,0,2326.93,2326.47,2326.93,2326.47,1715004720000,3,,0,,0,0,0,0,0,false
,2,2326.885,0,2326.49,2327.28,2327.28,2326.49,1715004780000,2,,0,,0,0,0,0,0,false
,3,2327.21,0,2327.46,2327.68,2327.68,2326.49,1715004840000,3,,0,,0,0,0,0,0,false
,2,2326.925,0,2327.8,2326.05,2327.8,2326.05,1715004900000,2,,0,,0,0,0,0,0,false
,3,2326.8367,0,2327.68,2326.16,2327.68,2326.16,1715004960000,3,,0,,0,0,0,0,0,false
,3,2326.2133,0,2325.84,2326.89,2326.89,2325.84,1715005020000,3,,0,,0,0,0,0,0,false
,2,2326.325,0,2326.53,2326.12,2326.53,2326.12,1715005080000,2,,0,,0,0,0,0,0,false
,3,2326.04,0,2326.15,2326.05,2326.15,2325.92,1715005140000,3,,0,,0,0,0,0,0,false
,2,2326.67,0,2326.78,2326.56,2326.78,2326.56,1715005200000,2,,0,,0,0,0,0,0,false
,3,2326.2033,0,2326.38,2325.74,2326.49,2325.74,1715005260000,3,,0,,0,0,0,0,0,false
,3,2325.6833,0,2325.42,2326.37,2326.37,2325.26,1715005320000,3,,0,,0,0,0,0,0,false
,2,2325.265,0,2325.21,2325.32,2325.32,2325.21,1715005380000,2,,0,,0,0,0,0,0,false
,3,2325.53,0,2325.65,2325.73,2325.73,2325.21,1715005440000,3,,0,,0,0,0,0,0,false
,2,2325,0,2325.28,2324.72,2325.28,2324.72,1715005500000,2,,0,,0,0,0,0,0,false
,3,2324.5733,0,2324.16,2324.17,2325.39,2324.16,1715005560000,3,,0,,0,0,0,0,0,false
,3,2323.84,0,2323.72,2324.17,2324.17,2323.63,1715005620000,3,,0,,0,0,0,0,0,false
,2,2324.58,0,2324.89,2324.27,2324.89,2324.27,1715005680000,2,,0,,0,0,0,0,0,false
,3,2324.4167,0,2324.53,2324.73,2324.73,2323.99,1715005740000,3,,0,,0,0,0,0,0,false
,2,2324.805,0,2324.57,2325.04,2325.04,2324.57,1715005800000,2,,0,,0,0,0,0,0,false
,3,2325.4133,0,2325.99,2325.63,2325.99,2324.62,1715005860000,3,,0,,0,0,0,0,0,false
,3,2325.21,0,2325.16,2325.63,2325.63,2324.84,1715005920000,3,,0,,0,0,0,0,0,false
,2,2325.03,0,2324.92,2325.14,2325.14,2324.92,1715005980000,2,,0,,0,0,0,0,0,false
,3,2324.3433,0,2324.29,2323.82,2324.92,2323.82,1715006040000,3,,0,,0,0,0,0,0,false
,2,2324.145,0,2323.98,2324.31,2324.31,2323.98,1715006100000,2,,0,,0,0,0,0,0,false
,3,2323.54,0,2323.53,2323.11,2323.98,2323.11,1715006160000,3,,0,,0,0,0,0,0,false
,3,2323.3567,0,2323.26,2323.48,2323.48,2323.26,1715006220000,3,,0,,0,0,0,0,0,false
,2,2322.735,0,2322.92,2322.55,2322.92,2322.55,1715006280000,2,,0,,0,0,0,0,0,false
,3,2321.9,0,2320.63,2322.2,2322.87,2320.63,1715006340000,3,,0,,0,0,0,0,0,false
,2,2323.345,0,2323.09,2323.6,2323.6,2323.09,1715006400000,2,,0,,0,0,0,0,0,false
,3,2324.22,0,2325.23,2324.79,2325.23,2322.64,1715006460000,3,,0,,0,0,0,0,0,false
,2,2323.38,0,2323.5,2323.26,2323.5,2323.26,1715006520000,2,,0,,0,0,0,0,0,false
,2,2322.225,0,2322.74,2321.71,2322.74,2321.71,1715006580000,2,,0,,0,0,0,0,0,false
,2,2320.235,0,2320.87,2319.6,2320.87,2319.6,1715006640000,2,,0,,0,0,0,0,0,false
,2,2321.045,0,2320.26,2321.83,2321.83,2320.26,1715006700000,2,,0,,0,0,0,0,0,false
,3,2321.5067,0,2321.85,2322.41,2322.41,2320.26,1715006760000,3,,0,,0,0,0,0,0,false
,3,2321.8533,0,2321.99,2321.9,2321.99,2321.67,1715006820000,3,,0,,0,0,0,0,0,false
,2,2321.31,0,2321.51,2321.11,2321.51,2321.11,1715006880000,2,,0,,0,0,0,0,0,false
,3,2321.6167,0,2321.56,2321.78,2321.78,2321.51,1715006940000,3,,0,,0,0,0,0,0,false
,2,2322.07,0,2322.25,2321.89,2322.25,2321.89,1715007000000,2,,0,,0,0,0,0,0,false
,3,2322.0767,0,2322.4,2321.45,2322.4,2321.45,1715007060000,3,,0,,0,0,0,0,0,false
,3,2321.6,0,2321.15,2321.56,2322.09,2321.15,1715007120000,3,,0,,0,0,0,0,0,false
,2,2322.325,0,2322.18,2322.47,2322.47,2322.18,1715007180000,2,,0,,0,0,0,0,0,false
,3,2322.3367,0,2323.46,2322.07,2323.46,2321.48,1715007240000,3,,0,,0,0,0,0,0,false
,2,2321.63,0,2321.77,2321.49,2321.77,2321.49,1715007300000,2,,0,,0,0,0,0,0,false
,3,2321.5767,0,2321.7,2321.26,2321.77,2321.26,1715007360000,3,,0,,0,0,0,0,0,false
,3,2321.0667,0,2321.12,2321.26,2321.26,2320.82,1715007420000,3,,0,,0,0,0,0,0,false
,2,2320.355,0,2320.11,2320.6,2320.6,2320.11,1715007480000,2,,0,,0,0,0,0,0,false
,3,2320.5333,0,2320.59,2320.53,2320.59,2320.48,1715007540000,3,,0,,0,0,0,0,0,false
,2,2320.98,0,2320.59,2321.37,2321.37,2320.59,1715007600000,2,,0,,0,0,0,0,0,false
,3,2320.7067,0,2320.65,2320.88,2320.88,2320.59,1715007660000,3,,0,,0,0,0,0,0,false
,3,2320.6233,0,2320.25,2320.88,2320.88,2320.25,1715007720000,3,,0,,0,0,0,0,0,false
,2,2320.925,0,2320.89,2320.96,2320.96,2320.89,1715007780000,2,,0,,0,0,0,0,0,false
,3,2320.6567,0,2320.24,2320.84,2320.89,2320.24,1715007840000,3,,0,,0,0,0,0,0,false
,2,2320.72,0,2320.71,2320.73,2320.73,2320.71,1715007900000,2,,0,,0,0,0,0,0,false
,3,2320.2767,0,2319.84,2320.28,2320.71,2319.84,1715007960000,3,,0,,0,0,0,0,0,false
,3,2320.4667,0,2320.43,2320.28,2320.69,2320.28,1715008020000,3,,0,,0,0,0,0,0,false
,2,2320.69,0,2320.97,2320.41,2320.97,2320.41,1715008080000,2,,0,,0,0,0,0,0,false
,3,2320.7767,0,2321.02,2320.34,2321.02,2320.34,1715008140000,3,,0,,0,0,0,0,0,false
,2,2320.45,0,2320.58,2320.32,2320.58,2320.32,1715008200000,2,,0,,0,0,0,0,0,false
,3,2320.1567,0,2319.97,2319.92,2320.58,2319.92,1715008260000,3,,0,,0,0,0,0,0,false
,3,2321.3033,0,2321.96,2319.92,2322.03,2319.92,1715008320000,3,,0,,0,0,0,0,0,false
,2,2322.355,0,2322.57,2322.14,2322.57,2322.14,1715008380000,2,,0,,0,0,0,0,0,false
,3,2322.1867,0,2322.38,2322.81,2322.81,2321.37,1715008440000,3,,0,,0,0,0,0,0,false
,2,2322.405,0,2322.51,2322.3,2322.51,2322.3,1715008500000,2,,0,,0,0,0,0,0,false
,3,2321.6433,0,2321.92,2322.01,2322.01,2321,1715008560000,3,,0,,0,0,0,0,0,false
,3,2321.9467,0,2321.96,2321.51,2322.37,2321.51,1715008620000,3,,0,,0,0,0,0,0,false
,3,2321.5367,0,2321.75,2322.06,2322.06,2320.8,1715008680000,3,,0,,0,0,0,0,0,false
,2,2322.19,0,2322.1,2322.28,2322.28,2322.1,1715008740000,2,,0,,0,0,0,0,0,false
,2,2321.74,0,2322.02,2321.46,2322.02,2321.46,1715008800000,2,,0,,0,0,0,0,0,false
,3,2321.09,0,2320.73,2320.52,2322.02,2320.52,1715008860000,3,,0,,0,0,0,0,0,false
,3,2320.7033,0,2320.35,2321,2321,2320.35,1715008920000,3,,0,,0,0,0,0,0,false
,2,2320.99,0,2320.99,2320.99,2320.99,2320.99,1715008980000,2,,0,,0,0,0,0,0,false
,3,2321.27,0,2321.2,2320.99,2321.62,2320.99,1715009040000,3,,0,,0,0,0,0,0,false
,2,2322.345,0,2322.35,2322.34,2322.35,2322.34,1715009100000,2,,0,,0,0,0,0,0,false
,3,2321.3267,0,2321.54,2321.07,2321.54,2321.07,1715009160000,3,,0,,0,0,0,0,0,false
,3,2321.7,0,2321.63,2321.53,2321.94,2321.53,1715009220000,3,,0,,0,0,0,0,0,false
,2,2322.035,0,2321.89,2322.18,2322.18,2321.89,1715009280000,2,,0,,0,0,0,0,0,false
,3,2322.58,0,2322.57,2322.18,2322.99,2322.18,1715009340000,3,,0,,0,0,0,0,0,false
,2,2323.185,0,2323.45,2322.92,2323.45,2322.92,1715009400000,2,,0,,0,0,0,0,0,false
,3,2322.7067,0,2322.36,2322.33,2323.43,2322.33,1715009460000,3,,0,,0,0,0,0,0,false
,3,2322.4833,0,2322.27,2322.33,2322.85,2322.27,1715009520000,3,,0,,0,0,0,0,0,false
,2,2322.71,0,2322.73,2322.69,2322.73,2322.69,1715009580000,2,,0,,0,0,0,0,0,false
,3,2322.87,0,2322.84,2322.69,2323.08,2322.69,1715009640000,3,,0,,0,0,0,0,0,false
,2,2322.58,0,2322.69,2322.47,2322.69,2322.47,1715009700000,2,,0,,0,0,0,0,0,false
,3,2322.8067,0,2323.03,2322.65,2323.03,2322.65,1715009760000,3,,0,,0,0,0,0,0,false
,2,2322.775,0,2322.61,2322.94,2322.94,2322.61,1715009820000,2,,0,,0,0,0,0,0,false
,3,2322.8733,0,2322.65,2323.05,2323.05,2322.65,1715009880000,3,,0,,0,0,0,0,0,false
,3,2323.6433,0,2323.75,2323.05,2324.13,2323.05,1715009940000,3,,0,,0,0,0,0,0,false
,2,2324.48,0,2324.34,2324.62,2324.62,2324.34,1715010000000,2,,0,,0,0,0,0,0,false
,3,2324.42,0,2324.28,2324.8,2324.8,2324.18,1715010060000,3,,0,,0,0,0,0,0,false
,2,2324.725,0,2324.76,2324.69,2324.76,2324.69,1715010120000,2,,0,,0,0,0,0,0,false
,3,2324.5033,0,2324.29,2324.56,2324.66,2324.29,1715010180000,3,,0,,0,0,0,0,0,false
,3,2324.0867,0,2323.96,2324.56,2324.56,2323.74,1715010240000,3,,0,,0,0,0,0,0,false
,2,2324.27,0,2324.19,2324.35,2324.35,2324.19,1715010300000,2,,0,,0,0,0,0,0,false
,3,2324.1433,0,2324.35,2323.9,2324.35,2323.9,1715010360000,3,,0,,0,0,0,0,0,false
,2,2323.495,0,2323.35,2323.64,2323.64,2323.35,1715010420000,2,,0,,0,0,0,0,0,false
,3,2323.8833,0,2324.34,2323.61,2324.34,2323.61,1715010480000,3,,0,,0,0,0,0,0,false
,3,2324.0567,0,2324.01,2323.61,2324.55,2323.61,1715010540000,3,,0,,0,0,0,0,0,false
,2,2324.5,0,2324.59,2324.41,2324.59,2324.41,1715010600000,2,,0,,0,0,0,0,0,false
,3,2324.4833,0,2324.41,2324.58,2324.58,2324.41,1715010660000,3,,0,,0,0,0,0,0,false
,2,2324.055,0,2324.08,2324.03,2324.08,2324.03,1715010720000,2,,0,,0,0,0,0,0,false
,3,2324.65,0,2324.58,2324.85,2324.85,2324.52,1715010780000,3,,0,,0,0,0,0,0,false
,3,2324.69,0,2324.61,2324.84,2324.84,2324.61,1715010840000,3,,0,,0,0,0,0,0,false
,2,2324.32,0,2324.2,2324.44,2324.44,2324.2,1715010900000,2,,0,,0,0,0,0,0,false
,3,2324.2767,0,2324.24,2324.43,2324.43,2324.16,1715010960000,3,,0,,0,0,0,0,0,false
,2,2324.42,0,2324.33,2324.51,2324.51,2324.33,1715011020000,2,,0,,0,0,0,0,0,false
,3,2324.4867,0,2324.43,2324.5,2324.53,2324.43,1715011080000,3,,0,,0,0,0,0,0,false
,3,2324.5933,0,2324.43,2324.5,2324.85,2324.43,1715011140000,3,,0,,0,0,0,0,0,false
,2,2324.555,0,2324.56,2324.55,2324.56,2324.55,1715011200000,2,,0,,0,0,0,0,0,false
,3,2324.27,0,2324.31,2324.04,2324.46,2324.04,1715011260000,3,,0,,0,0,0,0,0,false
,2,2324.175,0,2324.24,2324.11,2324.24,2324.11,1715011320000,2,,0,,0,0,0,0,0,false
,3,2324.29,0,2324.04,2324.58,2324.58,2324.04,1715011380000,3,,0,,0,0,0,0,0,false
,3,2324.9933,0,2325.36,2324.26,2325.36,2324.26,1715011440000,3,,0,,0,0,0,0,0,false
,2,2326.16,0,2326.02,2326.3,2326.3,2326.02,1715011500000,2,,0,,0,0,0,0,0,false
,3,2325.64,0,2326.32,2326.09,2326.32,2324.51,1715011560000,3,,0,,0,0,0,0,0,false
,2,2325.89,0,2326.1,2325.68,2326.1,2325.68,1715011620000,2,,0,,0,0,0,0,0,false
,3,2325.7967,0,2325.28,2326.27,2326.27,2325.28,1715011680000,3,,0,,0,0,0,0,0,false
,3,2326.0633,0,2326.07,2326.27,2326.27,2325.85,1715011740000,3,,0,,0,0,0,0,0,false
,2,2326.42,0,2326.49,2326.35,2326.49,2326.35,1715011800000,2,,0,,0,0,0,0,0,false
,3,2326.2833,0,2326.33,2326.31,2326.33,2326.21,1715011860000,3,,0,,0,0,0,0,0,false
,2,2326.3,0,2326.36,2326.24,2326.36,2326.24,1715011920000,2,,0,,0,0,0,0,0,false
,3,2326.29,0,2326.31,2326.1,2326.46,2326.1,1715011980000,3,,0,,0,0,0,0,0,false
,3,2326.43,0,2326.27,2326.45,2326.57,2326.27,1715012040000,3,,0,,0,0,0,0,0,false
,2,2326.885,0,2326.87,2326.9,2326.9,2326.87,1715012100000,2,,0,,0,0,0,0,0,false
,3,2326.74,0,2326.71,2326.64,2326.87,2326.64,1715012160000,3,,0,,0,0,0,0,0,false
,2,2325.73,0,2325.8,2325.66,2325.8,2325.66,1715012220000,2,,0,,0,0,0,0,0,false
,3,2326.1633,0,2326.64,2326.1,2326.64,2325.75,1715012280000,3,,0,,0,0,0,0,0,false
,3,2326.2267,0,2326.17,2325.76,2326.75,2325.76,1715012340000,3,,0,,0,0,0,0,0,false
,2,2326.305,0,2326.42,2326.19,2326.42,2326.19,1715012400000,2,,0,,0,0,0,0,0,false
,3,2326.3567,0,2326.1,2326.55,2326.55,2326.1,1715012460000,3,,0,,0,0,0,0,0,false
,3,2326.4867,0,2326.71,2326.85,2326.85,2325.9,1715012520000,3,,0,,0,0,0,0,0,false
,3,2326.8667,0,2326.19,2327.26,2327.26,2326.19,1715012580000,3,,0,,0,0,0,0,0,false
,3,2326.8667,0,2326.9,2327.26,2327.26,2326.44,1715012640000,3,,0,,0,0,0,0,0,false
,2,2326.665,0,2326.55,2326.78,2326.78,2326.55,1715012700000,2,,0,,0,0,0,0,0,false
,3,2326.1567,0,2326.45,2326.01,2326.45,2326.01,1715012760000,3,,0,,0,0,0,0,0,false
,2,2325.73,0,2325.95,2325.51,2325.95,2325.51,1715012820000,2,,0,,0,0,0,0,0,false
,3,2325.13,0,2324.8,2324.64,2325.95,2324.64,1715012880000,3,,0,,0,0,0,0,0,false
,3,2324.5733,0,2324.67,2324.51,2324.67,2324.51,1715012940000,3,,0,,0,0,0,0,0,false
,2,2324.745,0,2324.71,2324.78,2324.78,2324.71,1715013000000,2,,0,,0,0,0,0,0,false
,3,2324.5433,0,2324.46,2323.91,2325.26,2323.91,1715013060000,3,,0,,0,0,0,0,0,false
,2,2321.63,0,2323,2320.26,2323,2320.26,1715013120000,2,,0,,0,0,0,0,0,false
,3,2320.65,0,2319.46,2319.58,2322.91,2319.46,1715013180000,3,,0,,0,0,0,0,0,false
,3,2320.06,0,2320.36,2320.42,2320.42,2319.4,1715013240000,3,,0,,0,0,0,0,0,false
,2,2319.77,0,2319.27,2320.27,2320.27,2319.27,1715013300000,2,,0,,0,0,0,0,0,false
,3,2321.08,0,2321.69,2322.28,2322.28,2319.27,1715013360000,3,,0,,0,0,0,0,0,false
,2,2319.65,0,2319.04,2320.26,2320.26,2319.04,1715013420000,2,,0,,0,0,0,0,0,false
,4,2320.0275,0,2320.27,2319.95,2320.59,2319.3,1715013480000,4,,0,,0,0,0,0,0,false
,3,2320.0767,0,2320.11,2319.95,2320.17,2319.95,1715013540000,3,,0,,0,0,0,0,0,false
,2,2320.42,0,2320.21,2320.63,2320.63,2320.21,1715013600000,2,,0,,0,0,0,0,0,false
,3,2321.2367,0,2321.36,2322.14,2322.14,2320.21,1715013660000,3,,0,,0,0,0,0,0,false
,2,2321.935,0,2321.84,2322.03,2322.03,2321.84,1715013720000,2,,0,,0,0,0,0,0,false
,3,2321.61,0,2322.13,2322.09,2322.13,2320.61,1715013780000,3,,0,,0,0,0,0,0,false
,3,2321.6967,0,2322.13,2321.08,2322.13,2321.08,1715013840000,3,,0,,0,0,0,0,0,false
,2,2321.405,0,2321.75,2321.06,2321.75,2321.06,1715013900000,2,,0,,0,0,0,0,0,false
,3,2321.11,0,2320.97,2321.25,2321.25,2320.97,1715013960000,3,,0,,0,0,0,0,0,false
,2,2321.655,0,2321.57,2321.74,2321.74,2321.57,1715014020000,2,,0,,0,0,0,0,0,false
,3,2323.23,0,2323.73,2324.41,2324.41,2321.55,1715014080000,3,,0,,0,0,0,0,0,false
,3,2323.6467,0,2324.24,2322.37,2324.33,2322.37,1715014140000,3,,0,,0,0,0,0,0,false
,2,2323.76,0,2324.23,2323.29,2324.23,2323.29,1715014200000,2,,0,,0,0,0,0,0,false
,3,2323.3633,0,2323.47,2323.41,2323.47,2323.21,1715014260000,3,,0,,0,0,0,0,0,false
,2,2323.67,0,2324.07,2323.27,2324.07,2323.27,1715014320000,2,,0,,0,0,0,0,0,false
,3,2323.41,0,2323.24,2323.57,2323.57,2323.24,1715014380000,3,,0,,0,0,0,0,0,false
,3,2323.65,0,2323.93,2323.25,2323.93,2323.25,1715014440000,3,,0,,0,0,0,0,0,false
,2,2323.31,0,2323.38,2323.24,2323.38,2323.24,1715014500000,2,,0,,0,0,0,0,0,false
,3,2323.3167,0,2323.17,2323.4,2323.4,2323.17,1715014560000,3,,0,,0,0,0,0,0,false
,2,2323.86,0,2323.75,2323.97,2323.97,2323.75,1715014620000,2,,0,,0,0,0,0,0,false
,3,2324.33,0,2324.58,2324.71,2324.71,2323.7,1715014680000,3,,0,,0,0,0,0,0,false
,3,2324.9367,0,2324.96,2324.6,2325.25,2324.6,1715014740000,3,,0,,0,0,0,0,0,false
,2,2325.36,0,2325.38,2325.34,2325.38,2325.34,1715014800000,2,,0,,0,0,0,0,0,false
,2,2325.695,0,2326.01,2325.38,2326.01,2325.38,1715014860000,2,,0,,0,0,0,0,0,false
,2,2324.475,0,2324.5,2324.45,2324.5,2324.45,1715014920000,2,,0,,0,0,0,0,0,false
,3,2324.73,0,2324.99,2324.7,2324.99,2324.5,1715014980000,3,,0,,0,0,0,0,0,false
,3,2324.2567,0,2324.29,2324.7,2324.7,2323.78,1715015040000,3,,0,,0,0,0,0,0,false
,2,2324.13,0,2324.29,2323.97,2324.29,2323.97,1715015100000,2,,0,,0,0,0,0,0,false
,3,2324.5367,0,2324.35,2324.82,2324.82,2324.35,1715015160000,3,,0,,0,0,0,0,0,false
,2,2324.885,0,2324.86,2324.91,2324.91,2324.86,1715015220000,2,,0,,0,0,0,0,0,false
,3,2324.47,0,2324.38,2324.51,2324.52,2324.38,1715015280000,3,,0,,0,0,0,0,0,false
,3,2324.1333,0,2324.08,2324.51,2324.51,2323.81,1715015340000,3,,0,,0,0,0,0,0,false
,2,2323.47,0,2323.5,2323.44,2323.5,2323.44,1715015400000,2,,0,,0,0,0,0,0,false
,3,2324.1,0,2324.37,2324.43,2324.43,2323.5,1715015460000,3,,0,,0,0,0,0,0,false
,2,2324.63,0,2324.76,2324.5,2324.76,2324.5,1715015520000,2,,0,,0,0,0,0,0,false
,3,2324.18,0,2323.99,2324.4,2324.4,2323.99,1715015580000,3,,0,,0,0,0,0,0,false
,3,2324.2833,0,2324.31,2324.4,2324.4,2324.14,1715015640000,3,,0,,0,0,0,0,0,false
,2,2323.875,0,2324.23,2323.52,2324.23,2323.52,1715015700000,2,,0,,0,0,0,0,0,false
,3,2324.0567,0,2323.78,2324.16,2324.23,2323.78,1715015760000,3,,0,,0,0,0,0,0,false
,2,2323.825,0,2324,2323.65,2324,2323.65,1715015820000,2,,0,,0,0,0,0,0,false
,4,2323.8625,0,2324.12,2324.32,2324.32,2323.2,1715015880000,4,,0,,0,0,0,0,0,false
,3,2324.4433,0,2324.56,2324.34,2324.56,2324.34,1715015940000,3,,0,,0,0,0,0,0,false
,3,2324.3467,0,2324.47,2324.1,2324.47,2324.1,1715016000000,3,,0,,0,0,0,0,0,false
,3,2324.09,0,2323.76,2324.47,2324.47,2323.76,1715016060000,3,,0,,0,0,0,0,0,false
,2,2324.215,0,2324.26,2324.17,2324.26,2324.17,1715016120000,2,,0,,0,0,0,0,0,false
,3,2324.2333,0,2324.33,2324.11,2324.33,2324.11,1715016180000,3,,0,,0,0,0,0,0,false
,2,2323.545,0,2323.5,2323.59,2323.59,2323.5,1715016240000,2,,0,,0,0,0,0,0,false
,3,2322.94,0,2324.11,2322.17,2324.11,2322.17,1715016300000,3,,0,,0,0,0,0,0,false
,3,2322.4733,0,2322.3,2322.94,2322.94,2322.18,1715016360000,3,,0,,0,0,0,0,0,false
,2,2322.185,0,2322.41,2321.96,2322.41,2321.96,1715016420000,2,,0,,0,0,0,0,0,false
,4,2321.265,0,2320.95,2321.5,2322.41,2320.2,1715016480000,4,,0,,0,0,0,0,0,false
,2,2322.25,0,2321.96,2322.54,2322.54,2321.96,1715016540000,2,,0,,0,0,0,0,0,false
,3,2321.88,0,2321.5,2322.3,2322.3,2321.5,1715016600000,3,,0,,0,0,0,0,0,false
,3,2322.3067,0,2322.44,2321.85,2322.63,2321.85,1715016660000,3,,0,,0,0,0,0,0,false
,2,2323.22,0,2323.18,2323.26,2323.26,2323.18,1715016720000,2,,0,,0,0,0,0,0,false
,2,2323.075,0,2322.95,2323.2,2323.2,2322.95,1715016780000,2,,0,,0,0,0,0,0,false
,2,2323.025,0,2322.98,2323.07,2323.07,2322.98,1715016840000,2,,0,,0,0,0,0,0,false
,3,2323.1567,0,2323.2,2323.28,2323.28,2322.99,1715016900000,3,,0,,0,0,0,0,0,false
,3,2323.6467,0,2323.5,2323.28,2324.16,2323.28,1715016960000,3,,0,,0,0,0,0,0,false
,2,2324,0,2324.11,2323.89,2324.11,2323.89,1715017020000,2,,0,,0,0,0,0,0,false
,3,2324.0133,0,2323.93,2324.29,2324.29,2323.82,1715017080000,3,,0,,0,0,0,0,0,false
,2,2324.305,0,2324.32,2324.29,2324.32,2324.29,1715017140000,2,,0,,0,0,0,0,0,false
,3,2324.55,0,2324.29,2324.48,2324.88,2324.29,1715017200000,3,,0,,0,0,0,0,0,false
,3,2324.2767,0,2324.41,2324.48,2324.48,2323.94,1715017260000,3,,0,,0,0,0,0,0,false
,2,2323.74,0,2323.84,2323.64,2323.84,2323.64,1715017320000,2,,0,,0,0,0,0,0,false
,3,2323.7367,0,2323.53,2323.84,2323.84,2323.53,1715017380000,3,,0,,0,0,0,0,0,false
,2,2323.715,0,2323.79,2323.64,2323.79,2323.64,1715017440000,2,,0,,0,0,0,0,0,false
,3,2323.9433,0,2323.54,2324.28,2324.28,2323.54,1715017500000,3,,0,,0,0,0,0,0,false
,3,2324.6733,0,2324.51,2324.28,2325.23,2324.28,1715017560000,3,,0,,0,0,0,0,0,false
,2,2325.475,0,2325.34,2325.61,2325.61,2325.34,1715017620000,2,,0,,0,0,0,0,0,false
,3,2325.13,0,2325.35,2325.5,2325.5,2324.54,1715017680000,3,,0,,0,0,0,0,0,false
,2,2325.085,0,2325.31,2324.86,2325.31,2324.86,1715017740000,2,,0,,0,0,0,0,0,false
,4,2324.9325,0,2325.5,2325.16,2325.5,2324.1,1715017800000,4,,0,,0,0,0,0,0,false
,3,2325.2267,0,2325.32,2325.16,2325.32,2325.16,1715017860000,3,,0,,0,0,0,0,0,false
,2,2325.23,0,2325.21,2325.25,2325.25,2325.21,1715017920000,2,,0,,0,0,0,0,0,false
,3,2325.3567,0,2325.2,2325.66,2325.66,2325.2,1715017980000,3,,0,,0,0,0,0,0,false
,2,2325.5,0,2325.36,2325.64,2325.64,2325.36,1715018040000,2,,0,,0,0,0,0,0,false
,3,2325.33,0,2325.21,2325.3,2325.48,2325.21,1715018100000,3,,0,,0,0,0,0,0,false
,3,2325.11,0,2325.19,2325.3,2325.3,2324.84,1715018160000,3,,0,,0,0,0,0,0,false
,2,2325.16,0,2325.24,2325.08,2325.24,2325.08,1715018220000,2,,0,,0,0,0,0,0,false
,3,2324.9567,0,2324.8,2324.85,2325.22,2324.8,1715018280000,3,,0,,0,0,0,0,0,false
,2,2324.615,0,2324.57,2324.66,2324.66,2324.57,1715018340000,2,,0,,0,0,0,0,0,false
,3,2324.7467,0,2324.85,2324.63,2324.85,2324.63,1715018400000,3,,0,,0,0,0,0,0,false
,3,2325.1667,0,2325.41,2324.63,2325.46,2324.63,1715018460000,3,,0,,0,0,0,0,0,false
,2,2325.775,0,2325.79,2325.76,2325.79,2325.76,1715018520000,2,,0,,0,0,0,0,0,false
,3,2325.4267,0,2325.53,2325.41,2325.53,2325.34,1715018580000,3,,0,,0,0,0,0,0,false
,2,2325.22,0,2325.16,2325.28,2325.28,2325.16,1715018640000,2,,0,,0,0,0,0,0,false
,3,2325.3267,0,2325.41,2325.12,2325.45,2325.12,1715018700000,3,,0,,0,0,0,0,0,false
,3,2325.2867,0,2325.05,2325.44,2325.44,2325.05,1715018760000,3,,0,,0,0,0,0,0,false
,2,2325.34,0,2325.4,2325.28,2325.4,2325.28,1715018820000,2,,0,,0,0,0,0,0,false
,3,2325.13,0,2325.11,2325.2,2325.2,2325.08,1715018880000,3,,0,,0,0,0,0,0,false
,2,2324.825,0,2324.78,2324.87,2324.87,2324.78,1715018940000,2,,0,,0,0,0,0,0,false
,3,2324.8467,0,2325.2,2324.82,2325.2,2324.52,1715019000000,3,,0,,0,0,0,0,0,false
,3,2324.8233,0,2324.75,2324.82,2324.9,2324.75,1715019060000,3,,0,,0,0,0,0,0,false
,2,2324.77,0,2324.56,2324.98,2324.98,2324.56,1715019120000,2,,0,,0,0,0,0,0,false
,3,2325.0833,0,2325.03,2325.33,2325.33,2324.89,1715019180000,3,,0,,0,0,0,0,0,false
,2,2325.24,0,2325.3,2325.18,2325.3,2325.18,1715019240000,2,,0,,0,0,0,0,0,false
,3,2325.1033,0,2325.33,2325.07,2325.33,2324.91,1715019300000,3,,0,,0,0,0,0,0,false
,3,2324.9567,0,2325.05,2325.07,2325.07,2324.75,1715019360000,3,,0,,0,0,0,0,0,false
,2,2324.86,0,2324.8,2324.92,2324.92,2324.8,1715019420000,2,,0,,0,0,0,0,0,false
,3,2324.9167,0,2324.9,2325.05,2325.05,2324.8,1715019480000,3,,0,,0,0,0,0,0,false
,2,2325.335,0,2325.27,2325.4,2325.4,2325.27,1715019540000,2,,0,,0,0,0,0,0,false
,3,2325.52,0,2325.05,2325.87,2325.87,2325.05,1715019600000,3,,0,,0,0,0,0,0,false
,3,2325.8,0,2325.9,2325.87,2325.9,2325.63,1715019660000,3,,0,,0,0,0,0,0,false
,2,2325.815,0,2325.73,2325.9,2325.9,2325.73,1715019720000,2,,0,,0,0,0,0,0,false
,3,2325.6067,0,2325.66,2325.43,2325.73,2325.43,1715019780000,3,,0,,0,0,0,0,0,false
,2,2325.84,0,2325.8,2325.88,2325.88,2325.8,1715019840000,2,,0,,0,0,0,0,0,false
,2,2325.25,0,2325.4,2325.1,2325.4,2325.1,1715019900000,2,,0,,0,0,0,0,0,false
,3,2325.3067,0,2325.4,2325.23,2325.4,2325.23,1715019960000,3,,0,,0,0,0,0,0,false
,2,2325.335,0,2325.37,2325.3,2325.37,2325.3,1715020020000,2,,0,,0,0,0,0,0,false
,4,2325.2575,0,2325.44,2325.62,2325.62,2324.6,1715020080000,4,,0,,0,0,0,0,0,false
,2,2325.76,0,2325.65,2325.87,2325.87,2325.65,1715020140000,2,,0,,0,0,0,0,0,false
,3,2325.8267,0,2325.94,2325.89,2325.94,2325.65,1715020200000,3,,0,,0,0,0,0,0,false
,3,2325.41,0,2324.91,2325.89,2325.89,2324.91,1715020260000,3,,0,,0,0,0,0,0,false
,2,2325.7,0,2325.61,2325.79,2325.79,2325.61,1715020320000,2,,0,,0,0,0,0,0,false
,3,2325.7767,0,2326.01,2325.71,2326.01,2325.61,1715020380000,3,,0,,0,0,0,0,0,false
,2,2325.7,0,2325.49,2325.91,2325.91,2325.49,1715020440000,2,,0,,0,0,0,0,0,false
,3,2325.7467,0,2325.86,2325.89,2325.89,2325.49,1715020500000,3,,0,,0,0,0,0,0,false
,3,2325.4867,0,2325.59,2325.89,2325.89,2324.98,1715020560000,3,,0,,0,0,0,0,0,false
,2,2325.13,0,2325.22,2325.04,2325.22,2325.04,1715020620000,2,,0,,0,0,0,0,0,false
,3,2324.97,0,2324.84,2324.85,2325.22,2324.84,1715020680000,3,,0,,0,0,0,0,0,false
,2,2324.485,0,2324.73,2324.24,2324.73,2324.24,1715020740000,2,,0,,0,0,0,0,0,false
,3,2324.6667,0,2324.54,2324.73,2324.73,2324.54,1715020800000,3,,0,,0,0,0,0,0,false
,3,2324.6,0,2324.67,2324.73,2324.73,2324.4,1715020860000,3,,0,,0,0,0,0,0,false
,2,2324.235,0,2324.24,2324.23,2324.24,2324.23,1715020920000,2,,0,,0,0,0,0,0,false
,3,2324.4133,0,2324.45,2324.55,2324.55,2324.24,1715020980000,3,,0,,0,0,0,0,0,false
,2,2324.725,0,2324.71,2324.74,2324.74,2324.71,1715021040000,2,,0,,0,0,0,0,0,false
,3,2324.62,0,2324.67,2324.48,2324.71,2324.48,1715021100000,3,,0,,0,0,0,0,0,false
,3,2324.57,0,2324.47,2324.48,2324.76,2324.47,1715021160000,3,,0,,0,0,0,0,0,false
,2,2324.685,0,2324.45,2324.92,2324.92,2324.45,1715021220000,2,,0,,0,0,0,0,0,false
,3,2324.8833,0,2325.03,2325.17,2325.17,2324.45,1715021280000,3,,0,,0,0,0,0,0,false
,2,2325.13,0,2325.23,2325.03,2325.23,2325.03,1715021340000,2,,0,,0,0,0,0,0,false
,3,2325.0067,0,2324.88,2325.17,2325.17,2324.88,1715021400000,3,,0,,0,0,0,0,0,false
,3,2325.1267,0,2325.15,2325.17,2325.17,2325.06,1715021460000,3,,0,,0,0,0,0,0,false
,2,2324.845,0,2324.85,2324.84,2324.85,2324.84,1715021520000,2,,0,,0,0,0,0,0,false
,3,2324.9267,0,2324.93,2325,2325,2324.85,1715021580000,3,,0,,0,0,0,0,0,false
,2,2324.925,0,2324.88,2324.97,2324.97,2324.88,1715021640000,2,,0,,0,0,0,0,0,false
,3,2325.0633,0,2324.95,2325.36,2325.36,2324.88,1715021700000,3,,0,,0,0,0,0,0,false
,3,2325.2967,0,2325.48,2324.96,2325.48,2324.96,1715021760000,3,,0,,0,0,0,0,0,false
,2,2325.47,0,2325.47,2325.47,2325.47,2325.47,1715021820000,2,,0,,0,0,0,0,0,false
,3,2325.5367,0,2325.27,2325.87,2325.87,2325.27,1715021880000,3,,0,,0,0,0,0,0,false
,2,2326.235,0,2326.06,2326.41,2326.41,2326.06,1715021940000,2,,0,,0,0,0,0,0,false
,3,2325.7767,0,2325.92,2325.97,2325.97,2325.44,1715022000000,3,,0,,0,0,0,0,0,false
,3,2326.0233,0,2325.91,2325.97,2326.19,2325.91,1715022060000,3,,0,,0,0,0,0,0,false
,2,2325.64,0,2325.67,2325.61,2325.67,2325.61,1715022120000,2,,0,,0,0,0,0,0,false
,3,2325.43,0,2325.21,2325.27,2325.81,2325.21,1715022180000,3,,0,,0,0,0,0,0,false
,2,2325.295,0,2325.3,2325.29,2325.3,2325.29,1715022240000,2,,0,,0,0,0,0,0,false
,3,2325.34,0,2325.41,2325.31,2325.41,2325.3,1715022300000,3,,0,,0,0,0,0,0,false
,3,2325.5467,0,2325.43,2325.31,2325.9,2325.31,1715022360000,3,,0,,0,0,0,0,0,false
,2,2325.84,0,2325.94,2325.74,2325.94,2325.74,1715022420000,2,,0,,0,0,0,0,0,false
,3,2325.83,0,2325.98,2326.05,2326.05,2325.46,1715022480000,3,,0,,0,0,0,0,0,false
,2,2326.865,0,2326.79,2326.94,2326.94,2326.79,1715022540000,2,,0,,0,0,0,0,0,false
,3,2326.5067,0,2326.58,2326.59,2326.59,2326.35,1715022600000,3,,0,,0,0,0,0,0,false
,2,2326.47,0,2326.48,2326.46,2326.48,2326.46,1715022660000,2,,0,,0,0,0,0,0,false
,3,2326.4833,0,2326.59,2326.38,2326.59,2326.38,1715022720000,3,,0,,0,0,0,0,0,false
,3,2326.0533,0,2326.01,2325.67,2326.48,2325.67,1715022780000,3,,0,,0,0,0,0,0,false
,2,2325.275,0,2325.42,2325.13,2325.42,2325.13,1715022840000,2,,0,,0,0,0,0,0,false
,3,2324.6933,0,2324.39,2324.27,2325.42,2324.27,1715022900000,3,,0,,0,0,0,0,0,false
,2,2324.95,0,2324.72,2325.18,2325.18,2324.72,1715022960000,2,,0,,0,0,0,0,0,false
,3,2324.9033,0,2324.42,2325.19,2325.19,2324.42,1715023020000,3,,0,,0,0,0,0,0,false
,3,2324.9733,0,2324.76,2324.92,2325.24,2324.76,1715023080000,3,,0,,0,0,0,0,0,false
,2,2325.125,0,2325.17,2325.08,2325.17,2325.08,1715023140000,2,,0,,0,0,0,0,0,false
,3,2325.2333,0,2325.27,2325.26,2325.27,2325.17,1715023200000,3,,0,,0,0,0,0,0,false
,2,2325.22,0,2325.14,2325.3,2325.3,2325.14,1715023260000,2,,0,,0,0,0,0,0,false
,3,2324.9867,0,2325.26,2324.68,2325.26,2324.68,1715023320000,3,,0,,0,0,0,0,0,false
,3,2324.9,0,2324.77,2325.02,2325.02,2324.77,1715023380000,3,,0,,0,0,0,0,0,false
,2,2325.59,0,2325.4,2325.78,2325.78,2325.4,1715023440000,2,,0,,0,0,0,0,0,false
,3,2325.7267,0,2325.92,2326.05,2326.05,2325.21,1715023500000,3,,0,,0,0,0,0,0,false
,2,2325.68,0,2325.83,2325.53,2325.83,2325.53,1715023560000,2,,0,,0,0,0,0,0,false
,3,2325.73,0,2326.05,2325.55,2326.05,2325.55,1715023620000,3,,0,,0,0,0,0,0,false
,3,2325.2867,0,2325.11,2325.55,2325.55,2325.11,1715023680000,3,,0,,0,0,0,0,0,false
,2,2325.395,0,2325.39,2325.4,2325.4,2325.39,1715023740000,2,,0,,0,0,0,0,0,false
,3,2325.3267,0,2325.5,2325.09,2325.5,2325.09,1715023800000,3,,0,,0,0,0,0,0,false
,2,2324.925,0,2324.9,2324.95,2324.95,2324.9,1715023860000,2,,0,,0,0,0,0,0,false
,3,2325.2333,0,2325.49,2325.06,2325.49,2325.06,1715023920000,3,,0,,0,0,0,0,0,false
,3,2325.2433,0,2325.12,2325.06,2325.55,2325.06,1715023980000,3,,0,,0,0,0,0,0,false
,2,2325.535,0,2325.55,2325.52,2325.55,2325.52,1715024040000,2,,0,,0,0,0,0,0,false
,3,2325.42,0,2325.45,2325.66,2325.66,2325.15,1715024100000,3,,0,,0,0,0,0,0,false
,2,2325.76,0,2325.77,2325.75,2325.77,2325.75,1715024160000,2,,0,,0,0,0,0,0,false
,3,2325.4867,0,2325.66,2325.18,2325.66,2325.18,1715024220000,3,,0,,0,0,0,0,0,false
,3,2325.2,0,2324.94,2325.61,2325.61,2324.94,1715024280000,3,,0,,0,0,0,0,0,false
,2,2325.025,0,2325.07,2324.98,2325.07,2324.98,1715024340000,2,,0,,0,0,0,0,0,false
,3,2324.5767,0,2324.53,2324.13,2325.07,2324.13,1715024400000,3,,0,,0,0,0,0,0,false
,2,2323.97,0,2324.28,2323.66,2324.28,2323.66,1715024460000,2,,0,,0,0,0,0,0,false
,3,2323.8667,0,2324.33,2323.5,2324.33,2323.5,1715024520000,3,,0,,0,0,0,0,0,false
,3,2323.58,0,2323.47,2323.5,2323.77,2323.47,1715024580000,3,,0,,0,0,0,0,0,false
,2,2323.665,0,2323.7,2323.63,2323.7,2323.63,1715024640000,2,,0,,0,0,0,0,0,false
,3,2323.5767,0,2323.61,2323.42,2323.7,2323.42,1715024700000,3,,0,,0,0,0,0,0,false
,1,2323.66,0,2323.66,2323.66,2323.66,2323.66,1715024760000,1,,0,,0,0,0,0,0,false
,3,2323.68,0,2323.42,2323.75,2323.87,2323.42,1715024820000,3,,0,,0,0,0,0,0,false
,3,2323.8333,0,2323.78,2323.75,2323.97,2323.75,1715024880000,3,,0,,0,0,0,0,0,false
,2,2323.88,0,2323.96,2323.8,2323.96,2323.8,1715024940000,2,,0,,0,0,0,0,0,false
,3,2323.87,0,2323.91,2323.74,2323.96,2323.74,1715025000000,3,,0,,0,0,0,0,0,false
,2,2323.695,0,2323.73,2323.66,2323.73,2323.66,1715025060000,2,,0,,0,0,0,0,0,false
,3,2323.8667,0,2323.74,2323.9,2323.96,2323.74,1715025120000,3,,0,,0,0,0,0,0,false
,3,2324.1933,0,2324.46,2323.9,2324.46,2323.9,1715025180000,3,,0,,0,0,0,0,0,false
,2,2324.445,0,2324.34,2324.55,2324.55,2324.34,1715025240000,2,,0,,0,0,0,0,0,false
,3,2324.2767,0,2324.69,2324.13,2324.69,2324.01,1715025300000,3,,0,,0,0,0,0,0,false
,2,2324.15,0,2324.11,2324.19,2324.19,2324.11,1715025360000,2,,0,,0,0,0,0,0,false
,3,2324.26,0,2324.13,2324.34,2324.34,2324.13,1715025420000,3,,0,,0,0,0,0,0,false
,3,2324.64,0,2324.59,2324.34,2324.99,2324.34,1715025480000,3,,0,,0,0,0,0,0,false
,2,2325.07,0,2325.23,2324.91,2325.23,2324.91,1715025540000,2,,0,,0,0,0,0,0,false
,3,2325.0033,0,2325.13,2325.26,2325.26,2324.62,1715025600000,3,,0,,0,0,0,0,0,false
,2,2325.045,0,2325.11,2324.98,2325.11,2324.98,1715025660000,2,,0,,0,0,0,0,0,false
,3,2325.08,0,2325.26,2324.96,2325.26,2324.96,1715025720000,3,,0,,0,0,0,0,0,false
,3,2324.9,0,2324.82,2324.96,2324.96,2324.82,1715025780000,3,,0,,0,0,0,0,0,false
,2,2325.08,0,2325.04,2325.12,2325.12,2325.04,1715025840000,2,,0,,0,0,0,0,0,false
,3,2325.1,0,2324.95,2325.31,2325.31,2324.95,1715025900000,3,,0,,0,0,0,0,0,false
,2,2325.645,0,2325.66,2325.63,2325.66,2325.63,1715025960000,2,,0,,0,0,0,0,0,false
,3,2325.4,0,2324.96,2325.55,2325.69,2324.96,1715026020000,3,,0,,0,0,0,0,0,false
,3,2325.55,0,2325.74,2325.55,2325.74,2325.36,1715026080000,3,,0,,0,0,0,0,0,false
,2,2325.25,0,2325.36,2325.14,2325.36,2325.14,1715026140000,2,,0,,0,0,0,0,0,false
,3,2325.26,0,2325.26,2325.16,2325.36,2325.16,1715026200000,3,,0,,0,0,0,0,0,false
,2,2325.175,0,2325.2,2325.15,2325.2,2325.15,1715026260000,2,,0,,0,0,0,0,0,false
,3,2324.99,0,2325.16,2324.88,2325.16,2324.88,1715026320000,3,,0,,0,0,0,0,0,false
,3,2324.8467,0,2324.79,2324.88,2324.88,2324.79,1715026380000,3,,0,,0,0,0,0,0,false
,2,2324.78,0,2324.79,2324.77,2324.79,2324.77,1715026440000,2,,0,,0,0,0,0,0,false
,3,2324.9067,0,2324.98,2324.95,2324.98,2324.79,1715026500000,3,,0,,0,0,0,0,0,false
,2,2325.115,0,2325.08,2325.15,2325.15,2325.08,1715026560000,2,,0,,0,0,0,0,0,false
,3,2325.0567,0,2324.95,2325.06,2325.16,2324.95,1715026620000,3,,0,,0,0,0,0,0,false
,3,2325.8033,0,2324.88,2325.06,2327.47,2324.88,1715026680000,3,,0,,0,0,0,0,0,false
,3,2327.5867,0,2328.42,2326.84,2328.42,2326.84,1715026740000,3,,0,,0,0,0,0,0,false
,3,2325.0867,0,2325.74,2324.61,2325.74,2324.61,1715026800000,3,,0,,0,0,0,0,0,false
,2,2325.17,0,2325.18,2325.16,2325.18,2325.16,1715026860000,2,,0,,0,0,0,0,0,false
,3,2324.7733,0,2325.1,2324.92,2325.1,2324.3,1715026920000,3,,0,,0,0,0,0,0,false
,3,2324.7833,0,2324.77,2324.92,2324.92,2324.66,1715026980000,3,,0,,0,0,0,0,0,false
,2,2324.805,0,2324.9,2324.71,2324.9,2324.71,1715027040000,2,,0,,0,0,0,0,0,false
,3,2324.6933,0,2324.55,2324.63,2324.9,2324.55,1715027100000,3,,0,,0,0,0,0,0,false
,2,2324.875,0,2324.79,2324.96,2324.96,2324.79,1715027160000,2,,0,,0,0,0,0,0,false
,2,2324.725,0,2324.62,2324.83,2324.83,2324.62,1715027220000,2,,0,,0,0,0,0,0,false
,3,2324.84,0,2324.84,2324.83,2324.85,2324.83,1715027280000,3,,0,,0,0,0,0,0,false
,2,2324.89,0,2324.95,2324.83,2324.95,2324.83,1715027340000,2,,0,,0,0,0,0,0,false
,3,2324.77,0,2324.76,2324.6,2324.95,2324.6,1715027400000,3,,0,,0,0,0,0,0,false
,3,2324.27,0,2324.5,2324.61,2324.61,2323.7,1715027460000,3,,0,,0,0,0,0,0,false
,3,2324.6367,0,2324.72,2324.69,2324.72,2324.5,1715027520000,3,,0,,0,0,0,0,0,false
,4,2324.43,0,2324.61,2324.69,2324.69,2323.9,1715027580000,4,,0,,0,0,0,0,0,false
,2,2324.675,0,2324.74,2324.61,2324.74,2324.61,1715027640000,2,,0,,0,0,0,0,0,false
,3,2324.83,0,2324.71,2325.04,2325.04,2324.71,1715027700000,3,,0,,0,0,0,0,0,false
,2,2325.01,0,2324.96,2325.06,2325.06,2324.96,1715027760000,2,,0,,0,0,0,0,0,false
,4,2324.715,0,2324.96,2324,2324.96,2324,1715027820000,4,,0,,0,0,0,0,0,false
,4,2325.035,0,2325.36,2324.94,2325.44,2324.4,1715027880000,4,,0,,0,0,0,0,0,false
,2,2325.5,0,2325.5,2325.5,2325.5,2325.5,1715027940000,2,,0,,0,0,0,0,0,false
,3,2325.6067,0,2325.66,2325.66,2325.66,2325.5,1715028000000,3,,0,,0,0,0,0,0,false
,2,2325.305,0,2325.36,2325.25,2325.36,2325.25,1715028060000,2,,0,,0,0,0,0,0,false
,3,2325.4167,0,2325.36,2325.53,2325.53,2325.36,1715028120000,3,,0,,0,0,0,0,0,false
,3,2325.4167,0,2325.36,2325.53,2325.53,2325.36,1715028180000,3,,0,,0,0,0,0,0,false
,2,2325.355,0,2325.36,2325.35,2325.36,2325.35,1715028240000,2,,0,,0,0,0,0,0,false
,3,2325.3933,0,2325.36,2325.46,2325.46,2325.36,1715028300000,3,,0,,0,0,0,0,0,false
,2,2325.375,0,2325.51,2325.24,2325.51,2325.24,1715028360000,2,,0,,0,0,0,0,0,false
,3,2325.42,0,2325.62,2325.13,2325.62,2325.13,1715028420000,3,,0,,0,0,0,0,0,false
,3,2325.13,0,2325.12,2325.21,2325.21,2325.06,1715028480000,3,,0,,0,0,0,0,0,false
,2,2325.46,0,2325.56,2325.36,2325.56,2325.36,1715028540000,2,,0,,0,0,0,0,0,false
,3,2325.0833,0,2325.18,2324.69,2325.38,2324.69,1715028600000,3,,0,,0,0,0,0,0,false
,3,2324.1267,0,2324.28,2324.3,2324.3,2323.8,1715028660000,3,,0,,0,0,0,0,0,false
,3,2323.89,0,2323.61,2323.53,2324.53,2323.53,1715028720000,3,,0,,0,0,0,0,0,false
,3,2323.81,0,2323.82,2323.59,2324.02,2323.59,1715028780000,3,,0,,0,0,0,0,0,false
,2,2323.93,0,2323.93,2323.93,2323.93,2323.93,1715028840000,2,,0,,0,0,0,0,0,false
,3,2323.9867,0,2324.15,2323.88,2324.15,2323.88,1715028900000,3,,0,,0,0,0,0,0,false
,1,2323.93,0,2323.93,2323.93,2323.93,2323.93,1715028960000,1,,0,,0,0,0,0,0,false
,3,2323.77,0,2323.66,2323.72,2323.93,2323.66,1715029020000,3,,0,,0,0,0,0,0,false
,2,2323.67,0,2323.63,2323.71,2323.71,2323.63,1715029080000,2,,0,,0,0,0,0,0,false
,2,2323.715,0,2323.72,2323.71,2323.72,2323.71,1715029140000,2,,0,,0,0,0,0,0,false
,2,2323.67,0,2323.71,2323.63,2323.71,2323.63,1715029200000,2,,0,,0,0,0,0,0,false
,2,2324.14,0,2324.12,2324.16,2324.16,2324.12,1715032860000,2,,0,,0,0,0,0,0,false
,3,2324.3033,0,2324.69,2324.21,2324.69,2324.01,1715032920000,3,,0,,0,0,0,0,0,false
,3,2324.21,0,2323.5,2324.72,2324.72,2323.5,1715032980000,3,,0,,0,0,0,0,0,false
,3,2324.56,0,2324.21,2324.69,2324.78,2324.21,1715033040000,3,,0,,0,0,0,0,0,false
,3,2324.9067,0,2324.85,2324.69,2325.18,2324.69,1715033100000,3,,0,,0,0,0,0,0,false
,2,2325.545,0,2325.45,2325.64,2325.64,2325.45,1715033160000,2,,0,,0,0,0,0,0,false
,3,2325.75,0,2326.11,2326.26,2326.26,2324.88,1715033220000,3,,0,,0,0,0,0,0,false
,2,2326.185,0,2326.18,2326.19,2326.19,2326.18,1715033280000,2,,0,,0,0,0,0,0,false
,3,2326.1633,0,2326.02,2326.26,2326.26,2326.02,1715033340000,3,,0,,0,0,0,0,0,false
,4,2325.3625,0,2325.45,2326.26,2326.26,2324.4,1715033400000,4,,0,,0,0,0,0,0,false
,2,2325.67,0,2325.56,2325.78,2325.78,2325.56,1715033460000,2,,0,,0,0,0,0,0,false
,3,2325.71,0,2325.79,2325.78,2325.79,2325.56,1715033520000,3,,0,,0,0,0,0,0,false
,2,2325.71,0,2325.78,2325.64,2325.78,2325.64,1715033580000,2,,0,,0,0,0,0,0,false
,3,2327.76,0,2327.86,2327.56,2327.86,2327.56,1715041620000,3,,0,,0,0,0,0,0,false
,2,2327.76,0,2327.86,2327.66,2327.86,2327.66,1715041680000,2,,0,,0,0,0,0,0,false
,3,2327.73,0,2327.51,2327.78,2327.9,2327.51,1715041740000,3,,0,,0,0,0,0,0,false
,2,2327.75,0,2327.9,2327.6,2327.9,2327.6,1715041800000,2,,0,,0,0,0,0,0,false
,4,2327.4,0,2327.6,2327.42,2327.78,2326.8,1715041860000,4,,0,,0,0,0,0,0,false
,2,2327.575,0,2327.52,2327.63,2327.63,2327.52,1715041920000,2,,0,,0,0,0,0,0,false
,3,2327.2833,0,2327.42,2327.13,2327.42,2327.13,1715041980000,3,,0,,0,0,0,0,0,false
,3,2327.1133,0,2327.11,2326.92,2327.31,2326.92,1715042040000,3,,0,,0,0,0,0,0,false
,2,2327.115,0,2326.95,2327.28,2327.28,2326.95,1715042100000,2,,0,,0,0,0,0,0,false
,3,2327.1033,0,2327.32,2327.04,2327.32,2326.95,1715042160000,3,,0,,0,0,0,0,0,false
,2,2326.845,0,2327.03,2326.66,2327.03,2326.66,1715042220000,2,,0,,0,0,0,0,0,false
,3,2326.92,0,2327.04,2326.87,2327.04,2326.85,1715042280000,3,,0,,0,0,0,0,0,false
,3,2326.7633,0,2326.79,2326.75,2326.79,2326.75,1715042340000,3,,0,,0,0,0,0,0,false
,2,2326.885,0,2326.78,2326.99,2326.99,2326.78,1715042400000,2,,0,,0,0,0,0,0,false
,3,2326.7367,0,2326.63,2326.8,2326.8,2326.63,1715042460000,3,,0,,0,0,0,0,0,false
,2,2326.6,0,2326.58,2326.62,2326.62,2326.58,1715042520000,2,,0,,0,0,0,0,0,false
,4,2326.4675,0,2326.8,2326.64,2326.8,2325.8,1715042580000,4,,0,,0,0,0,0,0,false
,3,2326.4967,0,2326.28,2326.58,2326.63,2326.28,1715042640000,3,,0,,0,0,0,0,0,false
,2,2326.92,0,2326.91,2326.93,2326.93,2326.91,1715042700000,2,,0,,0,0,0,0,0,false
,3,2327,0,2327.04,2327.08,2327.08,2326.88,1715042760000,3,,0,,0,0,0,0,0,false
,2,2326.575,0,2326.49,2326.66,2326.66,2326.49,1715042820000,2,,0,,0,0,0,0,0,false
,3,2326.97,0,2327.08,2326.93,2327.08,2326.9,1715042880000,3,,0,,0,0,0,0,0,false
,3,2327.0467,0,2327.06,2327.18,2327.18,2326.9,1715042940000,3,,0,,0,0,0,0,0,false
,2,2327.68,0,2327.54,2327.82,2327.82,2327.54,1715043000000,2,,0,,0,0,0,0,0,false
,3,2327.7233,0,2327.69,2328,2328,2327.48,1715043060000,3,,0,,0,0,0,0,0,false
,2,2328.135,0,2327.96,2328.31,2328.31,2327.96,1715043120000,2,,0,,0,0,0,0,0,false
,3,2328.1233,0,2328.01,2328.01,2328.35,2328.01,1715043180000,3,,0,,0,0,0,0,0,false
,3,2328.34,0,2328.32,2328.36,2328.36,2328.32,1715043240000,3,,0,,0,0,0,0,0,false
,2,2328.725,0,2328.79,2328.66,2328.79,2328.66,1715043300000,2,,0,,0,0,0,0,0,false
,3,2328.7667,0,2328.68,2328.96,2328.96,2328.66,1715043360000,3,,0,,0,0,0,0,0,false
,2,2328.7,0,2328.58,2328.82,2328.82,2328.58,1715043420000,2,,0,,0,0,0,0,0,false
,3,2328.8767,0,2328.96,2328.96,2328.96,2328.71,1715043480000,3,,0,,0,0,0,0,0,false
,3,2328.8567,0,2328.86,2329,2329,2328.71,1715043540000,3,,0,,0,0,0,0,0,false
,3,2328.32,0,2328.56,2328.8,2328.8,2327.6,1715043600000,3,,0,,0,0,0,0,0,false
,3,2328.7767,0,2328.76,2328.89,2328.89,2328.68,1715043660000,3,,0,,0,0,0,0,0,false
,2,2328.62,0,2328.54,2328.7,2328.7,2328.54,1715043720000,2,,0,,0,0,0,0,0,false
,3,2328.4033,0,2328.89,2328.12,2328.89,2328.12,1715043780000,3,,0,,0,0,0,0,0,false
,3,2328.28,0,2328.37,2328.09,2328.38,2328.09,1715043840000,3,,0,,0,0,0,0,0,false
,2,2327.395,0,2327.9,2326.89,2327.9,2326.89,1715043900000,2,,0,,0,0,0,0,0,false
,3,2327.0733,0,2326.72,2326.6,2327.9,2326.6,1715043960000,3,,0,,0,0,0,0,0,false
,2,2326.635,0,2326.66,2326.61,2326.66,2326.61,1715044020000,2,,0,,0,0,0,0,0,false
,3,2326.83,0,2326.88,2327.04,2327.04,2326.57,1715044080000,3,,0,,0,0,0,0,0,false
,3,2327.3833,0,2327.57,2328.01,2328.01,2326.57,1715044140000,3,,0,,0,0,0,0,0,false
,2,2328.315,0,2328.7,2327.93,2328.7,2327.93,1715044200000,2,,0,,0,0,0,0,0,false
,3,2327.5133,0,2327.83,2328,2328,2326.71,1715044260000,3,,0,,0,0,0,0,0,false
,2,2329.505,0,2329.29,2329.72,2329.72,2329.29,1715044320000,2,,0,,0,0,0,0,0,false
,3,2328.4233,0,2328,2328.15,2329.12,2328,1715044380000,3,,0,,0,0,0,0,0,false
,2,2327.86,0,2327.96,2327.76,2327.96,2327.76,1715044440000,2,,0,,0,0,0,0,0,false
,2,2327.89,0,2327.72,2328.06,2328.06,2327.72,1715044500000,2,,0,,0,0,0,0,0,false
,3,2327.9833,0,2328.04,2328.19,2328.19,2327.72,1715044560000,3,,0,,0,0,0,0,0,false
,2,2327.37,0,2327.3,2327.44,2327.44,2327.3,1715044620000,2,,0,,0,0,0,0,0,false
,3,2327.6933,0,2328.19,2327.51,2328.19,2327.38,1715044680000,3,,0,,0,0,0,0,0,false
,3,2327.2233,0,2327.41,2326.88,2327.41,2326.88,1715044740000,3,,0,,0,0,0,0,0,false
,2,2326.165,0,2326.49,2325.84,2326.49,2325.84,1715044800000,2,,0,,0,0,0,0,0,false
,3,2326.5267,0,2326.41,2326.41,2326.76,2326.41,1715044860000,3,,0,,0,0,0,0,0,false
,2,2326.195,0,2326.02,2326.37,2326.37,2326.02,1715044920000,2,,0,,0,0,0,0,0,false
,3,2326.1867,0,2326.41,2325.79,2326.41,2325.79,1715044980000,3,,0,,0,0,0,0,0,false
,3,2325.69,0,2325.38,2325.33,2326.36,2325.33,1715045040000,3,,0,,0,0,0,0,0,false
,2,2325.665,0,2325.6,2325.73,2325.73,2325.6,1715045100000,2,,0,,0,0,0,0,0,false
,3,2325.4467,0,2325.62,2325.12,2325.62,2325.12,1715045160000,3,,0,,0,0,0,0,0,false
,2,2325.08,0,2325.08,2325.08,2325.08,2325.08,1715045220000,2,,0,,0,0,0,0,0,false
,4,2325.385,0,2325.61,2325.73,2325.73,2324.6,1715045280000,4,,0,,0,0,0,0,0,false
,4,2325.365,0,2325.73,2325.65,2325.73,2324.7,1715045340000,4,,0,,0,0,0,0,0,false
,2,2325.28,0,2325.22,2325.34,2325.34,2325.22,1715045400000,2,,0,,0,0,0,0,0,false
,3,2324.87,0,2324.76,2324.66,2325.19,2324.66,1715045460000,3,,0,,0,0,0,0,0,false
,2,2325.34,0,2325.34,2325.34,2325.34,2325.34,1715045520000,2,,0,,0,0,0,0,0,false
,3,2325.5033,0,2324.66,2325.87,2325.98,2324.66,1715045580000,3,,0,,0,0,0,0,0,false
,2,2326.055,0,2326.06,2326.05,2326.06,2326.05,1715045640000,2,,0,,0,0,0,0,0,false
,2,2325.67,0,2325.9,2325.44,2325.9,2325.44,1715045700000,2,,0,,0,0,0,0,0,false
,3,2325.43,0,2325.39,2325,2325.9,2325,1715045760000,3,,0,,0,0,0,0,0,false
,2,2325.34,0,2325.18,2325.5,2325.5,2325.18,1715045820000,2,,0,,0,0,0,0,0,false
,3,2325.89,0,2325.38,2326.19,2326.19,2325.38,1715045880000,3,,0,,0,0,0,0,0,false
,3,2325.8,0,2325.88,2325.68,2325.88,2325.68,1715045940000,3,,0,,0,0,0,0,0,false
,2,2325.775,0,2326.11,2325.44,2326.11,2325.44,1715046000000,2,,0,,0,0,0,0,0,false
,3,2325.5767,0,2324.95,2325.67,2326.11,2324.95,1715046060000,3,,0,,0,0,0,0,0,false
,2,2325.77,0,2326.04,2325.5,2326.04,2325.5,1715046120000,2,,0,,0,0,0,0,0,false
,4,2325.005,0,2324.96,2325.19,2325.47,2324.4,1715046180000,4,,0,,0,0,0,0,0,false
,3,2324.9167,0,2324.92,2325.19,2325.19,2324.64,1715046240000,3,,0,,0,0,0,0,0,false
,2,2324.855,0,2324.84,2324.87,2324.87,2324.84,1715046300000,2,,0,,0,0,0,0,0,false
,3,2324.7467,0,2324.45,2324.95,2324.95,2324.45,1715046360000,3,,0,,0,0,0,0,0,false
,2,2324.905,0,2324.95,2324.86,2324.95,2324.86,1715046420000,2,,0,,0,0,0,0,0,false
,3,2324.66,0,2324.88,2324.65,2324.88,2324.45,1715046480000,3,,0,,0,0,0,0,0,false
